file,model,class_name,confidence,x1,y1,x2,y2
anuragraj03__Nhh_img_193_jpg.rf.2efe1377c575fad6e5632a99ea769798,yolo,helmet,0.8549163937568665,0.2994704723358154,0.13464394675360786,0.3820206880569458,0.23849610222710504
anuragraj03__Nhh_img_193_jpg.rf.2efe1377c575fad6e5632a99ea769798,ollama,person,,,,,
anuragraj03__Nhh_img_193_jpg.rf.2efe1377c575fad6e5632a99ea769798,ollama,helmet,,,,,
anuragraj03__Nhh_img_193_jpg.rf.2efe1377c575fad6e5632a99ea769798,ollama,vest,,,,,
anuragraj03__Nhh_img_193_jpg.rf.2efe1377c575fad6e5632a99ea769798,ollama,no-gloves,,,,,
anuragraj03__Nhh_img_193_jpg.rf.2efe1377c575fad6e5632a99ea769798,ollama,no-boots,,,,,
anuragraj03__Nhh_img_193_jpg.rf.2efe1377c575fad6e5632a99ea769798,qwen3-vl,person,,,,,
anuragraj03__Nhh_img_193_jpg.rf.2efe1377c575fad6e5632a99ea769798,qwen3-vl,helmet,,,,,
anuragraj03__Nhh_img_193_jpg.rf.2efe1377c575fad6e5632a99ea769798,qwen3-vl,boots,,,,,
anuragraj03__Nhh_img_193_jpg.rf.2efe1377c575fad6e5632a99ea769798,qwen3-vl,no-gloves,,,,,
anuragraj03__Nhh_img_193_jpg.rf.2efe1377c575fad6e5632a99ea769798,gemma4,person,,,,,
anuragraj03__Nhh_img_193_jpg.rf.2efe1377c575fad6e5632a99ea769798,gemma4,helmet,,,,,
anuragraj03__Nhh_img_193_jpg.rf.2efe1377c575fad6e5632a99ea769798,gemma4,boots,,,,,
anuragraj03__Nhh_img_193_jpg.rf.2efe1377c575fad6e5632a99ea769798,gemma4,no-gloves,,,,,
anuragraj03__Nhh_img_193_jpg.rf.2efe1377c575fad6e5632a99ea769798,gemma4,no-vest,,,,,
anuragraj03__Nhh_img_193_jpg.rf.2efe1377c575fad6e5632a99ea769798,minicpm-v,person,,,,,
anuragraj03__Nhh_img_193_jpg.rf.2efe1377c575fad6e5632a99ea769798,minicpm-v,helmet,,,,,
anuragraj03__Nhh_img_193_jpg.rf.2efe1377c575fad6e5632a99ea769798,minicpm-v,gloves,,,,,
anuragraj03__Nhh_img_193_jpg.rf.2efe1377c575fad6e5632a99ea769798,minicpm-v,no-boots,,,,,
anuragraj03__PP02img1002_jpg.rf.62e25de0e2eeb6b0861ca6a12222ad20,yolo,gloves,0.8783174753189087,0.38413190841674805,0.7047311570909288,0.47298393249511717,0.8384620666503906
anuragraj03__PP02img1002_jpg.rf.62e25de0e2eeb6b0861ca6a12222ad20,yolo,gloves,0.8668569922447205,0.1563594102859497,0.3586503346761068,0.22726831436157227,0.45608868069118924
anuragraj03__PP02img1002_jpg.rf.62e25de0e2eeb6b0861ca6a12222ad20,yolo,gloves,0.8348011374473572,0.20756893157958983,0.6035840352376302,0.2980902671813965,0.692706807454427
anuragraj03__PP02img1002_jpg.rf.62e25de0e2eeb6b0861ca6a12222ad20,yolo,no-gloves,0.6552342772483826,0.6544977188110351,0.33424610561794704,0.7017995834350585,0.4496972401936849
anuragraj03__PP02img1002_jpg.rf.62e25de0e2eeb6b0861ca6a12222ad20,ollama,person,,,,,
anuragraj03__PP02img1002_jpg.rf.62e25de0e2eeb6b0861ca6a12222ad20,qwen3-vl,person,,,,,
anuragraj03__PP02img1002_jpg.rf.62e25de0e2eeb6b0861ca6a12222ad20,qwen3-vl,gloves,,,,,
anuragraj03__PP02img1002_jpg.rf.62e25de0e2eeb6b0861ca6a12222ad20,qwen3-vl,no-helmet,,,,,
anuragraj03__PP02img1002_jpg.rf.62e25de0e2eeb6b0861ca6a12222ad20,qwen3-vl,no-boots,,,,,
anuragraj03__PP02img1002_jpg.rf.62e25de0e2eeb6b0861ca6a12222ad20,qwen3-vl,no-vest,,,,,
anuragraj03__PP02img1002_jpg.rf.62e25de0e2eeb6b0861ca6a12222ad20,gemma4,person,,,,,
anuragraj03__PP02img1002_jpg.rf.62e25de0e2eeb6b0861ca6a12222ad20,gemma4,helmet,,,,,
anuragraj03__PP02img1002_jpg.rf.62e25de0e2eeb6b0861ca6a12222ad20,gemma4,gloves,,,,,
anuragraj03__PP02img1002_jpg.rf.62e25de0e2eeb6b0861ca6a12222ad20,gemma4,boots,,,,,
anuragraj03__PP02img1002_jpg.rf.62e25de0e2eeb6b0861ca6a12222ad20,gemma4,vest,,,,,
anuragraj03__PP02img1002_jpg.rf.62e25de0e2eeb6b0861ca6a12222ad20,minicpm-v,person,,,,,
anuragraj03__PP02img1002_jpg.rf.62e25de0e2eeb6b0861ca6a12222ad20,minicpm-v,gloves,,,,,
anuragraj03__PP02img1002_jpg.rf.62e25de0e2eeb6b0861ca6a12222ad20,minicpm-v,boots,,,,,
anuragraj03__PP02img471_jpg.rf.1677e50491967a23c5f760cea6600487,yolo,no-gloves,0.8594610691070557,0.7280016422271729,0.41526747809516057,0.822911262512207,0.5133345709906684
anuragraj03__PP02img471_jpg.rf.1677e50491967a23c5f760cea6600487,yolo,no-gloves,0.8431733846664429,0.5268473625183105,0.18892635769314237,0.6182481288909912,0.2607763926188151
anuragraj03__PP02img471_jpg.rf.1677e50491967a23c5f760cea6600487,yolo,gloves,0.8414413332939148,0.5501237869262695,0.6433870103624132,0.6100170612335205,0.7911187913682726
anuragraj03__PP02img471_jpg.rf.1677e50491967a23c5f760cea6600487,yolo,no-gloves,0.8305478692054749,0.22532200813293457,0.47190941704644096,0.3296992063522339,0.5866781446668837
anuragraj03__PP02img471_jpg.rf.1677e50491967a23c5f760cea6600487,yolo,gloves,0.8190562129020691,0.6133669376373291,0.7172295464409723,0.7193964004516602,0.8357613457573785
anuragraj03__PP02img471_jpg.rf.1677e50491967a23c5f760cea6600487,yolo,no-gloves,0.7643309831619263,0.3913500547409058,0.2239987055460612,0.4588597297668457,0.298666869269477
anuragraj03__PP02img471_jpg.rf.1677e50491967a23c5f760cea6600487,yolo,no-gloves,0.7317814230918884,0.12708659172058107,0.45390663146972654,0.20465528964996338,0.5952184041341145
anuragraj03__PP02img471_jpg.rf.1677e50491967a23c5f760cea6600487,ollama,person,,,,,
anuragraj03__PP02img471_jpg.rf.1677e50491967a23c5f760cea6600487,ollama,helmet,,,,,
anuragraj03__PP02img471_jpg.rf.1677e50491967a23c5f760cea6600487,ollama,boots,,,,,
anuragraj03__PP02img471_jpg.rf.1677e50491967a23c5f760cea6600487,ollama,vest,,,,,
anuragraj03__PP02img471_jpg.rf.1677e50491967a23c5f760cea6600487,ollama,no-helmet,,,,,
anuragraj03__PP02img471_jpg.rf.1677e50491967a23c5f760cea6600487,ollama,no-gloves,,,,,
anuragraj03__PP02img471_jpg.rf.1677e50491967a23c5f760cea6600487,qwen3-vl,person,,,,,
anuragraj03__PP02img471_jpg.rf.1677e50491967a23c5f760cea6600487,qwen3-vl,gloves,,,,,
anuragraj03__PP02img471_jpg.rf.1677e50491967a23c5f760cea6600487,qwen3-vl,no-helmet,,,,,
anuragraj03__PP02img471_jpg.rf.1677e50491967a23c5f760cea6600487,qwen3-vl,no-boots,,,,,
anuragraj03__PP02img471_jpg.rf.1677e50491967a23c5f760cea6600487,gemma4,person,,,,,
anuragraj03__PP02img471_jpg.rf.1677e50491967a23c5f760cea6600487,gemma4,helmet,,,,,
anuragraj03__PP02img471_jpg.rf.1677e50491967a23c5f760cea6600487,gemma4,gloves,,,,,
anuragraj03__PP02img471_jpg.rf.1677e50491967a23c5f760cea6600487,gemma4,boots,,,,,
anuragraj03__PP02img471_jpg.rf.1677e50491967a23c5f760cea6600487,gemma4,vest,,,,,
anuragraj03__PP02img471_jpg.rf.1677e50491967a23c5f760cea6600487,minicpm-v,person,,,,,
anuragraj03__PP02img471_jpg.rf.1677e50491967a23c5f760cea6600487,minicpm-v,boots,,,,,
anuragraj03__PP02img471_jpg.rf.1677e50491967a23c5f760cea6600487,minicpm-v,no-helmet,,,,,
anuragraj03__PP02img471_jpg.rf.1677e50491967a23c5f760cea6600487,minicpm-v,no-gloves,,,,,
anuragraj03__PP02img471_jpg.rf.1677e50491967a23c5f760cea6600487,minicpm-v,no-vest,,,,,
anuragraj03__PP02img667_jpg.rf.614a317243fabb7bd326e8d6437b42e4,yolo,no-gloves,0.8745178580284119,0.2253509283065796,0.5109180874294705,0.3205089807510376,0.7285458034939236
anuragraj03__PP02img667_jpg.rf.614a317243fabb7bd326e8d6437b42e4,yolo,no-gloves,0.33481907844543457,0.3934774875640869,0.12350858052571614,0.41903934478759763,0.25679533216688366
anuragraj03__PP02img667_jpg.rf.614a317243fabb7bd326e8d6437b42e4,yolo,no-gloves,0.2898666262626648,0.18215315341949462,0.4749792734781901,0.24996190071105956,0.6248811509874131
anuragraj03__PP02img667_jpg.rf.614a317243fabb7bd326e8d6437b42e4,ollama,person,,,,,
anuragraj03__PP02img667_jpg.rf.614a317243fabb7bd326e8d6437b42e4,ollama,vest,,,,,
anuragraj03__PP02img667_jpg.rf.614a317243fabb7bd326e8d6437b42e4,ollama,no-helmet,,,,,
anuragraj03__PP02img667_jpg.rf.614a317243fabb7bd326e8d6437b42e4,ollama,no-gloves,,,,,
anuragraj03__PP02img667_jpg.rf.614a317243fabb7bd326e8d6437b42e4,ollama,no-boots,,,,,
anuragraj03__PP02img667_jpg.rf.614a317243fabb7bd326e8d6437b42e4,qwen3-vl,person,,,,,
anuragraj03__PP02img667_jpg.rf.614a317243fabb7bd326e8d6437b42e4,qwen3-vl,no-helmet,,,,,
anuragraj03__PP02img667_jpg.rf.614a317243fabb7bd326e8d6437b42e4,qwen3-vl,no-gloves,,,,,
anuragraj03__PP02img667_jpg.rf.614a317243fabb7bd326e8d6437b42e4,qwen3-vl,no-boots,,,,,
anuragraj03__PP02img667_jpg.rf.614a317243fabb7bd326e8d6437b42e4,qwen3-vl,no-vest,,,,,
anuragraj03__PP02img667_jpg.rf.614a317243fabb7bd326e8d6437b42e4,gemma4,person,,,,,
anuragraj03__PP02img667_jpg.rf.614a317243fabb7bd326e8d6437b42e4,gemma4,helmet,,,,,
anuragraj03__PP02img667_jpg.rf.614a317243fabb7bd326e8d6437b42e4,gemma4,gloves,,,,,
anuragraj03__PP02img667_jpg.rf.614a317243fabb7bd326e8d6437b42e4,gemma4,boots,,,,,
anuragraj03__PP02img667_jpg.rf.614a317243fabb7bd326e8d6437b42e4,gemma4,vest,,,,,
anuragraj03__PP02img667_jpg.rf.614a317243fabb7bd326e8d6437b42e4,minicpm-v,person,,,,,
anuragraj03__PP02img667_jpg.rf.614a317243fabb7bd326e8d6437b42e4,minicpm-v,no-gloves,,,,,
anuragraj03__PP02img667_jpg.rf.614a317243fabb7bd326e8d6437b42e4,minicpm-v,no-boots,,,,,
anuragraj03__PP02img667_jpg.rf.614a317243fabb7bd326e8d6437b42e4,minicpm-v,no-vest,,,,,
anuragraj03__PPE_Data_181_jpg.rf.33359be7c33dbdaf16c2007f9092286a,yolo,boots,0.8790671229362488,0.792107880115509,0.785571018854777,0.8456072807312012,0.8478997548421224
anuragraj03__PPE_Data_181_jpg.rf.33359be7c33dbdaf16c2007f9092286a,yolo,boots,0.8535774350166321,0.7604242563247681,0.7378417650858561,0.8137164115905762,0.7861981391906738
anuragraj03__PPE_Data_181_jpg.rf.33359be7c33dbdaf16c2007f9092286a,yolo,no-gloves,0.6516818404197693,0.7493889331817627,0.4486071268717448,0.8303295373916626,0.5350037813186646
anuragraj03__PPE_Data_181_jpg.rf.33359be7c33dbdaf16c2007f9092286a,ollama,person,,,,,
anuragraj03__PPE_Data_181_jpg.rf.33359be7c33dbdaf16c2007f9092286a,ollama,boots,,,,,
anuragraj03__PPE_Data_181_jpg.rf.33359be7c33dbdaf16c2007f9092286a,qwen3-vl,person,,,,,
anuragraj03__PPE_Data_181_jpg.rf.33359be7c33dbdaf16c2007f9092286a,qwen3-vl,boots,,,,,
anuragraj03__PPE_Data_181_jpg.rf.33359be7c33dbdaf16c2007f9092286a,qwen3-vl,no-gloves,,,,,
anuragraj03__PPE_Data_181_jpg.rf.33359be7c33dbdaf16c2007f9092286a,gemma4,person,,,,,
anuragraj03__PPE_Data_181_jpg.rf.33359be7c33dbdaf16c2007f9092286a,gemma4,boots,,,,,
anuragraj03__PPE_Data_181_jpg.rf.33359be7c33dbdaf16c2007f9092286a,gemma4,vest,,,,,
anuragraj03__PPE_Data_181_jpg.rf.33359be7c33dbdaf16c2007f9092286a,gemma4,no-gloves,,,,,
anuragraj03__PPE_Data_181_jpg.rf.33359be7c33dbdaf16c2007f9092286a,minicpm-v,person,,,,,
anuragraj03__PPE_Data_181_jpg.rf.33359be7c33dbdaf16c2007f9092286a,minicpm-v,helmet,,,,,
anuragraj03__PPE_Data_181_jpg.rf.33359be7c33dbdaf16c2007f9092286a,minicpm-v,gloves,,,,,
anuragraj03__PPE_Data_181_jpg.rf.33359be7c33dbdaf16c2007f9092286a,minicpm-v,boots,,,,,
anuragraj03__PPE_Data_181_jpg.rf.33359be7c33dbdaf16c2007f9092286a,minicpm-v,no-vest,,,,,
anuragraj03__fglov146_jpg.rf.bcbaf7ab2a974cb248a8c723a7d499e5,yolo,gloves,0.8531672954559326,0.7804141044616699,0.6308755662706164,0.859617042541504,0.8555742899576823
anuragraj03__fglov146_jpg.rf.bcbaf7ab2a974cb248a8c723a7d499e5,yolo,no-gloves,0.755580723285675,0.5549794197082519,0.07572973039415147,0.6537398338317871,0.163888422648112
anuragraj03__fglov146_jpg.rf.bcbaf7ab2a974cb248a8c723a7d499e5,yolo,gloves,0.6420493125915527,0.29257276058197024,0.4266657511393229,0.3717482566833496,0.6327197604709202
anuragraj03__fglov146_jpg.rf.bcbaf7ab2a974cb248a8c723a7d499e5,ollama,person,,,,,
anuragraj03__fglov146_jpg.rf.bcbaf7ab2a974cb248a8c723a7d499e5,ollama,gloves,,,,,
anuragraj03__fglov146_jpg.rf.bcbaf7ab2a974cb248a8c723a7d499e5,ollama,no-helmet,,,,,
anuragraj03__fglov146_jpg.rf.bcbaf7ab2a974cb248a8c723a7d499e5,ollama,no-gloves,,,,,
anuragraj03__fglov146_jpg.rf.bcbaf7ab2a974cb248a8c723a7d499e5,ollama,no-boots,,,,,
anuragraj03__fglov146_jpg.rf.bcbaf7ab2a974cb248a8c723a7d499e5,ollama,no-vest,,,,,
anuragraj03__fglov146_jpg.rf.bcbaf7ab2a974cb248a8c723a7d499e5,qwen3-vl,person,,,,,
anuragraj03__fglov146_jpg.rf.bcbaf7ab2a974cb248a8c723a7d499e5,qwen3-vl,gloves,,,,,
anuragraj03__fglov146_jpg.rf.bcbaf7ab2a974cb248a8c723a7d499e5,gemma4,person,,,,,
anuragraj03__fglov146_jpg.rf.bcbaf7ab2a974cb248a8c723a7d499e5,gemma4,helmet,,,,,
anuragraj03__fglov146_jpg.rf.bcbaf7ab2a974cb248a8c723a7d499e5,gemma4,gloves,,,,,
anuragraj03__fglov146_jpg.rf.bcbaf7ab2a974cb248a8c723a7d499e5,gemma4,boots,,,,,
anuragraj03__fglov146_jpg.rf.bcbaf7ab2a974cb248a8c723a7d499e5,gemma4,vest,,,,,
anuragraj03__fglov146_jpg.rf.bcbaf7ab2a974cb248a8c723a7d499e5,minicpm-v,person,,,,,
anuragraj03__fglov146_jpg.rf.bcbaf7ab2a974cb248a8c723a7d499e5,minicpm-v,gloves,,,,,
anuragraj03__fglov146_jpg.rf.bcbaf7ab2a974cb248a8c723a7d499e5,minicpm-v,boots,,,,,
anuragraj03__fglov146_jpg.rf.bcbaf7ab2a974cb248a8c723a7d499e5,minicpm-v,no-helmet,,,,,
anuragraj03__fglov146_jpg.rf.bcbaf7ab2a974cb248a8c723a7d499e5,minicpm-v,no-vest,,,,,
anuragraj03__frame00001_png.rf.29c19a377463f435a3438130aca75f85,yolo,helmet,0.8971778154373169,0.08263853788375855,0.026812511682510375,0.14033610820770265,0.1250484824180603
anuragraj03__frame00001_png.rf.29c19a377463f435a3438130aca75f85,yolo,helmet,0.887431263923645,0.10638422966003418,0.5482589721679687,0.15954039096832276,0.6408146858215332
anuragraj03__frame00001_png.rf.29c19a377463f435a3438130aca75f85,yolo,helmet,0.8871599435806274,0.7469923973083497,0.38471670150756837,0.7981137275695801,0.4663207530975342
anuragraj03__frame00001_png.rf.29c19a377463f435a3438130aca75f85,yolo,boots,0.8797997236251831,0.6567140102386475,0.601886796951294,0.6973435878753662,0.6777078628540039
anuragraj03__frame00001_png.rf.29c19a377463f435a3438130aca75f85,yolo,helmet,0.8713831901550293,0.24114861488342285,0.306447434425354,0.28749020099639894,0.39182000160217284
anuragraj03__frame00001_png.rf.29c19a377463f435a3438130aca75f85,yolo,helmet,0.8631786108016968,0.7327514171600342,0.43849692344665525,0.782477617263794,0.5322791576385498
anuragraj03__frame00001_png.rf.29c19a377463f435a3438130aca75f85,yolo,boots,0.8091773390769958,0.7047343254089355,0.6636677742004394,0.7432786464691162,0.7125621795654297
anuragraj03__frame00001_png.rf.29c19a377463f435a3438130aca75f85,yolo,no-boots,0.7989510893821716,0.6627881050109863,0.7235970973968506,0.7116273403167724,0.7751423835754394
anuragraj03__frame00001_png.rf.29c19a377463f435a3438130aca75f85,yolo,no-boots,0.7759228348731995,0.6456725597381592,0.6953059673309326,0.6960185527801513,0.7548120498657227
anuragraj03__frame00001_png.rf.29c19a377463f435a3438130aca75f85,yolo,helmet,0.7682662606239319,0.22175536155700684,0.16969754695892333,0.2589201688766479,0.21643321514129638
anuragraj03__frame00001_png.rf.29c19a377463f435a3438130aca75f85,yolo,gloves,0.7647309303283691,0.2646487236022949,0.38879945278167727,0.30711338520050047,0.4508538246154785
anuragraj03__frame00001_png.rf.29c19a377463f435a3438130aca75f85,yolo,boots,0.7572119832038879,0.2950311183929443,0.540771198272705,0.3296928405761719,0.594954538345337
anuragraj03__frame00001_png.rf.29c19a377463f435a3438130aca75f85,yolo,boots,0.7210754156112671,0.21304671764373778,0.7746260643005372,0.2540248155593872,0.8311492919921875
anuragraj03__frame00001_png.rf.29c19a377463f435a3438130aca75f85,yolo,boots,0.68376225233078,0.2809624195098877,0.5235257148742676,0.3134421110153198,0.5692988872528076
anuragraj03__frame00001_png.rf.29c19a377463f435a3438130aca75f85,yolo,gloves,0.5340971350669861,0.11565682888031006,0.7473566055297851,0.15801912546157837,0.8139948844909668
anuragraj03__frame00001_png.rf.29c19a377463f435a3438130aca75f85,yolo,gloves,0.5321810841560364,0.241096830368042,0.3808985471725464,0.2824638843536377,0.44264860153198243
anuragraj03__frame00001_png.rf.29c19a377463f435a3438130aca75f85,yolo,boots,0.4877096116542816,0.20503520965576172,0.3846014738082886,0.24218366146087647,0.4317138671875
anuragraj03__frame00001_png.rf.29c19a377463f435a3438130aca75f85,yolo,boots,0.4640960693359375,0.09916190505027771,0.4007601737976074,0.1351367712020874,0.4568906307220459
anuragraj03__frame00001_png.rf.29c19a377463f435a3438130aca75f85,ollama,person,,,,,
anuragraj03__frame00001_png.rf.29c19a377463f435a3438130aca75f85,ollama,helmet,,,,,
anuragraj03__frame00001_png.rf.29c19a377463f435a3438130aca75f85,ollama,gloves,,,,,
anuragraj03__frame00001_png.rf.29c19a377463f435a3438130aca75f85,ollama,boots,,,,,
anuragraj03__frame00001_png.rf.29c19a377463f435a3438130aca75f85,ollama,vest,,,,,
anuragraj03__frame00001_png.rf.29c19a377463f435a3438130aca75f85,ollama,no-helmet,,,,,
anuragraj03__frame00001_png.rf.29c19a377463f435a3438130aca75f85,ollama,no-gloves,,,,,
anuragraj03__frame00001_png.rf.29c19a377463f435a3438130aca75f85,ollama,no-boots,,,,,
anuragraj03__frame00001_png.rf.29c19a377463f435a3438130aca75f85,qwen3-vl,person,,,,,
anuragraj03__frame00001_png.rf.29c19a377463f435a3438130aca75f85,qwen3-vl,helmet,,,,,
anuragraj03__frame00001_png.rf.29c19a377463f435a3438130aca75f85,qwen3-vl,gloves,,,,,
anuragraj03__frame00001_png.rf.29c19a377463f435a3438130aca75f85,qwen3-vl,boots,,,,,
anuragraj03__frame00001_png.rf.29c19a377463f435a3438130aca75f85,qwen3-vl,no-vest,,,,,
anuragraj03__frame00001_png.rf.29c19a377463f435a3438130aca75f85,gemma4,person,,,,,
anuragraj03__frame00001_png.rf.29c19a377463f435a3438130aca75f85,gemma4,helmet,,,,,
anuragraj03__frame00001_png.rf.29c19a377463f435a3438130aca75f85,gemma4,gloves,,,,,
anuragraj03__frame00001_png.rf.29c19a377463f435a3438130aca75f85,gemma4,boots,,,,,
anuragraj03__frame00001_png.rf.29c19a377463f435a3438130aca75f85,gemma4,vest,,,,,
anuragraj03__frame00001_png.rf.29c19a377463f435a3438130aca75f85,minicpm-v,person,,,,,
anuragraj03__frame00001_png.rf.29c19a377463f435a3438130aca75f85,minicpm-v,helmet,,,,,
anuragraj03__frame00001_png.rf.29c19a377463f435a3438130aca75f85,minicpm-v,gloves,,,,,
anuragraj03__frame00001_png.rf.29c19a377463f435a3438130aca75f85,minicpm-v,boots,,,,,
anuragraj03__frame00001_png.rf.29c19a377463f435a3438130aca75f85,minicpm-v,vest,,,,,
anuragraj03__frame00001_png.rf.8a0f5fb1d652ceb2340042962c04011a,yolo,helmet,0.8928741216659546,0.033396199345588684,0.5510489463806152,0.09582067728042602,0.6530706405639648
anuragraj03__frame00001_png.rf.8a0f5fb1d652ceb2340042962c04011a,yolo,boots,0.8878785967826843,0.086128568649292,0.8527313232421875,0.13711845874786377,0.9214380264282227
anuragraj03__frame00001_png.rf.8a0f5fb1d652ceb2340042962c04011a,yolo,helmet,0.8876743912696838,0.36247260570526124,0.30939152240753176,0.4158963203430176,0.407764196395874
anuragraj03__frame00001_png.rf.8a0f5fb1d652ceb2340042962c04011a,yolo,helmet,0.8784197568893433,0.2860335111618042,0.35570859909057617,0.3338561296463013,0.44713168144226073
anuragraj03__frame00001_png.rf.8a0f5fb1d652ceb2340042962c04011a,yolo,helmet,0.8682979941368103,0.7417579650878906,0.42313437461853026,0.7943176746368408,0.5154239654541015
anuragraj03__frame00001_png.rf.8a0f5fb1d652ceb2340042962c04011a,yolo,boots,0.8654569983482361,0.37618398666381836,0.7579514503479003,0.4094669342041016,0.828003978729248
anuragraj03__frame00001_png.rf.8a0f5fb1d652ceb2340042962c04011a,yolo,helmet,0.8642842173576355,0.20490071773529053,0.29135985374450685,0.26321020126342776,0.40501627922058103
anuragraj03__frame00001_png.rf.8a0f5fb1d652ceb2340042962c04011a,yolo,boots,0.8567104339599609,0.3280588865280151,0.7312265872955322,0.3742512702941895,0.8040572166442871
anuragraj03__frame00001_png.rf.8a0f5fb1d652ceb2340042962c04011a,yolo,boots,0.8513555526733398,0.6434891700744629,0.625188159942627,0.6992372512817383,0.6937602043151856
anuragraj03__frame00001_png.rf.8a0f5fb1d652ceb2340042962c04011a,yolo,helmet,0.8390895128250122,0.740099287033081,0.38952276706695554,0.7972972393035889,0.48186869621276857
anuragraj03__frame00001_png.rf.8a0f5fb1d652ceb2340042962c04011a,yolo,gloves,0.7998009920120239,0.06116385459899902,0.6988471031188965,0.09176163673400879,0.7638208866119385
anuragraj03__frame00001_png.rf.8a0f5fb1d652ceb2340042962c04011a,yolo,helmet,0.7990120649337769,0.3048760414123535,0.21827371120452882,0.35374433994293214,0.28703670501708983
anuragraj03__frame00001_png.rf.8a0f5fb1d652ceb2340042962c04011a,yolo,gloves,0.7747304439544678,0.0827775776386261,0.7046532154083252,0.13233503103256225,0.7704449653625488
anuragraj03__frame00001_png.rf.8a0f5fb1d652ceb2340042962c04011a,yolo,boots,0.7668651938438416,0.697667121887207,0.7431193351745605,0.7559240341186524,0.8061997413635253
anuragraj03__frame00001_png.rf.8a0f5fb1d652ceb2340042962c04011a,yolo,boots,0.7272855639457703,0.6772199153900147,0.6681154727935791,0.7232099056243897,0.7238368988037109
anuragraj03__frame00001_png.rf.8a0f5fb1d652ceb2340042962c04011a,yolo,gloves,0.5358353853225708,0.3296112298965454,0.5735310554504395,0.36726620197296145,0.6435609340667725
anuragraj03__frame00001_png.rf.8a0f5fb1d652ceb2340042962c04011a,ollama,person,,,,,
anuragraj03__frame00001_png.rf.8a0f5fb1d652ceb2340042962c04011a,ollama,helmet,,,,,
anuragraj03__frame00001_png.rf.8a0f5fb1d652ceb2340042962c04011a,ollama,vest,,,,,
anuragraj03__frame00001_png.rf.8a0f5fb1d652ceb2340042962c04011a,ollama,no-gloves,,,,,
anuragraj03__frame00001_png.rf.8a0f5fb1d652ceb2340042962c04011a,ollama,no-boots,,,,,
anuragraj03__frame00001_png.rf.8a0f5fb1d652ceb2340042962c04011a,qwen3-vl,person,,,,,
anuragraj03__frame00001_png.rf.8a0f5fb1d652ceb2340042962c04011a,qwen3-vl,helmet,,,,,
anuragraj03__frame00001_png.rf.8a0f5fb1d652ceb2340042962c04011a,qwen3-vl,no-gloves,,,,,
anuragraj03__frame00001_png.rf.8a0f5fb1d652ceb2340042962c04011a,qwen3-vl,no-boots,,,,,
anuragraj03__frame00001_png.rf.8a0f5fb1d652ceb2340042962c04011a,qwen3-vl,no-vest,,,,,
anuragraj03__frame00001_png.rf.8a0f5fb1d652ceb2340042962c04011a,gemma4,person,,,,,
anuragraj03__frame00001_png.rf.8a0f5fb1d652ceb2340042962c04011a,gemma4,helmet,,,,,
anuragraj03__frame00001_png.rf.8a0f5fb1d652ceb2340042962c04011a,gemma4,gloves,,,,,
anuragraj03__frame00001_png.rf.8a0f5fb1d652ceb2340042962c04011a,gemma4,boots,,,,,
anuragraj03__frame00001_png.rf.8a0f5fb1d652ceb2340042962c04011a,gemma4,vest,,,,,
anuragraj03__frame00001_png.rf.8a0f5fb1d652ceb2340042962c04011a,gemma4,no-helmet,,,,,
anuragraj03__frame00001_png.rf.8a0f5fb1d652ceb2340042962c04011a,gemma4,no-gloves,,,,,
anuragraj03__frame00001_png.rf.8a0f5fb1d652ceb2340042962c04011a,minicpm-v,person,,,,,
anuragraj03__frame00001_png.rf.8a0f5fb1d652ceb2340042962c04011a,minicpm-v,helmet,,,,,
anuragraj03__frame00001_png.rf.8a0f5fb1d652ceb2340042962c04011a,minicpm-v,boots,,,,,
anuragraj03__frame00001_png.rf.8a0f5fb1d652ceb2340042962c04011a,minicpm-v,no-gloves,,,,,
anuragraj03__frame00001_png.rf.8a0f5fb1d652ceb2340042962c04011a,minicpm-v,no-vest,,,,,
anuragraj03__frame00001_png.rf.fdb6042a4dd9b2618e766ed3dcda2b7d,yolo,boots,0.774140477180481,0.59963059425354,0.36687793731689455,0.6213202953338623,0.39953088760375977
anuragraj03__frame00001_png.rf.fdb6042a4dd9b2618e766ed3dcda2b7d,yolo,boots,0.5616055727005005,0.5891055583953857,0.3554480314254761,0.6054194450378418,0.38791565895080565
anuragraj03__frame00001_png.rf.fdb6042a4dd9b2618e766ed3dcda2b7d,yolo,no-helmet,0.4547118544578552,0.6062221527099609,0.19783709049224854,0.6274991035461426,0.23079299926757812
anuragraj03__frame00001_png.rf.fdb6042a4dd9b2618e766ed3dcda2b7d,ollama,person,,,,,
anuragraj03__frame00001_png.rf.fdb6042a4dd9b2618e766ed3dcda2b7d,ollama,boots,,,,,
anuragraj03__frame00001_png.rf.fdb6042a4dd9b2618e766ed3dcda2b7d,ollama,vest,,,,,
anuragraj03__frame00001_png.rf.fdb6042a4dd9b2618e766ed3dcda2b7d,ollama,no-gloves,,,,,
anuragraj03__frame00001_png.rf.fdb6042a4dd9b2618e766ed3dcda2b7d,qwen3-vl,person,,,,,
anuragraj03__frame00001_png.rf.fdb6042a4dd9b2618e766ed3dcda2b7d,qwen3-vl,no-helmet,,,,,
anuragraj03__frame00001_png.rf.fdb6042a4dd9b2618e766ed3dcda2b7d,qwen3-vl,no-gloves,,,,,
anuragraj03__frame00001_png.rf.fdb6042a4dd9b2618e766ed3dcda2b7d,qwen3-vl,no-boots,,,,,
anuragraj03__frame00001_png.rf.fdb6042a4dd9b2618e766ed3dcda2b7d,qwen3-vl,no-vest,,,,,
anuragraj03__frame00001_png.rf.fdb6042a4dd9b2618e766ed3dcda2b7d,gemma4,person,,,,,
anuragraj03__frame00001_png.rf.fdb6042a4dd9b2618e766ed3dcda2b7d,gemma4,helmet,,,,,
anuragraj03__frame00001_png.rf.fdb6042a4dd9b2618e766ed3dcda2b7d,gemma4,gloves,,,,,
anuragraj03__frame00001_png.rf.fdb6042a4dd9b2618e766ed3dcda2b7d,gemma4,boots,,,,,
anuragraj03__frame00001_png.rf.fdb6042a4dd9b2618e766ed3dcda2b7d,gemma4,vest,,,,,
anuragraj03__frame00001_png.rf.fdb6042a4dd9b2618e766ed3dcda2b7d,minicpm-v,person,,,,,
anuragraj03__frame00001_png.rf.fdb6042a4dd9b2618e766ed3dcda2b7d,minicpm-v,gloves,,,,,
anuragraj03__frame00001_png.rf.fdb6042a4dd9b2618e766ed3dcda2b7d,minicpm-v,boots,,,,,
anuragraj03__frame00001_png.rf.fdb6042a4dd9b2618e766ed3dcda2b7d,minicpm-v,no-helmet,,,,,
anuragraj03__frame00001_png.rf.fdb6042a4dd9b2618e766ed3dcda2b7d,minicpm-v,no-vest,,,,,
anuragraj03__frame00021_png.rf.38d421896f6c4c90266c4580f83c69e1,yolo,no-helmet,0.9224784970283508,0.4864834785461426,0.3126476764678955,0.600167179107666,0.49836020469665526
anuragraj03__frame00021_png.rf.38d421896f6c4c90266c4580f83c69e1,yolo,no-helmet,0.9157668948173523,0.22628648281097413,0.34802799224853515,0.3496227741241455,0.5080105781555175
anuragraj03__frame00021_png.rf.38d421896f6c4c90266c4580f83c69e1,yolo,no-boots,0.6950956583023071,0.32497029304504393,0.9537803649902343,0.3717911720275879,1.0
anuragraj03__frame00021_png.rf.38d421896f6c4c90266c4580f83c69e1,yolo,no-boots,0.694089949131012,0.3566118717193604,0.9699204444885254,0.41462459564208987,0.9997695922851563
anuragraj03__frame00021_png.rf.38d421896f6c4c90266c4580f83c69e1,ollama,person,,,,,
anuragraj03__frame00021_png.rf.38d421896f6c4c90266c4580f83c69e1,ollama,vest,,,,,
anuragraj03__frame00021_png.rf.38d421896f6c4c90266c4580f83c69e1,ollama,no-helmet,,,,,
anuragraj03__frame00021_png.rf.38d421896f6c4c90266c4580f83c69e1,ollama,no-gloves,,,,,
anuragraj03__frame00021_png.rf.38d421896f6c4c90266c4580f83c69e1,ollama,no-boots,,,,,
anuragraj03__frame00021_png.rf.38d421896f6c4c90266c4580f83c69e1,qwen3-vl,person,,,,,
anuragraj03__frame00021_png.rf.38d421896f6c4c90266c4580f83c69e1,qwen3-vl,no-helmet,,,,,
anuragraj03__frame00021_png.rf.38d421896f6c4c90266c4580f83c69e1,qwen3-vl,no-gloves,,,,,
anuragraj03__frame00021_png.rf.38d421896f6c4c90266c4580f83c69e1,qwen3-vl,no-boots,,,,,
anuragraj03__frame00021_png.rf.38d421896f6c4c90266c4580f83c69e1,qwen3-vl,no-vest,,,,,
anuragraj03__frame00021_png.rf.38d421896f6c4c90266c4580f83c69e1,gemma4,person,,,,,
anuragraj03__frame00021_png.rf.38d421896f6c4c90266c4580f83c69e1,gemma4,helmet,,,,,
anuragraj03__frame00021_png.rf.38d421896f6c4c90266c4580f83c69e1,gemma4,boots,,,,,
anuragraj03__frame00021_png.rf.38d421896f6c4c90266c4580f83c69e1,gemma4,no-gloves,,,,,
anuragraj03__frame00021_png.rf.38d421896f6c4c90266c4580f83c69e1,gemma4,no-vest,,,,,
anuragraj03__frame00021_png.rf.38d421896f6c4c90266c4580f83c69e1,minicpm-v,person,,,,,
anuragraj03__frame00021_png.rf.38d421896f6c4c90266c4580f83c69e1,minicpm-v,gloves,,,,,
anuragraj03__frame00021_png.rf.38d421896f6c4c90266c4580f83c69e1,minicpm-v,boots,,,,,
anuragraj03__frame00021_png.rf.38d421896f6c4c90266c4580f83c69e1,minicpm-v,vest,,,,,
anuragraj03__frame00021_png.rf.645602dd7237ea2e6be17c088a456432,yolo,boots,0.9144768714904785,0.3079270601272583,0.8563302993774414,0.35647480487823485,0.9468272209167481
anuragraj03__frame00021_png.rf.645602dd7237ea2e6be17c088a456432,yolo,boots,0.9112476706504822,0.37868709564208985,0.8692854881286621,0.4277965545654297,0.944788932800293
anuragraj03__frame00021_png.rf.645602dd7237ea2e6be17c088a456432,yolo,no-helmet,0.8753037452697754,0.3141488790512085,0.38474445343017577,0.3692311763763428,0.49304661750793455
anuragraj03__frame00021_png.rf.645602dd7237ea2e6be17c088a456432,yolo,no-helmet,0.8655135035514832,0.31741962432861326,0.3530031442642212,0.36653125286102295,0.4532306671142578
anuragraj03__frame00021_png.rf.645602dd7237ea2e6be17c088a456432,yolo,no-helmet,0.2990473806858063,0.8477591514587403,0.33017683029174805,0.8779750823974609,0.38661885261535645
anuragraj03__frame00021_png.rf.645602dd7237ea2e6be17c088a456432,ollama,person,,,,,
anuragraj03__frame00021_png.rf.645602dd7237ea2e6be17c088a456432,qwen3-vl,person,,,,,
anuragraj03__frame00021_png.rf.645602dd7237ea2e6be17c088a456432,qwen3-vl,boots,,,,,
anuragraj03__frame00021_png.rf.645602dd7237ea2e6be17c088a456432,qwen3-vl,no-gloves,,,,,
anuragraj03__frame00021_png.rf.645602dd7237ea2e6be17c088a456432,gemma4,person,,,,,
anuragraj03__frame00021_png.rf.645602dd7237ea2e6be17c088a456432,gemma4,boots,,,,,
anuragraj03__frame00021_png.rf.645602dd7237ea2e6be17c088a456432,gemma4,vest,,,,,
anuragraj03__frame00021_png.rf.645602dd7237ea2e6be17c088a456432,gemma4,no-gloves,,,,,
anuragraj03__frame00021_png.rf.645602dd7237ea2e6be17c088a456432,minicpm-v,person,,,,,
anuragraj03__frame00021_png.rf.645602dd7237ea2e6be17c088a456432,minicpm-v,boots,,,,,
anuragraj03__frame00021_png.rf.645602dd7237ea2e6be17c088a456432,minicpm-v,no-helmet,,,,,
anuragraj03__frame00021_png.rf.645602dd7237ea2e6be17c088a456432,minicpm-v,no-gloves,,,,,
anuragraj03__frame00021_png.rf.645602dd7237ea2e6be17c088a456432,minicpm-v,no-vest,,,,,
anuragraj03__frame00021_png.rf.6f750430bf2c2ad4d0d34dd36a9377d0,yolo,helmet,0.8862192034721375,0.4416999816894531,0.35552158355712893,0.4900191783905029,0.4448878765106201
anuragraj03__frame00021_png.rf.6f750430bf2c2ad4d0d34dd36a9377d0,yolo,helmet,0.8796907663345337,0.729665994644165,0.43993391990661623,0.7867332458496094,0.5324960708618164
anuragraj03__frame00021_png.rf.6f750430bf2c2ad4d0d34dd36a9377d0,yolo,helmet,0.8775490522384644,0.7362653255462647,0.38450040817260744,0.78129563331604,0.4574429512023926
anuragraj03__frame00021_png.rf.6f750430bf2c2ad4d0d34dd36a9377d0,yolo,helmet,0.8712739944458008,0.19825165271759032,0.5555074214935303,0.24523916244506835,0.6612295150756836
anuragraj03__frame00021_png.rf.6f750430bf2c2ad4d0d34dd36a9377d0,yolo,helmet,0.8613972067832947,0.2530100345611572,0.42919082641601564,0.2947260856628418,0.5106692790985108
anuragraj03__frame00021_png.rf.6f750430bf2c2ad4d0d34dd36a9377d0,yolo,no-boots,0.836371898651123,0.6448818683624268,0.7086727619171143,0.6988541126251221,0.7565147876739502
anuragraj03__frame00021_png.rf.6f750430bf2c2ad4d0d34dd36a9377d0,yolo,no-boots,0.8303918242454529,0.6641039371490478,0.7379007339477539,0.7136437892913818,0.7763105392456054
anuragraj03__frame00021_png.rf.6f750430bf2c2ad4d0d34dd36a9377d0,yolo,boots,0.8241090774536133,0.22276544570922852,0.7869903087615967,0.25955562591552733,0.8275903701782227
anuragraj03__frame00021_png.rf.6f750430bf2c2ad4d0d34dd36a9377d0,yolo,boots,0.7556126713752747,0.26057651042938235,0.7751092433929443,0.28889055252075196,0.8069519996643066
anuragraj03__frame00021_png.rf.6f750430bf2c2ad4d0d34dd36a9377d0,yolo,boots,0.6860610246658325,0.417142391204834,0.7807834625244141,0.45116415023803713,0.8246966361999511
anuragraj03__frame00021_png.rf.6f750430bf2c2ad4d0d34dd36a9377d0,yolo,boots,0.4627368152141571,0.4437058448791504,0.7346971988677978,0.48584675788879395,0.7873847484588623
anuragraj03__frame00021_png.rf.6f750430bf2c2ad4d0d34dd36a9377d0,ollama,person,,,,,
anuragraj03__frame00021_png.rf.6f750430bf2c2ad4d0d34dd36a9377d0,ollama,no-gloves,,,,,
anuragraj03__frame00021_png.rf.6f750430bf2c2ad4d0d34dd36a9377d0,ollama,no-boots,,,,,
anuragraj03__frame00021_png.rf.6f750430bf2c2ad4d0d34dd36a9377d0,ollama,no-vest,,,,,
anuragraj03__frame00021_png.rf.6f750430bf2c2ad4d0d34dd36a9377d0,qwen3-vl,person,,,,,
anuragraj03__frame00021_png.rf.6f750430bf2c2ad4d0d34dd36a9377d0,qwen3-vl,helmet,,,,,
anuragraj03__frame00021_png.rf.6f750430bf2c2ad4d0d34dd36a9377d0,qwen3-vl,gloves,,,,,
anuragraj03__frame00021_png.rf.6f750430bf2c2ad4d0d34dd36a9377d0,qwen3-vl,boots,,,,,
anuragraj03__frame00021_png.rf.6f750430bf2c2ad4d0d34dd36a9377d0,qwen3-vl,no-vest,,,,,
anuragraj03__frame00021_png.rf.6f750430bf2c2ad4d0d34dd36a9377d0,gemma4,person,,,,,
anuragraj03__frame00021_png.rf.6f750430bf2c2ad4d0d34dd36a9377d0,gemma4,helmet,,,,,
anuragraj03__frame00021_png.rf.6f750430bf2c2ad4d0d34dd36a9377d0,gemma4,gloves,,,,,
anuragraj03__frame00021_png.rf.6f750430bf2c2ad4d0d34dd36a9377d0,gemma4,boots,,,,,
anuragraj03__frame00021_png.rf.6f750430bf2c2ad4d0d34dd36a9377d0,gemma4,vest,,,,,
anuragraj03__frame00021_png.rf.6f750430bf2c2ad4d0d34dd36a9377d0,minicpm-v,person,,,,,
anuragraj03__frame00021_png.rf.6f750430bf2c2ad4d0d34dd36a9377d0,minicpm-v,helmet,,,,,
anuragraj03__frame00021_png.rf.6f750430bf2c2ad4d0d34dd36a9377d0,minicpm-v,gloves,,,,,
anuragraj03__frame00021_png.rf.6f750430bf2c2ad4d0d34dd36a9377d0,minicpm-v,boots,,,,,
anuragraj03__frame00021_png.rf.6f750430bf2c2ad4d0d34dd36a9377d0,minicpm-v,vest,,,,,
anuragraj03__frame00021_png.rf.9253ef57996b2acf0ee20fd0bdde9c18,yolo,no-helmet,0.8554921746253967,0.46173701286315916,0.3455277681350708,0.4909213542938232,0.3990237474441528
anuragraj03__frame00021_png.rf.9253ef57996b2acf0ee20fd0bdde9c18,ollama,person,,,,,
anuragraj03__frame00021_png.rf.9253ef57996b2acf0ee20fd0bdde9c18,ollama,vest,,,,,
anuragraj03__frame00021_png.rf.9253ef57996b2acf0ee20fd0bdde9c18,ollama,no-helmet,,,,,
anuragraj03__frame00021_png.rf.9253ef57996b2acf0ee20fd0bdde9c18,ollama,no-gloves,,,,,
anuragraj03__frame00021_png.rf.9253ef57996b2acf0ee20fd0bdde9c18,ollama,no-boots,,,,,
anuragraj03__frame00021_png.rf.9253ef57996b2acf0ee20fd0bdde9c18,qwen3-vl,person,,,,,
anuragraj03__frame00021_png.rf.9253ef57996b2acf0ee20fd0bdde9c18,qwen3-vl,no-helmet,,,,,
anuragraj03__frame00021_png.rf.9253ef57996b2acf0ee20fd0bdde9c18,qwen3-vl,no-gloves,,,,,
anuragraj03__frame00021_png.rf.9253ef57996b2acf0ee20fd0bdde9c18,qwen3-vl,no-boots,,,,,
anuragraj03__frame00021_png.rf.9253ef57996b2acf0ee20fd0bdde9c18,qwen3-vl,no-vest,,,,,
anuragraj03__frame00021_png.rf.9253ef57996b2acf0ee20fd0bdde9c18,gemma4,person,,,,,
anuragraj03__frame00021_png.rf.9253ef57996b2acf0ee20fd0bdde9c18,gemma4,no-helmet,,,,,
anuragraj03__frame00021_png.rf.9253ef57996b2acf0ee20fd0bdde9c18,gemma4,no-gloves,,,,,
anuragraj03__frame00021_png.rf.9253ef57996b2acf0ee20fd0bdde9c18,gemma4,no-boots,,,,,
anuragraj03__frame00021_png.rf.9253ef57996b2acf0ee20fd0bdde9c18,gemma4,no-vest,,,,,
anuragraj03__frame00021_png.rf.9253ef57996b2acf0ee20fd0bdde9c18,minicpm-v,person,,,,,
anuragraj03__frame00021_png.rf.9253ef57996b2acf0ee20fd0bdde9c18,minicpm-v,boots,,,,,
anuragraj03__frame00021_png.rf.9253ef57996b2acf0ee20fd0bdde9c18,minicpm-v,no-helmet,,,,,
anuragraj03__frame00021_png.rf.9253ef57996b2acf0ee20fd0bdde9c18,minicpm-v,no-gloves,,,,,
anuragraj03__frame00021_png.rf.9253ef57996b2acf0ee20fd0bdde9c18,minicpm-v,no-vest,,,,,
anuragraj03__frame00031_png.rf.f8f689368c7eef9c9d98724ffa09857c,yolo,no-boots,0.901520848274231,0.6779569149017334,0.786220932006836,0.7285002708435059,0.8392479896545411
anuragraj03__frame00031_png.rf.f8f689368c7eef9c9d98724ffa09857c,yolo,boots,0.8849576115608215,0.027230843901634216,0.5971484661102295,0.07660880088806152,0.6583887577056885
anuragraj03__frame00031_png.rf.f8f689368c7eef9c9d98724ffa09857c,yolo,boots,0.8818103671073914,0.5989204406738281,0.7089378833770752,0.6510679721832275,0.7831779003143311
anuragraj03__frame00031_png.rf.f8f689368c7eef9c9d98724ffa09857c,yolo,helmet,0.8786428570747375,0.6146333694458008,0.2539148569107056,0.664439058303833,0.36970839500427244
anuragraj03__frame00031_png.rf.f8f689368c7eef9c9d98724ffa09857c,yolo,helmet,0.8755851984024048,0.7070052623748779,0.29415044784545896,0.7646082878112793,0.39716742038726804
anuragraj03__frame00031_png.rf.f8f689368c7eef9c9d98724ffa09857c,yolo,no-helmet,0.8705482482910156,0.6986056327819824,0.38341526985168456,0.740862512588501,0.4754446029663086
anuragraj03__frame00031_png.rf.f8f689368c7eef9c9d98724ffa09857c,yolo,no-boots,0.8495087027549744,0.6915830135345459,0.7540922164916992,0.7340870857238769,0.7982654571533203
anuragraj03__frame00031_png.rf.f8f689368c7eef9c9d98724ffa09857c,yolo,boots,0.8270303606987,0.20080344676971434,0.5696759700775147,0.24016187191009522,0.6352640151977539
anuragraj03__frame00031_png.rf.f8f689368c7eef9c9d98724ffa09857c,yolo,helmet,0.8114944696426392,0.16653285026550294,0.32592177391052246,0.23087947368621825,0.43488526344299316
anuragraj03__frame00031_png.rf.f8f689368c7eef9c9d98724ffa09857c,yolo,helmet,0.8091044425964355,0.0014322429895401,0.3591794967651367,0.027694672346115112,0.4446547508239746
anuragraj03__frame00031_png.rf.f8f689368c7eef9c9d98724ffa09857c,yolo,boots,0.8009785413742065,0.16135017871856688,0.5696812152862549,0.2041102647781372,0.6356790065765381
anuragraj03__frame00031_png.rf.f8f689368c7eef9c9d98724ffa09857c,yolo,boots,0.7925689220428467,0.6173683166503906,0.6864452838897706,0.6606855392456055,0.7457116603851318
anuragraj03__frame00031_png.rf.f8f689368c7eef9c9d98724ffa09857c,yolo,gloves,0.7629842758178711,0.22186610698699952,0.4176475048065186,0.2575263500213623,0.4921745777130127
anuragraj03__frame00031_png.rf.f8f689368c7eef9c9d98724ffa09857c,yolo,gloves,0.6853953003883362,0.6507358074188232,0.40456266403198243,0.6855045318603515,0.4723979949951172
anuragraj03__frame00031_png.rf.f8f689368c7eef9c9d98724ffa09857c,yolo,gloves,0.6612189412117004,0.02997310757637024,0.4397164821624756,0.057716751098632814,0.5214663028717041
anuragraj03__frame00031_png.rf.f8f689368c7eef9c9d98724ffa09857c,yolo,boots,0.6076247096061707,0.6900558948516846,0.7253387451171875,0.7393098831176758,0.7724239349365234
anuragraj03__frame00031_png.rf.f8f689368c7eef9c9d98724ffa09857c,ollama,person,,,,,
anuragraj03__frame00031_png.rf.f8f689368c7eef9c9d98724ffa09857c,ollama,no-vest,,,,,
anuragraj03__frame00031_png.rf.f8f689368c7eef9c9d98724ffa09857c,qwen3-vl,person,,,,,
anuragraj03__frame00031_png.rf.f8f689368c7eef9c9d98724ffa09857c,qwen3-vl,helmet,,,,,
anuragraj03__frame00031_png.rf.f8f689368c7eef9c9d98724ffa09857c,qwen3-vl,gloves,,,,,
anuragraj03__frame00031_png.rf.f8f689368c7eef9c9d98724ffa09857c,qwen3-vl,boots,,,,,
anuragraj03__frame00031_png.rf.f8f689368c7eef9c9d98724ffa09857c,qwen3-vl,vest,,,,,
anuragraj03__frame00031_png.rf.f8f689368c7eef9c9d98724ffa09857c,gemma4,person,,,,,
anuragraj03__frame00031_png.rf.f8f689368c7eef9c9d98724ffa09857c,gemma4,helmet,,,,,
anuragraj03__frame00031_png.rf.f8f689368c7eef9c9d98724ffa09857c,gemma4,gloves,,,,,
anuragraj03__frame00031_png.rf.f8f689368c7eef9c9d98724ffa09857c,gemma4,boots,,,,,
anuragraj03__frame00031_png.rf.f8f689368c7eef9c9d98724ffa09857c,gemma4,vest,,,,,
anuragraj03__frame00031_png.rf.f8f689368c7eef9c9d98724ffa09857c,minicpm-v,person,,,,,
anuragraj03__frame00031_png.rf.f8f689368c7eef9c9d98724ffa09857c,minicpm-v,helmet,,,,,
anuragraj03__frame00031_png.rf.f8f689368c7eef9c9d98724ffa09857c,minicpm-v,boots,,,,,
anuragraj03__frame00031_png.rf.f8f689368c7eef9c9d98724ffa09857c,minicpm-v,no-gloves,,,,,
anuragraj03__frame00041_png.rf.20386a3122f9dc43dca0512ae6a6ea7c,yolo,no-boots,0.9040767550468445,0.3496960878372192,0.8410343170166016,0.3882513284683228,0.9078498840332031
anuragraj03__frame00041_png.rf.20386a3122f9dc43dca0512ae6a6ea7c,yolo,no-boots,0.9005216956138611,0.3762521743774414,0.8031437873840332,0.41534900665283203,0.8621881484985352
anuragraj03__frame00041_png.rf.20386a3122f9dc43dca0512ae6a6ea7c,yolo,no-helmet,0.8934907913208008,0.3428592920303345,0.44410338401794436,0.390533447265625,0.5458978652954102
anuragraj03__frame00041_png.rf.20386a3122f9dc43dca0512ae6a6ea7c,yolo,boots,0.857405960559845,0.07001891732215881,0.5293862342834472,0.09584344625473022,0.5807176113128663
anuragraj03__frame00041_png.rf.20386a3122f9dc43dca0512ae6a6ea7c,yolo,no-helmet,0.8073610663414001,0.032250791788101196,0.29228997230529785,0.06088216900825501,0.3486939907073975
anuragraj03__frame00041_png.rf.20386a3122f9dc43dca0512ae6a6ea7c,yolo,boots,0.8000409007072449,0.03918754458427429,0.5272385597229003,0.06078479290008545,0.5769362449645996
anuragraj03__frame00041_png.rf.20386a3122f9dc43dca0512ae6a6ea7c,ollama,person,,,,,
anuragraj03__frame00041_png.rf.20386a3122f9dc43dca0512ae6a6ea7c,ollama,no-helmet,,,,,
anuragraj03__frame00041_png.rf.20386a3122f9dc43dca0512ae6a6ea7c,ollama,no-gloves,,,,,
anuragraj03__frame00041_png.rf.20386a3122f9dc43dca0512ae6a6ea7c,ollama,no-boots,,,,,
anuragraj03__frame00041_png.rf.20386a3122f9dc43dca0512ae6a6ea7c,ollama,no-vest,,,,,
anuragraj03__frame00041_png.rf.20386a3122f9dc43dca0512ae6a6ea7c,qwen3-vl,person,,,,,
anuragraj03__frame00041_png.rf.20386a3122f9dc43dca0512ae6a6ea7c,qwen3-vl,boots,,,,,
anuragraj03__frame00041_png.rf.20386a3122f9dc43dca0512ae6a6ea7c,qwen3-vl,no-helmet,,,,,
anuragraj03__frame00041_png.rf.20386a3122f9dc43dca0512ae6a6ea7c,qwen3-vl,no-gloves,,,,,
anuragraj03__frame00041_png.rf.20386a3122f9dc43dca0512ae6a6ea7c,qwen3-vl,no-vest,,,,,
anuragraj03__frame00041_png.rf.20386a3122f9dc43dca0512ae6a6ea7c,gemma4,person,,,,,
anuragraj03__frame00041_png.rf.20386a3122f9dc43dca0512ae6a6ea7c,gemma4,helmet,,,,,
anuragraj03__frame00041_png.rf.20386a3122f9dc43dca0512ae6a6ea7c,gemma4,gloves,,,,,
anuragraj03__frame00041_png.rf.20386a3122f9dc43dca0512ae6a6ea7c,gemma4,boots,,,,,
anuragraj03__frame00041_png.rf.20386a3122f9dc43dca0512ae6a6ea7c,gemma4,vest,,,,,
anuragraj03__frame00041_png.rf.20386a3122f9dc43dca0512ae6a6ea7c,minicpm-v,person,,,,,
anuragraj03__frame00041_png.rf.20386a3122f9dc43dca0512ae6a6ea7c,minicpm-v,gloves,,,,,
anuragraj03__frame00041_png.rf.20386a3122f9dc43dca0512ae6a6ea7c,minicpm-v,boots,,,,,
anuragraj03__frame00041_png.rf.2c3b0815a3d136b18bfaf7f73548bfc8,yolo,boots,0.9277175664901733,0.6251760959625244,0.6358557224273682,0.6735293388366699,0.6769346237182617
anuragraj03__frame00041_png.rf.2c3b0815a3d136b18bfaf7f73548bfc8,yolo,boots,0.9189727902412415,0.6761961460113526,0.6868779182434082,0.7057689666748047,0.7197909832000733
anuragraj03__frame00041_png.rf.2c3b0815a3d136b18bfaf7f73548bfc8,yolo,boots,0.916439414024353,0.40331506729125977,0.5656988620758057,0.433243989944458,0.6024398326873779
anuragraj03__frame00041_png.rf.2c3b0815a3d136b18bfaf7f73548bfc8,yolo,boots,0.9158939719200134,0.6020279884338379,0.64287109375,0.63313307762146,0.6989670276641846
anuragraj03__frame00041_png.rf.2c3b0815a3d136b18bfaf7f73548bfc8,yolo,helmet,0.913456380367279,0.6033008575439454,0.2473301410675049,0.6509236812591552,0.34312636852264405
anuragraj03__frame00041_png.rf.2c3b0815a3d136b18bfaf7f73548bfc8,yolo,helmet,0.9114799499511719,0.7424126148223877,0.4626556396484375,0.7981722354888916,0.5516447067260742
anuragraj03__frame00041_png.rf.2c3b0815a3d136b18bfaf7f73548bfc8,yolo,helmet,0.9049178957939148,0.7297953128814697,0.38817453384399414,0.7800373554229736,0.48050951957702637
anuragraj03__frame00041_png.rf.2c3b0815a3d136b18bfaf7f73548bfc8,yolo,boots,0.901775598526001,0.678470516204834,0.7493239402770996,0.7175053596496582,0.7890324115753173
anuragraj03__frame00041_png.rf.2c3b0815a3d136b18bfaf7f73548bfc8,yolo,no-gloves,0.8973326086997986,0.6532259464263916,0.4513856887817383,0.6822606086730957,0.5337225437164307
anuragraj03__frame00041_png.rf.2c3b0815a3d136b18bfaf7f73548bfc8,yolo,helmet,0.8612496852874756,0.3589258432388306,0.371470308303833,0.39604835510253905,0.44269533157348634
anuragraj03__frame00041_png.rf.2c3b0815a3d136b18bfaf7f73548bfc8,yolo,no-boots,0.8420339226722717,0.6597760677337646,0.6589668750762939,0.6996270656585694,0.6906634330749511
anuragraj03__frame00041_png.rf.2c3b0815a3d136b18bfaf7f73548bfc8,ollama,person,,,,,
anuragraj03__frame00041_png.rf.2c3b0815a3d136b18bfaf7f73548bfc8,ollama,helmet,,,,,
anuragraj03__frame00041_png.rf.2c3b0815a3d136b18bfaf7f73548bfc8,ollama,gloves,,,,,
anuragraj03__frame00041_png.rf.2c3b0815a3d136b18bfaf7f73548bfc8,ollama,boots,,,,,
anuragraj03__frame00041_png.rf.2c3b0815a3d136b18bfaf7f73548bfc8,ollama,vest,,,,,
anuragraj03__frame00041_png.rf.2c3b0815a3d136b18bfaf7f73548bfc8,ollama,no-helmet,,,,,
anuragraj03__frame00041_png.rf.2c3b0815a3d136b18bfaf7f73548bfc8,ollama,no-gloves,,,,,
anuragraj03__frame00041_png.rf.2c3b0815a3d136b18bfaf7f73548bfc8,ollama,no-boots,,,,,
anuragraj03__frame00041_png.rf.2c3b0815a3d136b18bfaf7f73548bfc8,ollama,no-vest,,,,,
anuragraj03__frame00041_png.rf.2c3b0815a3d136b18bfaf7f73548bfc8,qwen3-vl,person,,,,,
anuragraj03__frame00041_png.rf.2c3b0815a3d136b18bfaf7f73548bfc8,qwen3-vl,helmet,,,,,
anuragraj03__frame00041_png.rf.2c3b0815a3d136b18bfaf7f73548bfc8,gemma4,person,,,,,
anuragraj03__frame00041_png.rf.2c3b0815a3d136b18bfaf7f73548bfc8,gemma4,helmet,,,,,
anuragraj03__frame00041_png.rf.2c3b0815a3d136b18bfaf7f73548bfc8,gemma4,gloves,,,,,
anuragraj03__frame00041_png.rf.2c3b0815a3d136b18bfaf7f73548bfc8,gemma4,boots,,,,,
anuragraj03__frame00041_png.rf.2c3b0815a3d136b18bfaf7f73548bfc8,gemma4,vest,,,,,
anuragraj03__frame00041_png.rf.2c3b0815a3d136b18bfaf7f73548bfc8,gemma4,no-helmet,,,,,
anuragraj03__frame00041_png.rf.2c3b0815a3d136b18bfaf7f73548bfc8,gemma4,no-gloves,,,,,
anuragraj03__frame00041_png.rf.2c3b0815a3d136b18bfaf7f73548bfc8,gemma4,no-boots,,,,,
anuragraj03__frame00041_png.rf.2c3b0815a3d136b18bfaf7f73548bfc8,gemma4,no-vest,,,,,
anuragraj03__frame00041_png.rf.2c3b0815a3d136b18bfaf7f73548bfc8,minicpm-v,person,,,,,
anuragraj03__frame00041_png.rf.2c3b0815a3d136b18bfaf7f73548bfc8,minicpm-v,helmet,,,,,
anuragraj03__frame00041_png.rf.2c3b0815a3d136b18bfaf7f73548bfc8,minicpm-v,gloves,,,,,
anuragraj03__frame00041_png.rf.2c3b0815a3d136b18bfaf7f73548bfc8,minicpm-v,boots,,,,,
anuragraj03__frame00041_png.rf.2c3b0815a3d136b18bfaf7f73548bfc8,minicpm-v,vest,,,,,
anuragraj03__frame00041_png.rf.6aef4165528a5eadb807bdc84365aa8d,yolo,boots,0.9334318041801453,0.32473886013031006,0.5240706920623779,0.3717797756195068,0.5658376693725586
anuragraj03__frame00041_png.rf.6aef4165528a5eadb807bdc84365aa8d,yolo,boots,0.9059883952140808,0.3627429485321045,0.5692350387573242,0.3962838649749756,0.6146409988403321
anuragraj03__frame00041_png.rf.6aef4165528a5eadb807bdc84365aa8d,yolo,no-gloves,0.9044554233551025,0.4644015789031982,0.5636163234710694,0.4974062442779541,0.6473572254180908
anuragraj03__frame00041_png.rf.6aef4165528a5eadb807bdc84365aa8d,yolo,helmet,0.9017096757888794,0.3974221467971802,0.18881986141204835,0.4554608345031738,0.29322826862335205
anuragraj03__frame00041_png.rf.6aef4165528a5eadb807bdc84365aa8d,yolo,boots,0.8963949084281921,0.4265885353088379,0.7363068103790283,0.46265158653259275,0.790463638305664
anuragraj03__frame00041_png.rf.6aef4165528a5eadb807bdc84365aa8d,yolo,helmet,0.8850055932998657,0.3542871236801147,0.3286148548126221,0.40398297309875486,0.43084216117858887
anuragraj03__frame00041_png.rf.6aef4165528a5eadb807bdc84365aa8d,yolo,helmet,0.8765918612480164,0.46683921813964846,0.2931370258331299,0.5213435649871826,0.37918777465820314
anuragraj03__frame00041_png.rf.6aef4165528a5eadb807bdc84365aa8d,yolo,helmet,0.8483750820159912,0.4443498611450195,0.31170742511749266,0.492995023727417,0.4002037048339844
anuragraj03__frame00041_png.rf.6aef4165528a5eadb807bdc84365aa8d,yolo,gloves,0.8472543954849243,0.33427608013153076,0.46712679862976075,0.37006895542144774,0.5228089809417724
anuragraj03__frame00041_png.rf.6aef4165528a5eadb807bdc84365aa8d,yolo,boots,0.7949404716491699,0.4722036838531494,0.7322051525115967,0.5013176918029785,0.7752689361572266
anuragraj03__frame00041_png.rf.6aef4165528a5eadb807bdc84365aa8d,yolo,boots,0.4847587049007416,0.45046076774597166,0.697481632232666,0.4991921424865723,0.739307165145874
anuragraj03__frame00041_png.rf.6aef4165528a5eadb807bdc84365aa8d,ollama,person,,,,,
anuragraj03__frame00041_png.rf.6aef4165528a5eadb807bdc84365aa8d,ollama,helmet,,,,,
anuragraj03__frame00041_png.rf.6aef4165528a5eadb807bdc84365aa8d,qwen3-vl,person,,,,,
anuragraj03__frame00041_png.rf.6aef4165528a5eadb807bdc84365aa8d,qwen3-vl,helmet,,,,,
anuragraj03__frame00041_png.rf.6aef4165528a5eadb807bdc84365aa8d,qwen3-vl,boots,,,,,
anuragraj03__frame00041_png.rf.6aef4165528a5eadb807bdc84365aa8d,qwen3-vl,no-gloves,,,,,
anuragraj03__frame00041_png.rf.6aef4165528a5eadb807bdc84365aa8d,gemma4,person,,,,,
anuragraj03__frame00041_png.rf.6aef4165528a5eadb807bdc84365aa8d,gemma4,helmet,,,,,
anuragraj03__frame00041_png.rf.6aef4165528a5eadb807bdc84365aa8d,gemma4,gloves,,,,,
anuragraj03__frame00041_png.rf.6aef4165528a5eadb807bdc84365aa8d,gemma4,boots,,,,,
anuragraj03__frame00041_png.rf.6aef4165528a5eadb807bdc84365aa8d,gemma4,vest,,,,,
anuragraj03__frame00041_png.rf.6aef4165528a5eadb807bdc84365aa8d,minicpm-v,person,,,,,
anuragraj03__frame00041_png.rf.6aef4165528a5eadb807bdc84365aa8d,minicpm-v,helmet,,,,,
anuragraj03__frame00041_png.rf.6aef4165528a5eadb807bdc84365aa8d,minicpm-v,gloves,,,,,
anuragraj03__frame00041_png.rf.6aef4165528a5eadb807bdc84365aa8d,minicpm-v,boots,,,,,
anuragraj03__frame00041_png.rf.6aef4165528a5eadb807bdc84365aa8d,minicpm-v,no-vest,,,,,
anuragraj03__frame00041_png.rf.a1666ddcfc4a74c60a3e590953e20318,yolo,no-helmet,0.8836855888366699,0.6576416969299317,0.2371117353439331,0.6813137531280518,0.28698081970214845
anuragraj03__frame00041_png.rf.a1666ddcfc4a74c60a3e590953e20318,yolo,no-helmet,0.851837694644928,0.5378567695617675,0.20178718566894532,0.5587937355041503,0.2453993320465088
anuragraj03__frame00041_png.rf.a1666ddcfc4a74c60a3e590953e20318,yolo,no-boots,0.8425037860870361,0.48212318420410155,0.5569720268249512,0.5145256042480468,0.5881983280181885
anuragraj03__frame00041_png.rf.a1666ddcfc4a74c60a3e590953e20318,yolo,no-boots,0.8351949453353882,0.5458172798156739,0.5786303997039794,0.5780272483825684,0.6099564552307128
anuragraj03__frame00041_png.rf.a1666ddcfc4a74c60a3e590953e20318,yolo,no-boots,0.8198752999305725,0.6761214733123779,0.43537111282348634,0.6984565258026123,0.47421016693115237
anuragraj03__frame00041_png.rf.a1666ddcfc4a74c60a3e590953e20318,yolo,no-boots,0.808992862701416,0.6422736644744873,0.43912496566772463,0.6683985710144043,0.462492561340332
anuragraj03__frame00041_png.rf.a1666ddcfc4a74c60a3e590953e20318,yolo,no-helmet,0.7989914417266846,0.5314964771270752,0.30361208915710447,0.5607036590576172,0.3589509963989258
anuragraj03__frame00041_png.rf.a1666ddcfc4a74c60a3e590953e20318,ollama,person,,,,,
anuragraj03__frame00041_png.rf.a1666ddcfc4a74c60a3e590953e20318,ollama,gloves,,,,,
anuragraj03__frame00041_png.rf.a1666ddcfc4a74c60a3e590953e20318,ollama,boots,,,,,
anuragraj03__frame00041_png.rf.a1666ddcfc4a74c60a3e590953e20318,ollama,no-helmet,,,,,
anuragraj03__frame00041_png.rf.a1666ddcfc4a74c60a3e590953e20318,ollama,no-vest,,,,,
anuragraj03__frame00041_png.rf.a1666ddcfc4a74c60a3e590953e20318,qwen3-vl,person,,,,,
anuragraj03__frame00041_png.rf.a1666ddcfc4a74c60a3e590953e20318,gemma4,person,,,,,
anuragraj03__frame00041_png.rf.a1666ddcfc4a74c60a3e590953e20318,gemma4,boots,,,,,
anuragraj03__frame00041_png.rf.a1666ddcfc4a74c60a3e590953e20318,gemma4,vest,,,,,
anuragraj03__frame00041_png.rf.a1666ddcfc4a74c60a3e590953e20318,gemma4,no-helmet,,,,,
anuragraj03__frame00041_png.rf.a1666ddcfc4a74c60a3e590953e20318,gemma4,no-gloves,,,,,
anuragraj03__frame00041_png.rf.a1666ddcfc4a74c60a3e590953e20318,minicpm-v,person,,,,,
anuragraj03__frame00041_png.rf.a1666ddcfc4a74c60a3e590953e20318,minicpm-v,boots,,,,,
anuragraj03__frame00041_png.rf.a1666ddcfc4a74c60a3e590953e20318,minicpm-v,no-gloves,,,,,
anuragraj03__frame00041_png.rf.a1666ddcfc4a74c60a3e590953e20318,minicpm-v,no-vest,,,,,
anuragraj03__frame00071_png.rf.d2098802276bd36181998e478d8a36d6,yolo,no-helmet,0.8969821929931641,0.532808256149292,0.3798781156539917,0.607102632522583,0.5405520439147949
anuragraj03__frame00071_png.rf.d2098802276bd36181998e478d8a36d6,yolo,no-boots,0.8825135231018066,0.15826992988586425,0.8036067962646485,0.20241472721099854,0.887575340270996
anuragraj03__frame00071_png.rf.d2098802276bd36181998e478d8a36d6,yolo,no-helmet,0.8749983906745911,0.45039782524108884,0.3942091703414917,0.492981481552124,0.48308825492858887
anuragraj03__frame00071_png.rf.d2098802276bd36181998e478d8a36d6,yolo,no-helmet,0.853949248790741,0.39019973278045655,0.43642096519470214,0.43547234535217283,0.5351098060607911
anuragraj03__frame00071_png.rf.d2098802276bd36181998e478d8a36d6,yolo,helmet,0.8457285165786743,0.09550803899765015,0.35789783000946046,0.13154853582382203,0.4314892292022705
anuragraj03__frame00071_png.rf.d2098802276bd36181998e478d8a36d6,yolo,no-helmet,0.8318042159080505,0.13835015296936035,0.4280210494995117,0.1759600043296814,0.5085733890533447
anuragraj03__frame00071_png.rf.d2098802276bd36181998e478d8a36d6,yolo,no-boots,0.7697165608406067,0.12548480033874512,0.6418311595916748,0.14832948446273803,0.701378345489502
anuragraj03__frame00071_png.rf.d2098802276bd36181998e478d8a36d6,yolo,no-boots,0.7488312721252441,0.45587739944458006,0.949880313873291,0.4983859062194824,0.9996947288513184
anuragraj03__frame00071_png.rf.d2098802276bd36181998e478d8a36d6,yolo,no-helmet,0.7440798878669739,0.07527968287467957,0.25220181941986086,0.09678610563278198,0.29659855365753174
anuragraj03__frame00071_png.rf.d2098802276bd36181998e478d8a36d6,yolo,no-boots,0.7309955954551697,0.4248516082763672,0.8810723304748536,0.47077741622924807,0.9421127319335938
anuragraj03__frame00071_png.rf.d2098802276bd36181998e478d8a36d6,yolo,no-helmet,0.7208881378173828,0.044484689831733704,0.27836430072784424,0.0658437430858612,0.32210574150085447
anuragraj03__frame00071_png.rf.d2098802276bd36181998e478d8a36d6,yolo,no-boots,0.6840898394584656,0.39866206645965574,0.8113014221191406,0.43611974716186525,0.8677148818969727
anuragraj03__frame00071_png.rf.d2098802276bd36181998e478d8a36d6,yolo,no-boots,0.6828476786613464,0.0626931607723236,0.47944025993347167,0.0816714882850647,0.5231915473937988
anuragraj03__frame00071_png.rf.d2098802276bd36181998e478d8a36d6,yolo,no-boots,0.5309914350509644,0.18522160053253173,0.803189754486084,0.21364436149597169,0.8634713172912598
anuragraj03__frame00071_png.rf.d2098802276bd36181998e478d8a36d6,yolo,no-helmet,0.416083425283432,0.04677689671516418,0.26880314350128176,0.06651593446731567,0.3066460609436035
anuragraj03__frame00071_png.rf.d2098802276bd36181998e478d8a36d6,yolo,no-boots,0.25219693779945374,0.469907283782959,0.9336318969726562,0.5144161224365235,0.9924134254455567
anuragraj03__frame00071_png.rf.d2098802276bd36181998e478d8a36d6,ollama,person,,,,,
anuragraj03__frame00071_png.rf.d2098802276bd36181998e478d8a36d6,ollama,helmet,,,,,
anuragraj03__frame00071_png.rf.d2098802276bd36181998e478d8a36d6,qwen3-vl,person,,,,,
anuragraj03__frame00071_png.rf.d2098802276bd36181998e478d8a36d6,qwen3-vl,helmet,,,,,
anuragraj03__frame00071_png.rf.d2098802276bd36181998e478d8a36d6,qwen3-vl,no-gloves,,,,,
anuragraj03__frame00071_png.rf.d2098802276bd36181998e478d8a36d6,qwen3-vl,no-boots,,,,,
anuragraj03__frame00071_png.rf.d2098802276bd36181998e478d8a36d6,gemma4,person,,,,,
anuragraj03__frame00071_png.rf.d2098802276bd36181998e478d8a36d6,gemma4,boots,,,,,
anuragraj03__frame00071_png.rf.d2098802276bd36181998e478d8a36d6,gemma4,vest,,,,,
anuragraj03__frame00071_png.rf.d2098802276bd36181998e478d8a36d6,gemma4,no-helmet,,,,,
anuragraj03__frame00071_png.rf.d2098802276bd36181998e478d8a36d6,gemma4,no-gloves,,,,,
anuragraj03__frame00071_png.rf.d2098802276bd36181998e478d8a36d6,minicpm-v,person,,,,,
anuragraj03__frame00071_png.rf.d2098802276bd36181998e478d8a36d6,minicpm-v,helmet,,,,,
anuragraj03__frame00071_png.rf.d2098802276bd36181998e478d8a36d6,minicpm-v,gloves,,,,,
anuragraj03__frame00071_png.rf.d2098802276bd36181998e478d8a36d6,minicpm-v,boots,,,,,
anuragraj03__frame00071_png.rf.d2098802276bd36181998e478d8a36d6,minicpm-v,vest,,,,,
anuragraj03__frame00101_png.rf.dedcbdb6f20ebbd255876c87c03bb245,yolo,boots,0.911047637462616,0.01959329694509506,0.8036108016967773,0.07642042636871338,0.8836581230163574
anuragraj03__frame00101_png.rf.dedcbdb6f20ebbd255876c87c03bb245,yolo,boots,0.9110339879989624,0.3046042680740356,0.6469432830810546,0.3589672327041626,0.7403640270233154
anuragraj03__frame00101_png.rf.dedcbdb6f20ebbd255876c87c03bb245,yolo,helmet,0.8834432363510132,0.32685348987579343,0.4000696659088135,0.37915973663330077,0.48434839248657224
anuragraj03__frame00101_png.rf.dedcbdb6f20ebbd255876c87c03bb245,yolo,helmet,0.8368518352508545,0.2727580308914185,0.34969635009765626,0.3328603506088257,0.4360498428344727
anuragraj03__frame00101_png.rf.dedcbdb6f20ebbd255876c87c03bb245,yolo,helmet,0.8268371224403381,0.5563297271728516,0.20020849704742433,0.6410506248474122,0.3258893728256226
anuragraj03__frame00101_png.rf.dedcbdb6f20ebbd255876c87c03bb245,yolo,helmet,0.8179061412811279,0.20577731132507324,0.43941125869750974,0.2705395221710205,0.5469196796417236
anuragraj03__frame00101_png.rf.dedcbdb6f20ebbd255876c87c03bb245,yolo,gloves,0.737227737903595,0.2997133255004883,0.531962537765503,0.3488525152206421,0.6105116844177246
anuragraj03__frame00101_png.rf.dedcbdb6f20ebbd255876c87c03bb245,yolo,helmet,0.7341577410697937,0.036462906002998355,0.4948396682739258,0.09914865493774414,0.5965927124023438
anuragraj03__frame00101_png.rf.dedcbdb6f20ebbd255876c87c03bb245,yolo,helmet,0.7223831415176392,0.07663530111312866,0.4969793319702148,0.1368441700935364,0.5713157176971435
anuragraj03__frame00101_png.rf.dedcbdb6f20ebbd255876c87c03bb245,yolo,boots,0.5185062289237976,0.5548683166503906,0.592909288406372,0.6281150341033935,0.698642349243164
anuragraj03__frame00101_png.rf.dedcbdb6f20ebbd255876c87c03bb245,yolo,boots,0.5117294192314148,0.54950852394104,0.608281135559082,0.6415589332580567,0.7463923454284668
anuragraj03__frame00101_png.rf.dedcbdb6f20ebbd255876c87c03bb245,yolo,gloves,0.49315789341926575,0.20680534839630127,0.6025602340698242,0.25334630012512205,0.6986263751983642
anuragraj03__frame00101_png.rf.dedcbdb6f20ebbd255876c87c03bb245,ollama,person,,,,,
anuragraj03__frame00101_png.rf.dedcbdb6f20ebbd255876c87c03bb245,ollama,helmet,,,,,
anuragraj03__frame00101_png.rf.dedcbdb6f20ebbd255876c87c03bb245,ollama,gloves,,,,,
anuragraj03__frame00101_png.rf.dedcbdb6f20ebbd255876c87c03bb245,ollama,boots,,,,,
anuragraj03__frame00101_png.rf.dedcbdb6f20ebbd255876c87c03bb245,ollama,vest,,,,,
anuragraj03__frame00101_png.rf.dedcbdb6f20ebbd255876c87c03bb245,qwen3-vl,person,,,,,
anuragraj03__frame00101_png.rf.dedcbdb6f20ebbd255876c87c03bb245,qwen3-vl,helmet,,,,,
anuragraj03__frame00101_png.rf.dedcbdb6f20ebbd255876c87c03bb245,gemma4,person,,,,,
anuragraj03__frame00101_png.rf.dedcbdb6f20ebbd255876c87c03bb245,gemma4,helmet,,,,,
anuragraj03__frame00101_png.rf.dedcbdb6f20ebbd255876c87c03bb245,gemma4,gloves,,,,,
anuragraj03__frame00101_png.rf.dedcbdb6f20ebbd255876c87c03bb245,gemma4,boots,,,,,
anuragraj03__frame00101_png.rf.dedcbdb6f20ebbd255876c87c03bb245,gemma4,vest,,,,,
anuragraj03__frame00101_png.rf.dedcbdb6f20ebbd255876c87c03bb245,gemma4,no-helmet,,,,,
anuragraj03__frame00101_png.rf.dedcbdb6f20ebbd255876c87c03bb245,minicpm-v,person,,,,,
anuragraj03__frame00101_png.rf.dedcbdb6f20ebbd255876c87c03bb245,minicpm-v,helmet,,,,,
anuragraj03__frame00101_png.rf.dedcbdb6f20ebbd255876c87c03bb245,minicpm-v,boots,,,,,
anuragraj03__frame00101_png.rf.dedcbdb6f20ebbd255876c87c03bb245,minicpm-v,vest,,,,,
anuragraj03__frame00101_png.rf.dedcbdb6f20ebbd255876c87c03bb245,minicpm-v,no-gloves,,,,,
anuragraj03__frame00131_png.rf.1f9f207521e3854473cce027585e31b7,yolo,no-helmet,0.873776912689209,0.5048012256622314,0.22330839633941652,0.5279062747955322,0.2692946672439575
anuragraj03__frame00131_png.rf.1f9f207521e3854473cce027585e31b7,yolo,boots,0.8502975702285767,0.5061659812927246,0.452487850189209,0.5307495594024658,0.48021979331970216
anuragraj03__frame00131_png.rf.1f9f207521e3854473cce027585e31b7,yolo,boots,0.7572671175003052,0.506074333190918,0.43602423667907714,0.5309913635253907,0.461041259765625
anuragraj03__frame00131_png.rf.1f9f207521e3854473cce027585e31b7,ollama,person,,,,,
anuragraj03__frame00131_png.rf.1f9f207521e3854473cce027585e31b7,ollama,no-helmet,,,,,
anuragraj03__frame00131_png.rf.1f9f207521e3854473cce027585e31b7,ollama,no-gloves,,,,,
anuragraj03__frame00131_png.rf.1f9f207521e3854473cce027585e31b7,ollama,no-boots,,,,,
anuragraj03__frame00131_png.rf.1f9f207521e3854473cce027585e31b7,ollama,no-vest,,,,,
anuragraj03__frame00131_png.rf.1f9f207521e3854473cce027585e31b7,qwen3-vl,person,,,,,
anuragraj03__frame00131_png.rf.1f9f207521e3854473cce027585e31b7,qwen3-vl,boots,,,,,
anuragraj03__frame00131_png.rf.1f9f207521e3854473cce027585e31b7,qwen3-vl,no-helmet,,,,,
anuragraj03__frame00131_png.rf.1f9f207521e3854473cce027585e31b7,qwen3-vl,no-gloves,,,,,
anuragraj03__frame00131_png.rf.1f9f207521e3854473cce027585e31b7,qwen3-vl,no-vest,,,,,
anuragraj03__frame00131_png.rf.1f9f207521e3854473cce027585e31b7,gemma4,person,,,,,
anuragraj03__frame00131_png.rf.1f9f207521e3854473cce027585e31b7,gemma4,helmet,,,,,
anuragraj03__frame00131_png.rf.1f9f207521e3854473cce027585e31b7,gemma4,gloves,,,,,
anuragraj03__frame00131_png.rf.1f9f207521e3854473cce027585e31b7,gemma4,boots,,,,,
anuragraj03__frame00131_png.rf.1f9f207521e3854473cce027585e31b7,gemma4,vest,,,,,
anuragraj03__frame00131_png.rf.1f9f207521e3854473cce027585e31b7,minicpm-v,person,,,,,
anuragraj03__frame00131_png.rf.1f9f207521e3854473cce027585e31b7,minicpm-v,boots,,,,,
anuragraj03__frame00131_png.rf.1f9f207521e3854473cce027585e31b7,minicpm-v,no-helmet,,,,,
anuragraj03__frame00131_png.rf.1f9f207521e3854473cce027585e31b7,minicpm-v,no-gloves,,,,,
anuragraj03__frame00131_png.rf.1f9f207521e3854473cce027585e31b7,minicpm-v,no-vest,,,,,
anuragraj03__frame00131_png.rf.5ad8f6bed55b1b0b79806646798381ec,yolo,boots,0.9415329694747925,0.3172253370285034,0.524897289276123,0.373270845413208,0.560760498046875
anuragraj03__frame00131_png.rf.5ad8f6bed55b1b0b79806646798381ec,yolo,boots,0.9371083378791809,0.3390549659729004,0.5674496173858643,0.3936752796173096,0.6110588550567627
anuragraj03__frame00131_png.rf.5ad8f6bed55b1b0b79806646798381ec,yolo,boots,0.9224902391433716,0.40999579429626465,0.5886266708374024,0.4731751918792725,0.6412861347198486
anuragraj03__frame00131_png.rf.5ad8f6bed55b1b0b79806646798381ec,yolo,boots,0.8967193961143494,0.04313131272792816,0.587916898727417,0.08707318305969239,0.64012131690979
anuragraj03__frame00131_png.rf.5ad8f6bed55b1b0b79806646798381ec,yolo,boots,0.8775810599327087,0.40961589813232424,0.5576820373535156,0.45484232902526855,0.5948216438293457
anuragraj03__frame00131_png.rf.5ad8f6bed55b1b0b79806646798381ec,yolo,gloves,0.8752931952476501,0.3376835107803345,0.42490520477294924,0.36754069328308103,0.5279918193817139
anuragraj03__frame00131_png.rf.5ad8f6bed55b1b0b79806646798381ec,yolo,helmet,0.8727755546569824,0.3581233024597168,0.29954042434692385,0.41439075469970704,0.3820915699005127
anuragraj03__frame00131_png.rf.5ad8f6bed55b1b0b79806646798381ec,yolo,helmet,0.8709967732429504,0.0012504398822784425,0.3639329195022583,0.047936847805976866,0.4353071689605713
anuragraj03__frame00131_png.rf.5ad8f6bed55b1b0b79806646798381ec,yolo,gloves,0.8696180582046509,0.19947248697280884,0.7181812286376953,0.23917593955993652,0.8288753509521485
anuragraj03__frame00131_png.rf.5ad8f6bed55b1b0b79806646798381ec,yolo,helmet,0.8683946132659912,0.1592251777648926,0.4791851997375488,0.22045233249664306,0.601535701751709
anuragraj03__frame00131_png.rf.5ad8f6bed55b1b0b79806646798381ec,yolo,no-gloves,0.8585219979286194,0.370612645149231,0.3909590482711792,0.3899303674697876,0.4593690872192383
anuragraj03__frame00131_png.rf.5ad8f6bed55b1b0b79806646798381ec,yolo,boots,0.8429647088050842,0.1500948190689087,0.9122861862182617,0.20241451263427734,0.9827154159545899
anuragraj03__frame00131_png.rf.5ad8f6bed55b1b0b79806646798381ec,yolo,helmet,0.8342605233192444,0.3526644229888916,0.3411372184753418,0.388433575630188,0.3988945484161377
anuragraj03__frame00131_png.rf.5ad8f6bed55b1b0b79806646798381ec,yolo,gloves,0.7882764935493469,0.42442002296447756,0.4568991184234619,0.44658193588256834,0.5456249713897705
anuragraj03__frame00131_png.rf.5ad8f6bed55b1b0b79806646798381ec,yolo,gloves,0.761249840259552,0.11488878726959229,0.683718204498291,0.14676809310913086,0.7674243927001954
anuragraj03__frame00131_png.rf.5ad8f6bed55b1b0b79806646798381ec,yolo,no-gloves,0.7469115853309631,0.4365068912506104,0.45676960945129397,0.4562375068664551,0.5172932624816895
anuragraj03__frame00131_png.rf.5ad8f6bed55b1b0b79806646798381ec,yolo,no-gloves,0.5906838774681091,0.4382513999938965,0.45834927558898925,0.45817317962646487,0.5137922286987304
anuragraj03__frame00131_png.rf.5ad8f6bed55b1b0b79806646798381ec,ollama,person,,,,,
anuragraj03__frame00131_png.rf.5ad8f6bed55b1b0b79806646798381ec,ollama,no-helmet,,,,,
anuragraj03__frame00131_png.rf.5ad8f6bed55b1b0b79806646798381ec,ollama,no-gloves,,,,,
anuragraj03__frame00131_png.rf.5ad8f6bed55b1b0b79806646798381ec,ollama,no-boots,,,,,
anuragraj03__frame00131_png.rf.5ad8f6bed55b1b0b79806646798381ec,ollama,no-vest,,,,,
anuragraj03__frame00131_png.rf.5ad8f6bed55b1b0b79806646798381ec,qwen3-vl,person,,,,,
anuragraj03__frame00131_png.rf.5ad8f6bed55b1b0b79806646798381ec,qwen3-vl,helmet,,,,,
anuragraj03__frame00131_png.rf.5ad8f6bed55b1b0b79806646798381ec,qwen3-vl,boots,,,,,
anuragraj03__frame00131_png.rf.5ad8f6bed55b1b0b79806646798381ec,qwen3-vl,no-gloves,,,,,
anuragraj03__frame00131_png.rf.5ad8f6bed55b1b0b79806646798381ec,gemma4,person,,,,,
anuragraj03__frame00131_png.rf.5ad8f6bed55b1b0b79806646798381ec,gemma4,helmet,,,,,
anuragraj03__frame00131_png.rf.5ad8f6bed55b1b0b79806646798381ec,gemma4,gloves,,,,,
anuragraj03__frame00131_png.rf.5ad8f6bed55b1b0b79806646798381ec,gemma4,boots,,,,,
anuragraj03__frame00131_png.rf.5ad8f6bed55b1b0b79806646798381ec,gemma4,vest,,,,,
anuragraj03__frame00131_png.rf.5ad8f6bed55b1b0b79806646798381ec,minicpm-v,person,,,,,
anuragraj03__frame00131_png.rf.5ad8f6bed55b1b0b79806646798381ec,minicpm-v,helmet,,,,,
anuragraj03__frame00131_png.rf.5ad8f6bed55b1b0b79806646798381ec,minicpm-v,boots,,,,,
anuragraj03__frame00131_png.rf.5ad8f6bed55b1b0b79806646798381ec,minicpm-v,vest,,,,,
anuragraj03__frame00131_png.rf.5ad8f6bed55b1b0b79806646798381ec,minicpm-v,no-gloves,,,,,
anuragraj03__frame00141_png.rf.ef91fd9bb1a76e42f9c5dc35844603b5,yolo,helmet,0.884385347366333,0.19723014831542968,0.5517311096191406,0.24645438194274902,0.661649751663208
anuragraj03__frame00141_png.rf.ef91fd9bb1a76e42f9c5dc35844603b5,yolo,helmet,0.8785091638565063,0.3931079387664795,0.35131378173828126,0.44803032875061033,0.44675917625427247
anuragraj03__frame00141_png.rf.ef91fd9bb1a76e42f9c5dc35844603b5,yolo,helmet,0.877158522605896,0.2500397443771362,0.4107705593109131,0.2971519470214844,0.4952402114868164
anuragraj03__frame00141_png.rf.ef91fd9bb1a76e42f9c5dc35844603b5,yolo,helmet,0.8765701651573181,0.7341554641723633,0.37117347717285154,0.7872476577758789,0.46728062629699707
anuragraj03__frame00141_png.rf.ef91fd9bb1a76e42f9c5dc35844603b5,yolo,boots,0.8701795935630798,0.6476523876190186,0.7181866645812989,0.7072519779205322,0.7817275524139404
anuragraj03__frame00141_png.rf.ef91fd9bb1a76e42f9c5dc35844603b5,yolo,helmet,0.8700816631317139,0.7280982494354248,0.4288469314575195,0.789396858215332,0.5248783111572266
anuragraj03__frame00141_png.rf.ef91fd9bb1a76e42f9c5dc35844603b5,yolo,boots,0.8553933501243591,0.7111886024475098,0.6737178325653076,0.7418002128601074,0.7146161556243896
anuragraj03__frame00141_png.rf.ef91fd9bb1a76e42f9c5dc35844603b5,yolo,boots,0.8228405117988586,0.6823798656463623,0.7379546165466309,0.7193415641784668,0.7836018562316894
anuragraj03__frame00141_png.rf.ef91fd9bb1a76e42f9c5dc35844603b5,yolo,boots,0.8145667314529419,0.6615987300872803,0.5843111515045166,0.7110357284545898,0.6659714221954346
anuragraj03__frame00141_png.rf.ef91fd9bb1a76e42f9c5dc35844603b5,yolo,boots,0.7885183691978455,0.45474801063537595,0.738304615020752,0.49595298767089846,0.8133559226989746
anuragraj03__frame00141_png.rf.ef91fd9bb1a76e42f9c5dc35844603b5,yolo,boots,0.7847932577133179,0.21746656894683838,0.7808739185333252,0.26071364879608155,0.8356575012207031
anuragraj03__frame00141_png.rf.ef91fd9bb1a76e42f9c5dc35844603b5,yolo,boots,0.7077699303627014,0.38950634002685547,0.7561800003051757,0.4441100597381592,0.8185077667236328
anuragraj03__frame00141_png.rf.ef91fd9bb1a76e42f9c5dc35844603b5,yolo,gloves,0.6105465292930603,0.4011532783508301,0.5497475147247315,0.4501637935638428,0.6169421195983886
anuragraj03__frame00141_png.rf.ef91fd9bb1a76e42f9c5dc35844603b5,yolo,boots,0.5982670783996582,0.25388002395629883,0.7741729259490967,0.28419039249420164,0.8117897033691406
anuragraj03__frame00141_png.rf.ef91fd9bb1a76e42f9c5dc35844603b5,yolo,boots,0.3720945119857788,0.18981289863586426,0.6488449096679687,0.22494895458221437,0.6896756172180176
anuragraj03__frame00141_png.rf.ef91fd9bb1a76e42f9c5dc35844603b5,ollama,person,,,,,
anuragraj03__frame00141_png.rf.ef91fd9bb1a76e42f9c5dc35844603b5,ollama,helmet,,,,,
anuragraj03__frame00141_png.rf.ef91fd9bb1a76e42f9c5dc35844603b5,ollama,boots,,,,,
anuragraj03__frame00141_png.rf.ef91fd9bb1a76e42f9c5dc35844603b5,ollama,vest,,,,,
anuragraj03__frame00141_png.rf.ef91fd9bb1a76e42f9c5dc35844603b5,qwen3-vl,person,,,,,
anuragraj03__frame00141_png.rf.ef91fd9bb1a76e42f9c5dc35844603b5,qwen3-vl,helmet,,,,,
anuragraj03__frame00141_png.rf.ef91fd9bb1a76e42f9c5dc35844603b5,qwen3-vl,gloves,,,,,
anuragraj03__frame00141_png.rf.ef91fd9bb1a76e42f9c5dc35844603b5,qwen3-vl,boots,,,,,
anuragraj03__frame00141_png.rf.ef91fd9bb1a76e42f9c5dc35844603b5,gemma4,person,,,,,
anuragraj03__frame00141_png.rf.ef91fd9bb1a76e42f9c5dc35844603b5,gemma4,helmet,,,,,
anuragraj03__frame00141_png.rf.ef91fd9bb1a76e42f9c5dc35844603b5,gemma4,gloves,,,,,
anuragraj03__frame00141_png.rf.ef91fd9bb1a76e42f9c5dc35844603b5,gemma4,boots,,,,,
anuragraj03__frame00141_png.rf.ef91fd9bb1a76e42f9c5dc35844603b5,gemma4,vest,,,,,
anuragraj03__frame00141_png.rf.ef91fd9bb1a76e42f9c5dc35844603b5,minicpm-v,person,,,,,
anuragraj03__frame00141_png.rf.ef91fd9bb1a76e42f9c5dc35844603b5,minicpm-v,helmet,,,,,
anuragraj03__frame00141_png.rf.ef91fd9bb1a76e42f9c5dc35844603b5,minicpm-v,gloves,,,,,
anuragraj03__frame00141_png.rf.ef91fd9bb1a76e42f9c5dc35844603b5,minicpm-v,boots,,,,,
anuragraj03__frame00141_png.rf.ef91fd9bb1a76e42f9c5dc35844603b5,minicpm-v,vest,,,,,
anuragraj03__frame00151_png.rf.9770af2de4398b3e2e1281c652a23988,yolo,no-helmet,0.925646960735321,0.3745384216308594,0.3694950580596924,0.46686439514160155,0.5641004562377929
anuragraj03__frame00151_png.rf.9770af2de4398b3e2e1281c652a23988,yolo,no-helmet,0.9231511354446411,0.6758018016815186,0.440259313583374,0.770598316192627,0.6299995899200439
anuragraj03__frame00151_png.rf.9770af2de4398b3e2e1281c652a23988,yolo,no-helmet,0.9052878618240356,0.28761675357818606,0.3875835418701172,0.3721424341201782,0.5390685558319092
anuragraj03__frame00151_png.rf.9770af2de4398b3e2e1281c652a23988,yolo,helmet,0.8984757661819458,0.8421212196350097,0.399373197555542,0.9149391174316406,0.561634635925293
anuragraj03__frame00151_png.rf.9770af2de4398b3e2e1281c652a23988,yolo,no-boots,0.7217861413955688,0.3532575607299805,0.9664377212524414,0.39359588623046876,0.9993735313415527
anuragraj03__frame00151_png.rf.9770af2de4398b3e2e1281c652a23988,ollama,person,,,,,
anuragraj03__frame00151_png.rf.9770af2de4398b3e2e1281c652a23988,ollama,helmet,,,,,
anuragraj03__frame00151_png.rf.9770af2de4398b3e2e1281c652a23988,ollama,gloves,,,,,
anuragraj03__frame00151_png.rf.9770af2de4398b3e2e1281c652a23988,ollama,boots,,,,,
anuragraj03__frame00151_png.rf.9770af2de4398b3e2e1281c652a23988,ollama,vest,,,,,
anuragraj03__frame00151_png.rf.9770af2de4398b3e2e1281c652a23988,ollama,no-helmet,,,,,
anuragraj03__frame00151_png.rf.9770af2de4398b3e2e1281c652a23988,ollama,no-gloves,,,,,
anuragraj03__frame00151_png.rf.9770af2de4398b3e2e1281c652a23988,ollama,no-boots,,,,,
anuragraj03__frame00151_png.rf.9770af2de4398b3e2e1281c652a23988,ollama,no-vest,,,,,
anuragraj03__frame00151_png.rf.9770af2de4398b3e2e1281c652a23988,qwen3-vl,person,,,,,
anuragraj03__frame00151_png.rf.9770af2de4398b3e2e1281c652a23988,qwen3-vl,helmet,,,,,
anuragraj03__frame00151_png.rf.9770af2de4398b3e2e1281c652a23988,qwen3-vl,no-helmet,,,,,
anuragraj03__frame00151_png.rf.9770af2de4398b3e2e1281c652a23988,qwen3-vl,no-gloves,,,,,
anuragraj03__frame00151_png.rf.9770af2de4398b3e2e1281c652a23988,qwen3-vl,no-boots,,,,,
anuragraj03__frame00151_png.rf.9770af2de4398b3e2e1281c652a23988,qwen3-vl,no-vest,,,,,
anuragraj03__frame00151_png.rf.9770af2de4398b3e2e1281c652a23988,gemma4,person,,,,,
anuragraj03__frame00151_png.rf.9770af2de4398b3e2e1281c652a23988,gemma4,helmet,,,,,
anuragraj03__frame00151_png.rf.9770af2de4398b3e2e1281c652a23988,gemma4,gloves,,,,,
anuragraj03__frame00151_png.rf.9770af2de4398b3e2e1281c652a23988,gemma4,boots,,,,,
anuragraj03__frame00151_png.rf.9770af2de4398b3e2e1281c652a23988,gemma4,vest,,,,,
anuragraj03__frame00151_png.rf.9770af2de4398b3e2e1281c652a23988,gemma4,no-helmet,,,,,
anuragraj03__frame00151_png.rf.9770af2de4398b3e2e1281c652a23988,gemma4,no-gloves,,,,,
anuragraj03__frame00151_png.rf.9770af2de4398b3e2e1281c652a23988,gemma4,no-vest,,,,,
anuragraj03__frame00151_png.rf.9770af2de4398b3e2e1281c652a23988,minicpm-v,person,,,,,
anuragraj03__frame00151_png.rf.9770af2de4398b3e2e1281c652a23988,minicpm-v,helmet,,,,,
anuragraj03__frame00151_png.rf.9770af2de4398b3e2e1281c652a23988,minicpm-v,boots,,,,,
anuragraj03__frame00151_png.rf.9770af2de4398b3e2e1281c652a23988,minicpm-v,no-gloves,,,,,
anuragraj03__frame00161_png.rf.d39620b3cbcd4d63a721bbc980285294,yolo,no-helmet,0.8669854402542114,0.8445371627807617,0.3179943323135376,0.9358214378356934,0.5039947032928467
anuragraj03__frame00161_png.rf.d39620b3cbcd4d63a721bbc980285294,yolo,boots,0.8392630815505981,0.7395886421203614,0.9515186309814453,0.8095890998840332,0.9998667716979981
anuragraj03__frame00161_png.rf.d39620b3cbcd4d63a721bbc980285294,yolo,no-helmet,0.8094688057899475,0.00023082345724105834,0.46021060943603515,0.04532142281532288,0.5573947429656982
anuragraj03__frame00161_png.rf.d39620b3cbcd4d63a721bbc980285294,yolo,boots,0.7784155607223511,0.8319236755371093,0.9273058891296386,0.873568344116211,0.9993991851806641
anuragraj03__frame00161_png.rf.d39620b3cbcd4d63a721bbc980285294,yolo,no-boots,0.7140443921089172,0.017237743735313414,0.7601382255554199,0.051793670654296874,0.8095926284790039
anuragraj03__frame00161_png.rf.d39620b3cbcd4d63a721bbc980285294,yolo,no-boots,0.6550402641296387,0.05470085144042969,0.765943193435669,0.08828858137130738,0.8122684478759765
anuragraj03__frame00161_png.rf.d39620b3cbcd4d63a721bbc980285294,yolo,no-helmet,0.6182526350021362,0.2818206787109375,0.48426270484924316,0.3635671138763428,0.6196042537689209
anuragraj03__frame00161_png.rf.d39620b3cbcd4d63a721bbc980285294,yolo,no-boots,0.5673050284385681,0.3128484010696411,0.9477760314941406,0.3625574350357056,0.9950819969177246
anuragraj03__frame00161_png.rf.d39620b3cbcd4d63a721bbc980285294,yolo,no-helmet,0.42948806285858154,0.2802088737487793,0.4817806720733643,0.374365234375,0.6577836990356445
anuragraj03__frame00161_png.rf.d39620b3cbcd4d63a721bbc980285294,yolo,no-boots,0.29547756910324097,0.31263484954833987,0.9496669769287109,0.36251158714294435,0.9959622383117676
anuragraj03__frame00161_png.rf.d39620b3cbcd4d63a721bbc980285294,ollama,person,,,,,
anuragraj03__frame00161_png.rf.d39620b3cbcd4d63a721bbc980285294,ollama,no-gloves,,,,,
anuragraj03__frame00161_png.rf.d39620b3cbcd4d63a721bbc980285294,ollama,no-boots,,,,,
anuragraj03__frame00161_png.rf.d39620b3cbcd4d63a721bbc980285294,ollama,no-vest,,,,,
anuragraj03__frame00161_png.rf.d39620b3cbcd4d63a721bbc980285294,qwen3-vl,person,,,,,
anuragraj03__frame00161_png.rf.d39620b3cbcd4d63a721bbc980285294,qwen3-vl,no-helmet,,,,,
anuragraj03__frame00161_png.rf.d39620b3cbcd4d63a721bbc980285294,qwen3-vl,no-gloves,,,,,
anuragraj03__frame00161_png.rf.d39620b3cbcd4d63a721bbc980285294,qwen3-vl,no-boots,,,,,
anuragraj03__frame00161_png.rf.d39620b3cbcd4d63a721bbc980285294,qwen3-vl,no-vest,,,,,
anuragraj03__frame00161_png.rf.d39620b3cbcd4d63a721bbc980285294,gemma4,person,,,,,
anuragraj03__frame00161_png.rf.d39620b3cbcd4d63a721bbc980285294,gemma4,helmet,,,,,
anuragraj03__frame00161_png.rf.d39620b3cbcd4d63a721bbc980285294,gemma4,gloves,,,,,
anuragraj03__frame00161_png.rf.d39620b3cbcd4d63a721bbc980285294,gemma4,boots,,,,,
anuragraj03__frame00161_png.rf.d39620b3cbcd4d63a721bbc980285294,gemma4,vest,,,,,
anuragraj03__frame00161_png.rf.d39620b3cbcd4d63a721bbc980285294,minicpm-v,person,,,,,
anuragraj03__frame00161_png.rf.d39620b3cbcd4d63a721bbc980285294,minicpm-v,helmet,,,,,
anuragraj03__frame00161_png.rf.d39620b3cbcd4d63a721bbc980285294,minicpm-v,gloves,,,,,
anuragraj03__frame00161_png.rf.d39620b3cbcd4d63a721bbc980285294,minicpm-v,boots,,,,,
anuragraj03__frame00161_png.rf.d39620b3cbcd4d63a721bbc980285294,minicpm-v,vest,,,,,
anuragraj03__frame00181_png.rf.e1335294658a291f70d79aff78cda23e,yolo,helmet,0.9006105065345764,0.7455572128295899,0.3856277227401733,0.7988673210144043,0.4748676300048828
anuragraj03__frame00181_png.rf.e1335294658a291f70d79aff78cda23e,yolo,helmet,0.8783624172210693,0.24561877250671388,0.31347525119781494,0.29272196292877195,0.4118218421936035
anuragraj03__frame00181_png.rf.e1335294658a291f70d79aff78cda23e,yolo,helmet,0.8666037321090698,0.10815994739532471,0.5297175884246826,0.15809481143951415,0.627198600769043
anuragraj03__frame00181_png.rf.e1335294658a291f70d79aff78cda23e,yolo,helmet,0.8649181723594666,0.7303505897521972,0.432647705078125,0.7806837558746338,0.5266392230987549
anuragraj03__frame00181_png.rf.e1335294658a291f70d79aff78cda23e,yolo,boots,0.8497159481048584,0.1441880226135254,0.8143316268920898,0.20121593475341798,0.8756723403930664
anuragraj03__frame00181_png.rf.e1335294658a291f70d79aff78cda23e,yolo,helmet,0.8418821692466736,0.5859987258911132,0.16210014820098878,0.6362657070159912,0.2510594129562378
anuragraj03__frame00181_png.rf.e1335294658a291f70d79aff78cda23e,yolo,boots,0.8209841847419739,0.5905132293701172,0.5826294898986817,0.6431476593017578,0.6544808387756348
anuragraj03__frame00181_png.rf.e1335294658a291f70d79aff78cda23e,yolo,boots,0.7967342734336853,0.6531606674194336,0.6041037082672119,0.694692850112915,0.669383955001831
anuragraj03__frame00181_png.rf.e1335294658a291f70d79aff78cda23e,yolo,gloves,0.7940709590911865,0.13942387104034423,0.6884497165679931,0.18072415590286256,0.7550253868103027
anuragraj03__frame00181_png.rf.e1335294658a291f70d79aff78cda23e,yolo,no-boots,0.7924131155014038,0.6450565338134766,0.6916809558868409,0.695304012298584,0.7507933616638184
anuragraj03__frame00181_png.rf.e1335294658a291f70d79aff78cda23e,yolo,helmet,0.7778069972991943,0.21746573448181153,0.16865746974945067,0.2513936996459961,0.21319563388824464
anuragraj03__frame00181_png.rf.e1335294658a291f70d79aff78cda23e,yolo,no-boots,0.7616372108459473,0.663780403137207,0.7235350131988525,0.7152742385864258,0.7749828338623047
anuragraj03__frame00181_png.rf.e1335294658a291f70d79aff78cda23e,yolo,boots,0.6874929070472717,0.299437141418457,0.5352879524230957,0.3319258689880371,0.5909351825714111
anuragraj03__frame00181_png.rf.e1335294658a291f70d79aff78cda23e,yolo,boots,0.6522221565246582,0.5879988670349121,0.5450775623321533,0.6382389545440674,0.6108347415924072
anuragraj03__frame00181_png.rf.e1335294658a291f70d79aff78cda23e,yolo,gloves,0.6294785141944885,0.08742986917495728,0.7461480617523193,0.13715287446975707,0.8184321403503418
anuragraj03__frame00181_png.rf.e1335294658a291f70d79aff78cda23e,yolo,boots,0.531151294708252,0.7060633182525635,0.6616857051849365,0.744502067565918,0.7152595520019531
anuragraj03__frame00181_png.rf.e1335294658a291f70d79aff78cda23e,yolo,boots,0.4684097468852997,0.19096572399139405,0.3667492151260376,0.22412848472595215,0.4234267234802246
anuragraj03__frame00181_png.rf.e1335294658a291f70d79aff78cda23e,yolo,boots,0.4480611979961395,0.1874126076698303,0.7626602649688721,0.23242039680480958,0.8202274322509766
anuragraj03__frame00181_png.rf.e1335294658a291f70d79aff78cda23e,yolo,boots,0.38310202956199646,0.277328634262085,0.5215368747711182,0.3133390426635742,0.5780832767486572
anuragraj03__frame00181_png.rf.e1335294658a291f70d79aff78cda23e,ollama,person,,,,,
anuragraj03__frame00181_png.rf.e1335294658a291f70d79aff78cda23e,ollama,helmet,,,,,
anuragraj03__frame00181_png.rf.e1335294658a291f70d79aff78cda23e,ollama,gloves,,,,,
anuragraj03__frame00181_png.rf.e1335294658a291f70d79aff78cda23e,ollama,boots,,,,,
anuragraj03__frame00181_png.rf.e1335294658a291f70d79aff78cda23e,ollama,vest,,,,,
anuragraj03__frame00181_png.rf.e1335294658a291f70d79aff78cda23e,qwen3-vl,person,,,,,
anuragraj03__frame00181_png.rf.e1335294658a291f70d79aff78cda23e,qwen3-vl,helmet,,,,,
anuragraj03__frame00181_png.rf.e1335294658a291f70d79aff78cda23e,qwen3-vl,boots,,,,,
anuragraj03__frame00181_png.rf.e1335294658a291f70d79aff78cda23e,qwen3-vl,no-gloves,,,,,
anuragraj03__frame00181_png.rf.e1335294658a291f70d79aff78cda23e,gemma4,person,,,,,
anuragraj03__frame00181_png.rf.e1335294658a291f70d79aff78cda23e,gemma4,helmet,,,,,
anuragraj03__frame00181_png.rf.e1335294658a291f70d79aff78cda23e,gemma4,gloves,,,,,
anuragraj03__frame00181_png.rf.e1335294658a291f70d79aff78cda23e,gemma4,boots,,,,,
anuragraj03__frame00181_png.rf.e1335294658a291f70d79aff78cda23e,gemma4,vest,,,,,
anuragraj03__frame00181_png.rf.e1335294658a291f70d79aff78cda23e,gemma4,no-gloves,,,,,
anuragraj03__frame00181_png.rf.e1335294658a291f70d79aff78cda23e,minicpm-v,person,,,,,
anuragraj03__frame00181_png.rf.e1335294658a291f70d79aff78cda23e,minicpm-v,helmet,,,,,
anuragraj03__frame00181_png.rf.e1335294658a291f70d79aff78cda23e,minicpm-v,gloves,,,,,
anuragraj03__frame00181_png.rf.e1335294658a291f70d79aff78cda23e,minicpm-v,boots,,,,,
anuragraj03__frame00181_png.rf.e1335294658a291f70d79aff78cda23e,minicpm-v,vest,,,,,
anuragraj03__frame00201_png.rf.aac99eb08f965b47bf3a4e6925999a27,yolo,helmet,0.8663986921310425,0.4038836479187012,0.37841660976409913,0.44015979766845703,0.44777750968933105
anuragraj03__frame00201_png.rf.aac99eb08f965b47bf3a4e6925999a27,yolo,helmet,0.8412602543830872,0.378977108001709,0.3183763027191162,0.4163519859313965,0.38573341369628905
anuragraj03__frame00201_png.rf.aac99eb08f965b47bf3a4e6925999a27,yolo,helmet,0.8337475061416626,0.4973182201385498,0.375651216506958,0.5304679870605469,0.44132261276245116
anuragraj03__frame00201_png.rf.aac99eb08f965b47bf3a4e6925999a27,yolo,helmet,0.8066862225532532,0.5124159812927246,0.2676073551177979,0.5492249011993409,0.3397587060928345
anuragraj03__frame00201_png.rf.aac99eb08f965b47bf3a4e6925999a27,yolo,helmet,0.7920811176300049,0.44475750923156737,0.3298368453979492,0.4829280853271484,0.4006640911102295
anuragraj03__frame00201_png.rf.aac99eb08f965b47bf3a4e6925999a27,yolo,helmet,0.7456434965133667,0.5788249492645263,0.30890712738037107,0.613566780090332,0.39015989303588866
anuragraj03__frame00201_png.rf.aac99eb08f965b47bf3a4e6925999a27,yolo,helmet,0.6589488983154297,0.5097153663635254,0.31765692234039306,0.5451833248138428,0.3826630115509033
anuragraj03__frame00201_png.rf.aac99eb08f965b47bf3a4e6925999a27,yolo,helmet,0.6088048219680786,0.4945183277130127,0.3180401802062988,0.530876350402832,0.386327862739563
anuragraj03__frame00201_png.rf.aac99eb08f965b47bf3a4e6925999a27,yolo,helmet,0.4516593813896179,0.436612606048584,0.33915860652923585,0.47345676422119143,0.4061568260192871
anuragraj03__frame00201_png.rf.aac99eb08f965b47bf3a4e6925999a27,yolo,helmet,0.31167688965797424,0.5592521667480469,0.3187174081802368,0.5899285793304443,0.39337375164031985
anuragraj03__frame00201_png.rf.aac99eb08f965b47bf3a4e6925999a27,ollama,person,,,,,
anuragraj03__frame00201_png.rf.aac99eb08f965b47bf3a4e6925999a27,ollama,helmet,,,,,
anuragraj03__frame00201_png.rf.aac99eb08f965b47bf3a4e6925999a27,ollama,gloves,,,,,
anuragraj03__frame00201_png.rf.aac99eb08f965b47bf3a4e6925999a27,ollama,boots,,,,,
anuragraj03__frame00201_png.rf.aac99eb08f965b47bf3a4e6925999a27,ollama,no-vest,,,,,
anuragraj03__frame00201_png.rf.aac99eb08f965b47bf3a4e6925999a27,qwen3-vl,person,,,,,
anuragraj03__frame00201_png.rf.aac99eb08f965b47bf3a4e6925999a27,qwen3-vl,helmet,,,,,
anuragraj03__frame00201_png.rf.aac99eb08f965b47bf3a4e6925999a27,gemma4,person,,,,,
anuragraj03__frame00201_png.rf.aac99eb08f965b47bf3a4e6925999a27,gemma4,helmet,,,,,
anuragraj03__frame00201_png.rf.aac99eb08f965b47bf3a4e6925999a27,gemma4,gloves,,,,,
anuragraj03__frame00201_png.rf.aac99eb08f965b47bf3a4e6925999a27,gemma4,boots,,,,,
anuragraj03__frame00201_png.rf.aac99eb08f965b47bf3a4e6925999a27,gemma4,vest,,,,,
anuragraj03__frame00201_png.rf.aac99eb08f965b47bf3a4e6925999a27,minicpm-v,person,,,,,
anuragraj03__frame00201_png.rf.aac99eb08f965b47bf3a4e6925999a27,minicpm-v,helmet,,,,,
anuragraj03__frame00201_png.rf.aac99eb08f965b47bf3a4e6925999a27,minicpm-v,boots,,,,,
anuragraj03__frame00201_png.rf.aac99eb08f965b47bf3a4e6925999a27,minicpm-v,no-gloves,,,,,
anuragraj03__frame00251_png.rf.b8fc8a2d58a7f66e43a32924b18967f9,yolo,no-helmet,0.8482049703598022,0.7671596050262451,0.17435460090637206,0.7875968456268311,0.21191017627716063
anuragraj03__frame00251_png.rf.b8fc8a2d58a7f66e43a32924b18967f9,yolo,no-helmet,0.8321289420127869,0.5374869346618653,0.17297255992889404,0.5565863609313965,0.20698232650756837
anuragraj03__frame00251_png.rf.b8fc8a2d58a7f66e43a32924b18967f9,yolo,no-boots,0.6724351048469543,0.7352590560913086,0.34010329246521,0.7540839195251465,0.3691141605377197
anuragraj03__frame00251_png.rf.b8fc8a2d58a7f66e43a32924b18967f9,yolo,no-boots,0.4495766758918762,0.767699909210205,0.3454932451248169,0.7861024856567382,0.3751979827880859
anuragraj03__frame00251_png.rf.b8fc8a2d58a7f66e43a32924b18967f9,yolo,no-boots,0.3967913091182709,0.7664239406585693,0.3435235500335693,0.7857660770416259,0.37434844970703124
anuragraj03__frame00251_png.rf.b8fc8a2d58a7f66e43a32924b18967f9,yolo,no-boots,0.3395286798477173,0.5256328582763672,0.32808995246887207,0.5455329895019532,0.35494413375854494
anuragraj03__frame00251_png.rf.b8fc8a2d58a7f66e43a32924b18967f9,yolo,no-boots,0.32516536116600037,0.5409110069274903,0.3399410963058472,0.5611865520477295,0.36503541469573975
anuragraj03__frame00251_png.rf.b8fc8a2d58a7f66e43a32924b18967f9,yolo,no-boots,0.27175307273864746,0.5247437000274658,0.3245928525924683,0.5444533824920654,0.3524874210357666
anuragraj03__frame00251_png.rf.b8fc8a2d58a7f66e43a32924b18967f9,ollama,person,,,,,
anuragraj03__frame00251_png.rf.b8fc8a2d58a7f66e43a32924b18967f9,ollama,helmet,,,,,
anuragraj03__frame00251_png.rf.b8fc8a2d58a7f66e43a32924b18967f9,ollama,gloves,,,,,
anuragraj03__frame00251_png.rf.b8fc8a2d58a7f66e43a32924b18967f9,ollama,boots,,,,,
anuragraj03__frame00251_png.rf.b8fc8a2d58a7f66e43a32924b18967f9,ollama,vest,,,,,
anuragraj03__frame00251_png.rf.b8fc8a2d58a7f66e43a32924b18967f9,ollama,no-helmet,,,,,
anuragraj03__frame00251_png.rf.b8fc8a2d58a7f66e43a32924b18967f9,ollama,no-gloves,,,,,
anuragraj03__frame00251_png.rf.b8fc8a2d58a7f66e43a32924b18967f9,ollama,no-boots,,,,,
anuragraj03__frame00251_png.rf.b8fc8a2d58a7f66e43a32924b18967f9,qwen3-vl,person,,,,,
anuragraj03__frame00251_png.rf.b8fc8a2d58a7f66e43a32924b18967f9,qwen3-vl,no-helmet,,,,,
anuragraj03__frame00251_png.rf.b8fc8a2d58a7f66e43a32924b18967f9,qwen3-vl,no-gloves,,,,,
anuragraj03__frame00251_png.rf.b8fc8a2d58a7f66e43a32924b18967f9,qwen3-vl,no-boots,,,,,
anuragraj03__frame00251_png.rf.b8fc8a2d58a7f66e43a32924b18967f9,qwen3-vl,no-vest,,,,,
anuragraj03__frame00251_png.rf.b8fc8a2d58a7f66e43a32924b18967f9,gemma4,person,,,,,
anuragraj03__frame00251_png.rf.b8fc8a2d58a7f66e43a32924b18967f9,gemma4,boots,,,,,
anuragraj03__frame00251_png.rf.b8fc8a2d58a7f66e43a32924b18967f9,gemma4,no-gloves,,,,,
anuragraj03__frame00251_png.rf.b8fc8a2d58a7f66e43a32924b18967f9,gemma4,no-vest,,,,,
anuragraj03__frame00251_png.rf.b8fc8a2d58a7f66e43a32924b18967f9,minicpm-v,person,,,,,
anuragraj03__frame00251_png.rf.b8fc8a2d58a7f66e43a32924b18967f9,minicpm-v,helmet,,,,,
anuragraj03__frame00251_png.rf.b8fc8a2d58a7f66e43a32924b18967f9,minicpm-v,gloves,,,,,
anuragraj03__frame00251_png.rf.b8fc8a2d58a7f66e43a32924b18967f9,minicpm-v,boots,,,,,
anuragraj03__frame00251_png.rf.b8fc8a2d58a7f66e43a32924b18967f9,minicpm-v,no-vest,,,,,
anuragraj03__frame00281_png.rf.5ad3ea5aa3d13b16c25137ed015da273,yolo,helmet,0.9000088572502136,0.28451361656188967,0.5688489437103271,0.3390305280685425,0.6695387840270997
anuragraj03__frame00281_png.rf.5ad3ea5aa3d13b16c25137ed015da273,yolo,boots,0.8871399164199829,0.16619594097137452,0.9180924415588378,0.2107016324996948,0.9646336555480957
anuragraj03__frame00281_png.rf.5ad3ea5aa3d13b16c25137ed015da273,yolo,helmet,0.882434606552124,0.42332658767700193,0.515958023071289,0.47725529670715333,0.6255673408508301
anuragraj03__frame00281_png.rf.5ad3ea5aa3d13b16c25137ed015da273,yolo,helmet,0.8823407888412476,0.40680770874023436,0.4312421798706055,0.46456007957458495,0.5500325202941895
anuragraj03__frame00281_png.rf.5ad3ea5aa3d13b16c25137ed015da273,yolo,helmet,0.87568199634552,0.17417916059494018,0.4703360557556152,0.24109797477722167,0.5729842185974121
anuragraj03__frame00281_png.rf.5ad3ea5aa3d13b16c25137ed015da273,yolo,helmet,0.8703135848045349,0.4135944366455078,0.40983033180236816,0.46310839653015134,0.4867298126220703
anuragraj03__frame00281_png.rf.5ad3ea5aa3d13b16c25137ed015da273,yolo,helmet,0.8687065839767456,0.23934357166290282,0.5005724430084229,0.2927753210067749,0.6049591541290283
anuragraj03__frame00281_png.rf.5ad3ea5aa3d13b16c25137ed015da273,yolo,helmet,0.8558575510978699,0.3251232147216797,0.3740656614303589,0.37907307147979735,0.48788886070251464
anuragraj03__frame00281_png.rf.5ad3ea5aa3d13b16c25137ed015da273,yolo,boots,0.8426461219787598,0.3237051486968994,0.8285689353942871,0.36483614444732665,0.8989495277404785
anuragraj03__frame00281_png.rf.5ad3ea5aa3d13b16c25137ed015da273,yolo,gloves,0.7977281212806702,0.36130833625793457,0.6645419597625732,0.4076819896697998,0.7920769691467285
anuragraj03__frame00281_png.rf.5ad3ea5aa3d13b16c25137ed015da273,yolo,gloves,0.7910537719726562,0.1685083508491516,0.7373875141143799,0.20869817733764648,0.8441098213195801
anuragraj03__frame00281_png.rf.5ad3ea5aa3d13b16c25137ed015da273,ollama,person,,,,,
anuragraj03__frame00281_png.rf.5ad3ea5aa3d13b16c25137ed015da273,ollama,helmet,,,,,
anuragraj03__frame00281_png.rf.5ad3ea5aa3d13b16c25137ed015da273,ollama,gloves,,,,,
anuragraj03__frame00281_png.rf.5ad3ea5aa3d13b16c25137ed015da273,ollama,boots,,,,,
anuragraj03__frame00281_png.rf.5ad3ea5aa3d13b16c25137ed015da273,ollama,no-helmet,,,,,
anuragraj03__frame00281_png.rf.5ad3ea5aa3d13b16c25137ed015da273,ollama,no-gloves,,,,,
anuragraj03__frame00281_png.rf.5ad3ea5aa3d13b16c25137ed015da273,ollama,no-boots,,,,,
anuragraj03__frame00281_png.rf.5ad3ea5aa3d13b16c25137ed015da273,ollama,no-vest,,,,,
anuragraj03__frame00281_png.rf.5ad3ea5aa3d13b16c25137ed015da273,qwen3-vl,person,,,,,
anuragraj03__frame00281_png.rf.5ad3ea5aa3d13b16c25137ed015da273,qwen3-vl,helmet,,,,,
anuragraj03__frame00281_png.rf.5ad3ea5aa3d13b16c25137ed015da273,qwen3-vl,no-gloves,,,,,
anuragraj03__frame00281_png.rf.5ad3ea5aa3d13b16c25137ed015da273,gemma4,person,,,,,
anuragraj03__frame00281_png.rf.5ad3ea5aa3d13b16c25137ed015da273,gemma4,helmet,,,,,
anuragraj03__frame00281_png.rf.5ad3ea5aa3d13b16c25137ed015da273,gemma4,gloves,,,,,
anuragraj03__frame00281_png.rf.5ad3ea5aa3d13b16c25137ed015da273,gemma4,boots,,,,,
anuragraj03__frame00281_png.rf.5ad3ea5aa3d13b16c25137ed015da273,gemma4,vest,,,,,
anuragraj03__frame00281_png.rf.5ad3ea5aa3d13b16c25137ed015da273,minicpm-v,person,,,,,
anuragraj03__frame00281_png.rf.5ad3ea5aa3d13b16c25137ed015da273,minicpm-v,helmet,,,,,
anuragraj03__frame00281_png.rf.5ad3ea5aa3d13b16c25137ed015da273,minicpm-v,gloves,,,,,
anuragraj03__frame00281_png.rf.5ad3ea5aa3d13b16c25137ed015da273,minicpm-v,boots,,,,,
anuragraj03__frame00281_png.rf.5ad3ea5aa3d13b16c25137ed015da273,minicpm-v,vest,,,,,
anuragraj03__frame00281_png.rf.5dce68995fcd9c537643a5e9165dcad9,yolo,no-helmet,0.8572829365730286,0.7984744548797608,0.18224161863327026,0.8183563232421875,0.22089972496032714
anuragraj03__frame00281_png.rf.5dce68995fcd9c537643a5e9165dcad9,yolo,no-helmet,0.7974993586540222,0.5395153045654297,0.17471048831939698,0.5582009315490722,0.20679399967193604
anuragraj03__frame00281_png.rf.5dce68995fcd9c537643a5e9165dcad9,yolo,no-boots,0.5167346000671387,0.7835078716278077,0.35284583568572997,0.7995529174804688,0.38585035800933837
anuragraj03__frame00281_png.rf.5dce68995fcd9c537643a5e9165dcad9,yolo,no-boots,0.5015823841094971,0.7971177101135254,0.3516175985336304,0.8142854690551757,0.38517327308654786
anuragraj03__frame00281_png.rf.5dce68995fcd9c537643a5e9165dcad9,yolo,no-boots,0.45587193965911865,0.5252007007598877,0.32958593368530276,0.5465867996215821,0.3567391633987427
anuragraj03__frame00281_png.rf.5dce68995fcd9c537643a5e9165dcad9,ollama,person,,,,,
anuragraj03__frame00281_png.rf.5dce68995fcd9c537643a5e9165dcad9,ollama,gloves,,,,,
anuragraj03__frame00281_png.rf.5dce68995fcd9c537643a5e9165dcad9,ollama,boots,,,,,
anuragraj03__frame00281_png.rf.5dce68995fcd9c537643a5e9165dcad9,ollama,vest,,,,,
anuragraj03__frame00281_png.rf.5dce68995fcd9c537643a5e9165dcad9,ollama,no-boots,,,,,
anuragraj03__frame00281_png.rf.5dce68995fcd9c537643a5e9165dcad9,qwen3-vl,person,,,,,
anuragraj03__frame00281_png.rf.5dce68995fcd9c537643a5e9165dcad9,qwen3-vl,no-helmet,,,,,
anuragraj03__frame00281_png.rf.5dce68995fcd9c537643a5e9165dcad9,qwen3-vl,no-gloves,,,,,
anuragraj03__frame00281_png.rf.5dce68995fcd9c537643a5e9165dcad9,qwen3-vl,no-boots,,,,,
anuragraj03__frame00281_png.rf.5dce68995fcd9c537643a5e9165dcad9,qwen3-vl,no-vest,,,,,
anuragraj03__frame00281_png.rf.5dce68995fcd9c537643a5e9165dcad9,gemma4,person,,,,,
anuragraj03__frame00281_png.rf.5dce68995fcd9c537643a5e9165dcad9,gemma4,helmet,,,,,
anuragraj03__frame00281_png.rf.5dce68995fcd9c537643a5e9165dcad9,gemma4,gloves,,,,,
anuragraj03__frame00281_png.rf.5dce68995fcd9c537643a5e9165dcad9,gemma4,boots,,,,,
anuragraj03__frame00281_png.rf.5dce68995fcd9c537643a5e9165dcad9,gemma4,vest,,,,,
anuragraj03__frame00281_png.rf.5dce68995fcd9c537643a5e9165dcad9,minicpm-v,person,,,,,
anuragraj03__frame00281_png.rf.5dce68995fcd9c537643a5e9165dcad9,minicpm-v,gloves,,,,,
anuragraj03__frame00281_png.rf.5dce68995fcd9c537643a5e9165dcad9,minicpm-v,boots,,,,,
anuragraj03__frame00321_png.rf.48468f9b6da4f0ef126620cc284b19f1,yolo,no-boots,0.7978625297546387,0.00772721990942955,0.5195528030395508,0.036899137496948245,0.5611639022827148
anuragraj03__frame00321_png.rf.48468f9b6da4f0ef126620cc284b19f1,yolo,no-helmet,0.7701901793479919,0.005670325458049774,0.2898627758026123,0.03474777340888977,0.34393746852874757
anuragraj03__frame00321_png.rf.48468f9b6da4f0ef126620cc284b19f1,yolo,no-boots,0.7246719002723694,0.03696436285972595,0.5117995738983154,0.05789968967437744,0.5483053684234619
anuragraj03__frame00321_png.rf.48468f9b6da4f0ef126620cc284b19f1,ollama,person,,,,,
anuragraj03__frame00321_png.rf.48468f9b6da4f0ef126620cc284b19f1,qwen3-vl,person,,,,,
anuragraj03__frame00321_png.rf.48468f9b6da4f0ef126620cc284b19f1,qwen3-vl,no-helmet,,,,,
anuragraj03__frame00321_png.rf.48468f9b6da4f0ef126620cc284b19f1,qwen3-vl,no-gloves,,,,,
anuragraj03__frame00321_png.rf.48468f9b6da4f0ef126620cc284b19f1,qwen3-vl,no-boots,,,,,
anuragraj03__frame00321_png.rf.48468f9b6da4f0ef126620cc284b19f1,qwen3-vl,no-vest,,,,,
anuragraj03__frame00321_png.rf.48468f9b6da4f0ef126620cc284b19f1,gemma4,person,,,,,
anuragraj03__frame00321_png.rf.48468f9b6da4f0ef126620cc284b19f1,gemma4,no-helmet,,,,,
anuragraj03__frame00321_png.rf.48468f9b6da4f0ef126620cc284b19f1,gemma4,no-gloves,,,,,
anuragraj03__frame00321_png.rf.48468f9b6da4f0ef126620cc284b19f1,gemma4,no-boots,,,,,
anuragraj03__frame00321_png.rf.48468f9b6da4f0ef126620cc284b19f1,gemma4,no-vest,,,,,
anuragraj03__frame00321_png.rf.48468f9b6da4f0ef126620cc284b19f1,minicpm-v,person,,,,,
anuragraj03__frame00321_png.rf.48468f9b6da4f0ef126620cc284b19f1,minicpm-v,boots,,,,,
anuragraj03__frame00321_png.rf.48468f9b6da4f0ef126620cc284b19f1,minicpm-v,no-helmet,,,,,
anuragraj03__frame00321_png.rf.48468f9b6da4f0ef126620cc284b19f1,minicpm-v,no-gloves,,,,,
anuragraj03__frame00321_png.rf.48468f9b6da4f0ef126620cc284b19f1,minicpm-v,no-vest,,,,,
anuragraj03__frame00341_png.rf.245ece433cfcb149a31c1fcf649d5972,yolo,helmet,0.8975033760070801,0.28842456340789796,0.5703337669372559,0.34052309989929197,0.6714337825775146
anuragraj03__frame00341_png.rf.245ece433cfcb149a31c1fcf649d5972,yolo,helmet,0.8892577290534973,0.17407103776931762,0.4685213088989258,0.24310133457183838,0.5722681522369385
anuragraj03__frame00341_png.rf.245ece433cfcb149a31c1fcf649d5972,yolo,helmet,0.8870497941970825,0.4116204738616943,0.43459339141845704,0.4725167274475098,0.5535093307495117
anuragraj03__frame00341_png.rf.245ece433cfcb149a31c1fcf649d5972,yolo,helmet,0.8635317087173462,0.3218236923217773,0.37206735610961916,0.37814812660217284,0.4887552738189697
anuragraj03__frame00341_png.rf.245ece433cfcb149a31c1fcf649d5972,yolo,helmet,0.8617741465568542,0.22059404850006104,0.5039368152618409,0.2766722679138184,0.6110482692718506
anuragraj03__frame00341_png.rf.245ece433cfcb149a31c1fcf649d5972,yolo,helmet,0.8617092967033386,0.42935748100280763,0.5836488723754882,0.4889270782470703,0.6965799331665039
anuragraj03__frame00341_png.rf.245ece433cfcb149a31c1fcf649d5972,yolo,helmet,0.8391521573066711,0.43319087028503417,0.4103707313537598,0.48188419342041017,0.49634342193603515
anuragraj03__frame00341_png.rf.245ece433cfcb149a31c1fcf649d5972,yolo,boots,0.8371698260307312,0.3227865695953369,0.8296232223510742,0.36390731334686277,0.9009307861328125
anuragraj03__frame00341_png.rf.245ece433cfcb149a31c1fcf649d5972,yolo,boots,0.7078248858451843,0.16377757787704467,0.9154916763305664,0.20125997066497803,0.963084602355957
anuragraj03__frame00341_png.rf.245ece433cfcb149a31c1fcf649d5972,yolo,gloves,0.6578251719474792,0.3575882434844971,0.6667953491210937,0.40153841972351073,0.7901121616363526
anuragraj03__frame00341_png.rf.245ece433cfcb149a31c1fcf649d5972,yolo,gloves,0.5960665345191956,0.161078941822052,0.7360140323638916,0.1972842574119568,0.8499777793884278
anuragraj03__frame00341_png.rf.245ece433cfcb149a31c1fcf649d5972,ollama,person,,,,,
anuragraj03__frame00341_png.rf.245ece433cfcb149a31c1fcf649d5972,ollama,helmet,,,,,
anuragraj03__frame00341_png.rf.245ece433cfcb149a31c1fcf649d5972,ollama,gloves,,,,,
anuragraj03__frame00341_png.rf.245ece433cfcb149a31c1fcf649d5972,ollama,boots,,,,,
anuragraj03__frame00341_png.rf.245ece433cfcb149a31c1fcf649d5972,ollama,vest,,,,,
anuragraj03__frame00341_png.rf.245ece433cfcb149a31c1fcf649d5972,qwen3-vl,person,,,,,
anuragraj03__frame00341_png.rf.245ece433cfcb149a31c1fcf649d5972,qwen3-vl,helmet,,,,,
anuragraj03__frame00341_png.rf.245ece433cfcb149a31c1fcf649d5972,qwen3-vl,gloves,,,,,
anuragraj03__frame00341_png.rf.245ece433cfcb149a31c1fcf649d5972,qwen3-vl,boots,,,,,
anuragraj03__frame00341_png.rf.245ece433cfcb149a31c1fcf649d5972,qwen3-vl,vest,,,,,
anuragraj03__frame00341_png.rf.245ece433cfcb149a31c1fcf649d5972,gemma4,person,,,,,
anuragraj03__frame00341_png.rf.245ece433cfcb149a31c1fcf649d5972,gemma4,helmet,,,,,
anuragraj03__frame00341_png.rf.245ece433cfcb149a31c1fcf649d5972,gemma4,boots,,,,,
anuragraj03__frame00341_png.rf.245ece433cfcb149a31c1fcf649d5972,gemma4,vest,,,,,
anuragraj03__frame00341_png.rf.245ece433cfcb149a31c1fcf649d5972,gemma4,no-gloves,,,,,
anuragraj03__frame00341_png.rf.245ece433cfcb149a31c1fcf649d5972,minicpm-v,person,,,,,
anuragraj03__frame00341_png.rf.245ece433cfcb149a31c1fcf649d5972,minicpm-v,helmet,,,,,
anuragraj03__frame00341_png.rf.245ece433cfcb149a31c1fcf649d5972,minicpm-v,boots,,,,,
anuragraj03__frame00341_png.rf.245ece433cfcb149a31c1fcf649d5972,minicpm-v,vest,,,,,
anuragraj03__frame02011_png.rf.abde577bbaceb74745800fd9a35f3987,yolo,boots,0.8370752930641174,0.6778563499450684,0.898265266418457,0.7193803310394287,0.951519775390625
anuragraj03__frame02011_png.rf.abde577bbaceb74745800fd9a35f3987,yolo,helmet,0.8301605582237244,0.5395122528076172,0.3607402086257935,0.5819633960723877,0.4307281970977783
anuragraj03__frame02011_png.rf.abde577bbaceb74745800fd9a35f3987,yolo,helmet,0.829410970211029,0.43745903968811034,0.3754296779632568,0.48532767295837403,0.466859769821167
anuragraj03__frame02011_png.rf.abde577bbaceb74745800fd9a35f3987,yolo,helmet,0.801668643951416,0.7856184005737304,0.4529849052429199,0.8292222023010254,0.5505341529846192
anuragraj03__frame02011_png.rf.abde577bbaceb74745800fd9a35f3987,yolo,no-helmet,0.7761970162391663,0.7155142784118652,0.5442185878753663,0.7569010257720947,0.6338810920715332
anuragraj03__frame02011_png.rf.abde577bbaceb74745800fd9a35f3987,yolo,gloves,0.749545693397522,0.505173635482788,0.488770055770874,0.5457427024841308,0.5449865341186524
anuragraj03__frame02011_png.rf.abde577bbaceb74745800fd9a35f3987,yolo,no-helmet,0.7362473011016846,0.7743420600891113,0.5425791263580322,0.8137051582336425,0.6210812091827392
anuragraj03__frame02011_png.rf.abde577bbaceb74745800fd9a35f3987,yolo,boots,0.7355766892433167,0.41144819259643556,0.571892786026001,0.4654550552368164,0.6313984870910645
anuragraj03__frame02011_png.rf.abde577bbaceb74745800fd9a35f3987,yolo,boots,0.7350819110870361,0.46485066413879395,0.6333847999572754,0.5003534317016601,0.6869749546051025
anuragraj03__frame02011_png.rf.abde577bbaceb74745800fd9a35f3987,yolo,boots,0.5275603532791138,0.505388879776001,0.6356658935546875,0.5362801074981689,0.6889954090118409
anuragraj03__frame02011_png.rf.abde577bbaceb74745800fd9a35f3987,yolo,gloves,0.4492812752723694,0.7875483512878418,0.7452564239501953,0.8320001602172852,0.8466425895690918
anuragraj03__frame02011_png.rf.abde577bbaceb74745800fd9a35f3987,yolo,helmet,0.3094745874404907,0.7875483512878418,0.7452564239501953,0.8320001602172852,0.8466425895690918
anuragraj03__frame02011_png.rf.abde577bbaceb74745800fd9a35f3987,ollama,person,,,,,
anuragraj03__frame02011_png.rf.abde577bbaceb74745800fd9a35f3987,ollama,boots,,,,,
anuragraj03__frame02011_png.rf.abde577bbaceb74745800fd9a35f3987,ollama,no-helmet,,,,,
anuragraj03__frame02011_png.rf.abde577bbaceb74745800fd9a35f3987,ollama,no-gloves,,,,,
anuragraj03__frame02011_png.rf.abde577bbaceb74745800fd9a35f3987,ollama,no-boots,,,,,
anuragraj03__frame02011_png.rf.abde577bbaceb74745800fd9a35f3987,ollama,no-vest,,,,,
anuragraj03__frame02011_png.rf.abde577bbaceb74745800fd9a35f3987,qwen3-vl,person,,,,,
anuragraj03__frame02011_png.rf.abde577bbaceb74745800fd9a35f3987,qwen3-vl,helmet,,,,,
anuragraj03__frame02011_png.rf.abde577bbaceb74745800fd9a35f3987,qwen3-vl,no-gloves,,,,,
anuragraj03__frame02011_png.rf.abde577bbaceb74745800fd9a35f3987,qwen3-vl,no-boots,,,,,
anuragraj03__frame02011_png.rf.abde577bbaceb74745800fd9a35f3987,gemma4,person,,,,,
anuragraj03__frame02011_png.rf.abde577bbaceb74745800fd9a35f3987,gemma4,helmet,,,,,
anuragraj03__frame02011_png.rf.abde577bbaceb74745800fd9a35f3987,gemma4,boots,,,,,
anuragraj03__frame02011_png.rf.abde577bbaceb74745800fd9a35f3987,gemma4,vest,,,,,
anuragraj03__frame02011_png.rf.abde577bbaceb74745800fd9a35f3987,minicpm-v,person,,,,,
anuragraj03__frame02011_png.rf.abde577bbaceb74745800fd9a35f3987,minicpm-v,helmet,,,,,
anuragraj03__frame02011_png.rf.abde577bbaceb74745800fd9a35f3987,minicpm-v,gloves,,,,,
anuragraj03__frame02011_png.rf.abde577bbaceb74745800fd9a35f3987,minicpm-v,boots,,,,,
anuragraj03__frame02011_png.rf.abde577bbaceb74745800fd9a35f3987,minicpm-v,vest,,,,,
anuragraj03__frame1364_jpg.rf.b1f3f9c23e4d85340bd0e0275f4027a4,yolo,no-boots,0.9284675717353821,0.7506561279296875,0.677603006362915,0.789223313331604,0.7180523872375488
anuragraj03__frame1364_jpg.rf.b1f3f9c23e4d85340bd0e0275f4027a4,yolo,boots,0.9284593462944031,0.8745609521865845,0.7582034269968668,0.9108778834342957,0.8439180056254069
anuragraj03__frame1364_jpg.rf.b1f3f9c23e4d85340bd0e0275f4027a4,yolo,boots,0.8864954710006714,0.8481307029724121,0.7596578598022461,0.8798791170120239,0.8304295539855957
anuragraj03__frame1364_jpg.rf.b1f3f9c23e4d85340bd0e0275f4027a4,yolo,no-boots,0.6915622353553772,0.797261655330658,0.720346212387085,0.8258135914802551,0.7605358759562174
anuragraj03__frame1364_jpg.rf.b1f3f9c23e4d85340bd0e0275f4027a4,ollama,person,,,,,
anuragraj03__frame1364_jpg.rf.b1f3f9c23e4d85340bd0e0275f4027a4,ollama,helmet,,,,,
anuragraj03__frame1364_jpg.rf.b1f3f9c23e4d85340bd0e0275f4027a4,ollama,gloves,,,,,
anuragraj03__frame1364_jpg.rf.b1f3f9c23e4d85340bd0e0275f4027a4,ollama,boots,,,,,
anuragraj03__frame1364_jpg.rf.b1f3f9c23e4d85340bd0e0275f4027a4,ollama,vest,,,,,
anuragraj03__frame1364_jpg.rf.b1f3f9c23e4d85340bd0e0275f4027a4,ollama,no-helmet,,,,,
anuragraj03__frame1364_jpg.rf.b1f3f9c23e4d85340bd0e0275f4027a4,ollama,no-gloves,,,,,
anuragraj03__frame1364_jpg.rf.b1f3f9c23e4d85340bd0e0275f4027a4,ollama,no-boots,,,,,
anuragraj03__frame1364_jpg.rf.b1f3f9c23e4d85340bd0e0275f4027a4,ollama,no-vest,,,,,
anuragraj03__frame1364_jpg.rf.b1f3f9c23e4d85340bd0e0275f4027a4,qwen3-vl,person,,,,,
anuragraj03__frame1364_jpg.rf.b1f3f9c23e4d85340bd0e0275f4027a4,qwen3-vl,no-boots,,,,,
anuragraj03__frame1364_jpg.rf.b1f3f9c23e4d85340bd0e0275f4027a4,gemma4,person,,,,,
anuragraj03__frame1364_jpg.rf.b1f3f9c23e4d85340bd0e0275f4027a4,gemma4,boots,,,,,
anuragraj03__frame1364_jpg.rf.b1f3f9c23e4d85340bd0e0275f4027a4,gemma4,no-gloves,,,,,
anuragraj03__frame1364_jpg.rf.b1f3f9c23e4d85340bd0e0275f4027a4,gemma4,no-vest,,,,,
anuragraj03__frame1364_jpg.rf.b1f3f9c23e4d85340bd0e0275f4027a4,minicpm-v,person,,,,,
anuragraj03__frame1364_jpg.rf.b1f3f9c23e4d85340bd0e0275f4027a4,minicpm-v,boots,,,,,
anuragraj03__frame1364_jpg.rf.b1f3f9c23e4d85340bd0e0275f4027a4,minicpm-v,vest,,,,,
anuragraj03__frame1364_jpg.rf.b1f3f9c23e4d85340bd0e0275f4027a4,minicpm-v,no-gloves,,,,,
anuragraj03__frame1378_jpg.rf.d4cb4f65371c852f10aefc75a6cbd2b7,yolo,boots,0.9304097890853882,0.8750671148300171,0.7589536507924398,0.9110404253005981,0.8433459599812826
anuragraj03__frame1378_jpg.rf.d4cb4f65371c852f10aefc75a6cbd2b7,yolo,boots,0.8905654549598694,0.8481343984603882,0.7599813143412272,0.8803237676620483,0.8314847151438395
anuragraj03__frame1378_jpg.rf.d4cb4f65371c852f10aefc75a6cbd2b7,yolo,boots,0.8126460313796997,0.8485980033874512,0.7591312726338705,0.880789577960968,0.8312780062357584
anuragraj03__frame1378_jpg.rf.d4cb4f65371c852f10aefc75a6cbd2b7,yolo,no-boots,0.8018488883972168,0.797488272190094,0.7295687993367513,0.8258917927742004,0.7709337870279948
anuragraj03__frame1378_jpg.rf.d4cb4f65371c852f10aefc75a6cbd2b7,ollama,person,,,,,
anuragraj03__frame1378_jpg.rf.d4cb4f65371c852f10aefc75a6cbd2b7,ollama,helmet,,,,,
anuragraj03__frame1378_jpg.rf.d4cb4f65371c852f10aefc75a6cbd2b7,ollama,gloves,,,,,
anuragraj03__frame1378_jpg.rf.d4cb4f65371c852f10aefc75a6cbd2b7,ollama,boots,,,,,
anuragraj03__frame1378_jpg.rf.d4cb4f65371c852f10aefc75a6cbd2b7,ollama,vest,,,,,
anuragraj03__frame1378_jpg.rf.d4cb4f65371c852f10aefc75a6cbd2b7,ollama,no-gloves,,,,,
anuragraj03__frame1378_jpg.rf.d4cb4f65371c852f10aefc75a6cbd2b7,ollama,no-boots,,,,,
anuragraj03__frame1378_jpg.rf.d4cb4f65371c852f10aefc75a6cbd2b7,ollama,no-vest,,,,,
anuragraj03__frame1378_jpg.rf.d4cb4f65371c852f10aefc75a6cbd2b7,qwen3-vl,person,,,,,
anuragraj03__frame1378_jpg.rf.d4cb4f65371c852f10aefc75a6cbd2b7,qwen3-vl,no-helmet,,,,,
anuragraj03__frame1378_jpg.rf.d4cb4f65371c852f10aefc75a6cbd2b7,qwen3-vl,no-gloves,,,,,
anuragraj03__frame1378_jpg.rf.d4cb4f65371c852f10aefc75a6cbd2b7,qwen3-vl,no-boots,,,,,
anuragraj03__frame1378_jpg.rf.d4cb4f65371c852f10aefc75a6cbd2b7,qwen3-vl,no-vest,,,,,
anuragraj03__frame1378_jpg.rf.d4cb4f65371c852f10aefc75a6cbd2b7,gemma4,person,,,,,
anuragraj03__frame1378_jpg.rf.d4cb4f65371c852f10aefc75a6cbd2b7,gemma4,boots,,,,,
anuragraj03__frame1378_jpg.rf.d4cb4f65371c852f10aefc75a6cbd2b7,gemma4,vest,,,,,
anuragraj03__frame1378_jpg.rf.d4cb4f65371c852f10aefc75a6cbd2b7,minicpm-v,person,,,,,
anuragraj03__frame1378_jpg.rf.d4cb4f65371c852f10aefc75a6cbd2b7,minicpm-v,boots,,,,,
anuragraj03__frame1378_jpg.rf.d4cb4f65371c852f10aefc75a6cbd2b7,minicpm-v,no-gloves,,,,,
anuragraj03__frame1378_jpg.rf.d4cb4f65371c852f10aefc75a6cbd2b7,minicpm-v,no-vest,,,,,
anuragraj03__goggle8765118_jpg.rf.ceb29a57a09c3b2bca74df8da253a152,yolo,gloves,0.7450591921806335,0.6313333988189698,0.4991747114393446,0.7282473564147949,0.6440116034613715
anuragraj03__goggle8765118_jpg.rf.ceb29a57a09c3b2bca74df8da253a152,yolo,no-gloves,0.6165333390235901,0.6043417453765869,0.08397074805365669,0.6864860534667969,0.15945701599121093
anuragraj03__goggle8765118_jpg.rf.ceb29a57a09c3b2bca74df8da253a152,yolo,gloves,0.380778044462204,0.00029423236846923826,0.5828015221489801,0.05931613445281982,0.7581112331814236
anuragraj03__goggle8765118_jpg.rf.ceb29a57a09c3b2bca74df8da253a152,yolo,gloves,0.26408785581588745,0.7194887161254883,0.5866929372151692,0.7991974830627442,0.7432959662543402
anuragraj03__goggle8765118_jpg.rf.ceb29a57a09c3b2bca74df8da253a152,ollama,person,,,,,
anuragraj03__goggle8765118_jpg.rf.ceb29a57a09c3b2bca74df8da253a152,ollama,helmet,,,,,
anuragraj03__goggle8765118_jpg.rf.ceb29a57a09c3b2bca74df8da253a152,ollama,gloves,,,,,
anuragraj03__goggle8765118_jpg.rf.ceb29a57a09c3b2bca74df8da253a152,ollama,boots,,,,,
anuragraj03__goggle8765118_jpg.rf.ceb29a57a09c3b2bca74df8da253a152,ollama,vest,,,,,
anuragraj03__goggle8765118_jpg.rf.ceb29a57a09c3b2bca74df8da253a152,ollama,no-helmet,,,,,
anuragraj03__goggle8765118_jpg.rf.ceb29a57a09c3b2bca74df8da253a152,ollama,no-gloves,,,,,
anuragraj03__goggle8765118_jpg.rf.ceb29a57a09c3b2bca74df8da253a152,ollama,no-boots,,,,,
anuragraj03__goggle8765118_jpg.rf.ceb29a57a09c3b2bca74df8da253a152,qwen3-vl,person,,,,,
anuragraj03__goggle8765118_jpg.rf.ceb29a57a09c3b2bca74df8da253a152,qwen3-vl,gloves,,,,,
anuragraj03__goggle8765118_jpg.rf.ceb29a57a09c3b2bca74df8da253a152,qwen3-vl,no-helmet,,,,,
anuragraj03__goggle8765118_jpg.rf.ceb29a57a09c3b2bca74df8da253a152,qwen3-vl,no-boots,,,,,
anuragraj03__goggle8765118_jpg.rf.ceb29a57a09c3b2bca74df8da253a152,gemma4,person,,,,,
anuragraj03__goggle8765118_jpg.rf.ceb29a57a09c3b2bca74df8da253a152,gemma4,gloves,,,,,
anuragraj03__goggle8765118_jpg.rf.ceb29a57a09c3b2bca74df8da253a152,gemma4,boots,,,,,
anuragraj03__goggle8765118_jpg.rf.ceb29a57a09c3b2bca74df8da253a152,minicpm-v,person,,,,,
anuragraj03__goggle8765118_jpg.rf.ceb29a57a09c3b2bca74df8da253a152,minicpm-v,helmet,,,,,
anuragraj03__goggle8765118_jpg.rf.ceb29a57a09c3b2bca74df8da253a152,minicpm-v,gloves,,,,,
anuragraj03__goggle8765118_jpg.rf.ceb29a57a09c3b2bca74df8da253a152,minicpm-v,boots,,,,,
anuragraj03__goggle8765118_jpg.rf.ceb29a57a09c3b2bca74df8da253a152,minicpm-v,vest,,,,,
anuragraj03__goggle876532_jpg.rf.aa878cdabb99512810945412ceefe175,yolo,gloves,0.8577802777290344,0.9003079414367676,0.47891722785102,0.970638656616211,0.6595552232530382
anuragraj03__goggle876532_jpg.rf.aa878cdabb99512810945412ceefe175,yolo,gloves,0.8406631946563721,0.6792108535766601,0.5038483937581381,0.7625895500183105,0.6975265502929687
anuragraj03__goggle876532_jpg.rf.aa878cdabb99512810945412ceefe175,yolo,no-gloves,0.5882167816162109,0.26249032020568847,0.010501273473103841,0.3037994384765625,0.1570446014404297
anuragraj03__goggle876532_jpg.rf.aa878cdabb99512810945412ceefe175,yolo,no-gloves,0.49079400300979614,0.15678153038024903,0.0012463569641113282,0.22484235763549804,0.10452133814493815
anuragraj03__goggle876532_jpg.rf.aa878cdabb99512810945412ceefe175,yolo,gloves,0.4244217276573181,0.15275810956954955,0.4701128641764323,0.2674675464630127,0.6553309970431858
anuragraj03__goggle876532_jpg.rf.aa878cdabb99512810945412ceefe175,ollama,person,,,,,
anuragraj03__goggle876532_jpg.rf.aa878cdabb99512810945412ceefe175,ollama,helmet,,,,,
anuragraj03__goggle876532_jpg.rf.aa878cdabb99512810945412ceefe175,ollama,boots,,,,,
anuragraj03__goggle876532_jpg.rf.aa878cdabb99512810945412ceefe175,ollama,no-helmet,,,,,
anuragraj03__goggle876532_jpg.rf.aa878cdabb99512810945412ceefe175,ollama,no-gloves,,,,,
anuragraj03__goggle876532_jpg.rf.aa878cdabb99512810945412ceefe175,ollama,no-boots,,,,,
anuragraj03__goggle876532_jpg.rf.aa878cdabb99512810945412ceefe175,ollama,no-vest,,,,,
anuragraj03__goggle876532_jpg.rf.aa878cdabb99512810945412ceefe175,qwen3-vl,person,,,,,
anuragraj03__goggle876532_jpg.rf.aa878cdabb99512810945412ceefe175,qwen3-vl,gloves,,,,,
anuragraj03__goggle876532_jpg.rf.aa878cdabb99512810945412ceefe175,gemma4,person,,,,,
anuragraj03__goggle876532_jpg.rf.aa878cdabb99512810945412ceefe175,gemma4,helmet,,,,,
anuragraj03__goggle876532_jpg.rf.aa878cdabb99512810945412ceefe175,gemma4,gloves,,,,,
anuragraj03__goggle876532_jpg.rf.aa878cdabb99512810945412ceefe175,gemma4,boots,,,,,
anuragraj03__goggle876532_jpg.rf.aa878cdabb99512810945412ceefe175,gemma4,vest,,,,,
anuragraj03__goggle876532_jpg.rf.aa878cdabb99512810945412ceefe175,minicpm-v,person,,,,,
anuragraj03__goggle876532_jpg.rf.aa878cdabb99512810945412ceefe175,minicpm-v,gloves,,,,,
anuragraj03__goggle876532_jpg.rf.aa878cdabb99512810945412ceefe175,minicpm-v,boots,,,,,
anuragraj03__goggle876594_jpg.rf.7cdb8fa8021a9d08762783629f1b6181,yolo,gloves,0.8459996581077576,0.7470680713653565,0.5293763478597006,0.8402934074401855,0.7469605339898003
anuragraj03__goggle876594_jpg.rf.7cdb8fa8021a9d08762783629f1b6181,yolo,gloves,0.831238329410553,0.16768735647201538,0.5302189721001519,0.2556868314743042,0.7409294976128472
anuragraj03__goggle876594_jpg.rf.7cdb8fa8021a9d08762783629f1b6181,yolo,no-gloves,0.8300147652626038,0.630871057510376,0.08362454308403863,0.7142514228820801,0.18260998196072048
anuragraj03__goggle876594_jpg.rf.7cdb8fa8021a9d08762783629f1b6181,yolo,gloves,0.6063926815986633,0.8748186111450196,0.5801925235324435,0.938792610168457,0.7370674133300781
anuragraj03__goggle876594_jpg.rf.7cdb8fa8021a9d08762783629f1b6181,yolo,no-gloves,0.5358672142028809,0.03433270454406738,0.7690366956922743,0.10764907598495484,0.8999898274739583
anuragraj03__goggle876594_jpg.rf.7cdb8fa8021a9d08762783629f1b6181,ollama,person,,,,,
anuragraj03__goggle876594_jpg.rf.7cdb8fa8021a9d08762783629f1b6181,ollama,helmet,,,,,
anuragraj03__goggle876594_jpg.rf.7cdb8fa8021a9d08762783629f1b6181,ollama,gloves,,,,,
anuragraj03__goggle876594_jpg.rf.7cdb8fa8021a9d08762783629f1b6181,ollama,boots,,,,,
anuragraj03__goggle876594_jpg.rf.7cdb8fa8021a9d08762783629f1b6181,ollama,vest,,,,,
anuragraj03__goggle876594_jpg.rf.7cdb8fa8021a9d08762783629f1b6181,ollama,no-helmet,,,,,
anuragraj03__goggle876594_jpg.rf.7cdb8fa8021a9d08762783629f1b6181,ollama,no-gloves,,,,,
anuragraj03__goggle876594_jpg.rf.7cdb8fa8021a9d08762783629f1b6181,ollama,no-boots,,,,,
anuragraj03__goggle876594_jpg.rf.7cdb8fa8021a9d08762783629f1b6181,ollama,no-vest,,,,,
anuragraj03__goggle876594_jpg.rf.7cdb8fa8021a9d08762783629f1b6181,qwen3-vl,person,,,,,
anuragraj03__goggle876594_jpg.rf.7cdb8fa8021a9d08762783629f1b6181,qwen3-vl,gloves,,,,,
anuragraj03__goggle876594_jpg.rf.7cdb8fa8021a9d08762783629f1b6181,gemma4,person,,,,,
anuragraj03__goggle876594_jpg.rf.7cdb8fa8021a9d08762783629f1b6181,gemma4,helmet,,,,,
anuragraj03__goggle876594_jpg.rf.7cdb8fa8021a9d08762783629f1b6181,gemma4,gloves,,,,,
anuragraj03__goggle876594_jpg.rf.7cdb8fa8021a9d08762783629f1b6181,gemma4,boots,,,,,
anuragraj03__goggle876594_jpg.rf.7cdb8fa8021a9d08762783629f1b6181,gemma4,vest,,,,,
anuragraj03__goggle876594_jpg.rf.7cdb8fa8021a9d08762783629f1b6181,minicpm-v,person,,,,,
anuragraj03__goggle876594_jpg.rf.7cdb8fa8021a9d08762783629f1b6181,minicpm-v,helmet,,,,,
anuragraj03__goggle876594_jpg.rf.7cdb8fa8021a9d08762783629f1b6181,minicpm-v,gloves,,,,,
anuragraj03__goggle876594_jpg.rf.7cdb8fa8021a9d08762783629f1b6181,minicpm-v,boots,,,,,
anuragraj03__goggle876594_jpg.rf.7cdb8fa8021a9d08762783629f1b6181,minicpm-v,no-vest,,,,,
anuragraj03__helmet9991161_jpg.rf.4b2964466c0c6794e91c90cc7e9cd6a0,yolo,no-helmet,0.8745250701904297,0.25160841941833495,0.12159170574612088,0.3190587282180786,0.2662255181206597
anuragraj03__helmet9991161_jpg.rf.4b2964466c0c6794e91c90cc7e9cd6a0,ollama,person,,,,,
anuragraj03__helmet9991161_jpg.rf.4b2964466c0c6794e91c90cc7e9cd6a0,ollama,helmet,,,,,
anuragraj03__helmet9991161_jpg.rf.4b2964466c0c6794e91c90cc7e9cd6a0,ollama,vest,,,,,
anuragraj03__helmet9991161_jpg.rf.4b2964466c0c6794e91c90cc7e9cd6a0,qwen3-vl,person,,,,,
anuragraj03__helmet9991161_jpg.rf.4b2964466c0c6794e91c90cc7e9cd6a0,qwen3-vl,no-helmet,,,,,
anuragraj03__helmet9991161_jpg.rf.4b2964466c0c6794e91c90cc7e9cd6a0,qwen3-vl,no-gloves,,,,,
anuragraj03__helmet9991161_jpg.rf.4b2964466c0c6794e91c90cc7e9cd6a0,qwen3-vl,no-boots,,,,,
anuragraj03__helmet9991161_jpg.rf.4b2964466c0c6794e91c90cc7e9cd6a0,qwen3-vl,no-vest,,,,,
anuragraj03__helmet9991161_jpg.rf.4b2964466c0c6794e91c90cc7e9cd6a0,gemma4,person,,,,,
anuragraj03__helmet9991161_jpg.rf.4b2964466c0c6794e91c90cc7e9cd6a0,gemma4,boots,,,,,
anuragraj03__helmet9991161_jpg.rf.4b2964466c0c6794e91c90cc7e9cd6a0,gemma4,vest,,,,,
anuragraj03__helmet9991161_jpg.rf.4b2964466c0c6794e91c90cc7e9cd6a0,gemma4,no-gloves,,,,,
anuragraj03__helmet9991161_jpg.rf.4b2964466c0c6794e91c90cc7e9cd6a0,minicpm-v,person,,,,,
anuragraj03__helmet9991161_jpg.rf.4b2964466c0c6794e91c90cc7e9cd6a0,minicpm-v,no-helmet,,,,,
anuragraj03__helmet9991161_jpg.rf.4b2964466c0c6794e91c90cc7e9cd6a0,minicpm-v,no-gloves,,,,,
anuragraj03__helmet9991161_jpg.rf.4b2964466c0c6794e91c90cc7e9cd6a0,minicpm-v,no-boots,,,,,
anuragraj03__helmet9991161_jpg.rf.4b2964466c0c6794e91c90cc7e9cd6a0,minicpm-v,no-vest,,,,,
anuragraj03__helmet9991193_jpg.rf.4cdfba3759bf492ac923cb04602633eb,yolo,no-helmet,0.8512300252914429,0.29514501094818113,0.12821884155273439,0.36064107418060304,0.22856072319878473
anuragraj03__helmet9991193_jpg.rf.4cdfba3759bf492ac923cb04602633eb,ollama,person,,,,,
anuragraj03__helmet9991193_jpg.rf.4cdfba3759bf492ac923cb04602633eb,ollama,helmet,,,,,
anuragraj03__helmet9991193_jpg.rf.4cdfba3759bf492ac923cb04602633eb,qwen3-vl,person,,,,,
anuragraj03__helmet9991193_jpg.rf.4cdfba3759bf492ac923cb04602633eb,qwen3-vl,vest,,,,,
anuragraj03__helmet9991193_jpg.rf.4cdfba3759bf492ac923cb04602633eb,gemma4,person,,,,,
anuragraj03__helmet9991193_jpg.rf.4cdfba3759bf492ac923cb04602633eb,gemma4,boots,,,,,
anuragraj03__helmet9991193_jpg.rf.4cdfba3759bf492ac923cb04602633eb,gemma4,no-helmet,,,,,
anuragraj03__helmet9991193_jpg.rf.4cdfba3759bf492ac923cb04602633eb,gemma4,no-gloves,,,,,
anuragraj03__helmet9991193_jpg.rf.4cdfba3759bf492ac923cb04602633eb,gemma4,no-vest,,,,,
anuragraj03__helmet9991193_jpg.rf.4cdfba3759bf492ac923cb04602633eb,minicpm-v,person,,,,,
anuragraj03__helmet9991193_jpg.rf.4cdfba3759bf492ac923cb04602633eb,minicpm-v,gloves,,,,,
anuragraj03__helmet9991193_jpg.rf.4cdfba3759bf492ac923cb04602633eb,minicpm-v,no-boots,,,,,
anuragraj03__helmet999896_jpg.rf.9d8872b7d083bdd16edb2bd45213f070,yolo,helmet,0.8499595522880554,0.27395358085632326,0.13216275109185113,0.35503478050231935,0.229464234246148
anuragraj03__helmet999896_jpg.rf.9d8872b7d083bdd16edb2bd45213f070,yolo,no-helmet,0.6786094903945923,0.48435425758361816,0.5510048760308159,0.5870301723480225,0.7072002834743923
anuragraj03__helmet999896_jpg.rf.9d8872b7d083bdd16edb2bd45213f070,ollama,person,,,,,
anuragraj03__helmet999896_jpg.rf.9d8872b7d083bdd16edb2bd45213f070,ollama,helmet,,,,,
anuragraj03__helmet999896_jpg.rf.9d8872b7d083bdd16edb2bd45213f070,qwen3-vl,person,,,,,
anuragraj03__helmet999896_jpg.rf.9d8872b7d083bdd16edb2bd45213f070,qwen3-vl,helmet,,,,,
anuragraj03__helmet999896_jpg.rf.9d8872b7d083bdd16edb2bd45213f070,qwen3-vl,no-gloves,,,,,
anuragraj03__helmet999896_jpg.rf.9d8872b7d083bdd16edb2bd45213f070,qwen3-vl,no-boots,,,,,
anuragraj03__helmet999896_jpg.rf.9d8872b7d083bdd16edb2bd45213f070,qwen3-vl,no-vest,,,,,
anuragraj03__helmet999896_jpg.rf.9d8872b7d083bdd16edb2bd45213f070,gemma4,person,,,,,
anuragraj03__helmet999896_jpg.rf.9d8872b7d083bdd16edb2bd45213f070,gemma4,helmet,,,,,
anuragraj03__helmet999896_jpg.rf.9d8872b7d083bdd16edb2bd45213f070,gemma4,gloves,,,,,
anuragraj03__helmet999896_jpg.rf.9d8872b7d083bdd16edb2bd45213f070,gemma4,boots,,,,,
anuragraj03__helmet999896_jpg.rf.9d8872b7d083bdd16edb2bd45213f070,minicpm-v,person,,,,,
anuragraj03__helmet999896_jpg.rf.9d8872b7d083bdd16edb2bd45213f070,minicpm-v,helmet,,,,,
anuragraj03__helmet999896_jpg.rf.9d8872b7d083bdd16edb2bd45213f070,minicpm-v,gloves,,,,,
anuragraj03__helmet999896_jpg.rf.9d8872b7d083bdd16edb2bd45213f070,minicpm-v,boots,,,,,
anuragraj03__helmet999896_jpg.rf.9d8872b7d083bdd16edb2bd45213f070,minicpm-v,vest,,,,,
anuragraj03__img259_jpg.rf.bb7e895479eec7e33ed7cb887887e6ec,yolo,gloves,0.809927225112915,0.7117377281188965,0.41903076171875,0.7754923343658447,0.5922558254665798
anuragraj03__img259_jpg.rf.bb7e895479eec7e33ed7cb887887e6ec,yolo,gloves,0.7833507061004639,0.025983160734176634,0.35214809841579864,0.1144361138343811,0.44851065741644963
anuragraj03__img259_jpg.rf.bb7e895479eec7e33ed7cb887887e6ec,yolo,gloves,0.4550727903842926,0.3081119298934937,0.4163136800130208,0.3716814279556274,0.6046576182047526
anuragraj03__img259_jpg.rf.bb7e895479eec7e33ed7cb887887e6ec,yolo,no-gloves,0.2634182572364807,0.6060112476348877,0.08156498803032769,0.6930500030517578,0.15138028462727865
anuragraj03__img259_jpg.rf.bb7e895479eec7e33ed7cb887887e6ec,ollama,person,,,,,
anuragraj03__img259_jpg.rf.bb7e895479eec7e33ed7cb887887e6ec,ollama,helmet,,,,,
anuragraj03__img259_jpg.rf.bb7e895479eec7e33ed7cb887887e6ec,ollama,boots,,,,,
anuragraj03__img259_jpg.rf.bb7e895479eec7e33ed7cb887887e6ec,ollama,vest,,,,,
anuragraj03__img259_jpg.rf.bb7e895479eec7e33ed7cb887887e6ec,ollama,no-gloves,,,,,
anuragraj03__img259_jpg.rf.bb7e895479eec7e33ed7cb887887e6ec,ollama,no-boots,,,,,
anuragraj03__img259_jpg.rf.bb7e895479eec7e33ed7cb887887e6ec,ollama,no-vest,,,,,
anuragraj03__img259_jpg.rf.bb7e895479eec7e33ed7cb887887e6ec,qwen3-vl,person,,,,,
anuragraj03__img259_jpg.rf.bb7e895479eec7e33ed7cb887887e6ec,qwen3-vl,gloves,,,,,
anuragraj03__img259_jpg.rf.bb7e895479eec7e33ed7cb887887e6ec,gemma4,person,,,,,
anuragraj03__img259_jpg.rf.bb7e895479eec7e33ed7cb887887e6ec,gemma4,gloves,,,,,
anuragraj03__img259_jpg.rf.bb7e895479eec7e33ed7cb887887e6ec,gemma4,boots,,,,,
anuragraj03__img259_jpg.rf.bb7e895479eec7e33ed7cb887887e6ec,gemma4,no-helmet,,,,,
anuragraj03__img259_jpg.rf.bb7e895479eec7e33ed7cb887887e6ec,gemma4,no-vest,,,,,
anuragraj03__img259_jpg.rf.bb7e895479eec7e33ed7cb887887e6ec,minicpm-v,person,,,,,
anuragraj03__img259_jpg.rf.bb7e895479eec7e33ed7cb887887e6ec,minicpm-v,gloves,,,,,
anuragraj03__img259_jpg.rf.bb7e895479eec7e33ed7cb887887e6ec,minicpm-v,boots,,,,,
anuragraj03__img354_jpg.rf.9af754ead43961cb3d91685094cf6e1c,yolo,no-gloves,0.8694434762001038,0.2251488208770752,0.048168924119737416,0.2757073640823364,0.33765182495117185
anuragraj03__img354_jpg.rf.9af754ead43961cb3d91685094cf6e1c,yolo,no-gloves,0.7796305418014526,0.6487222671508789,0.062060843573676215,0.6927491664886475,0.18878379397922093
anuragraj03__img354_jpg.rf.9af754ead43961cb3d91685094cf6e1c,ollama,person,,,,,
anuragraj03__img354_jpg.rf.9af754ead43961cb3d91685094cf6e1c,ollama,helmet,,,,,
anuragraj03__img354_jpg.rf.9af754ead43961cb3d91685094cf6e1c,ollama,gloves,,,,,
anuragraj03__img354_jpg.rf.9af754ead43961cb3d91685094cf6e1c,ollama,boots,,,,,
anuragraj03__img354_jpg.rf.9af754ead43961cb3d91685094cf6e1c,qwen3-vl,person,,,,,
anuragraj03__img354_jpg.rf.9af754ead43961cb3d91685094cf6e1c,qwen3-vl,gloves,,,,,
anuragraj03__img354_jpg.rf.9af754ead43961cb3d91685094cf6e1c,gemma4,person,,,,,
anuragraj03__img354_jpg.rf.9af754ead43961cb3d91685094cf6e1c,gemma4,gloves,,,,,
anuragraj03__img354_jpg.rf.9af754ead43961cb3d91685094cf6e1c,gemma4,boots,,,,,
anuragraj03__img354_jpg.rf.9af754ead43961cb3d91685094cf6e1c,gemma4,vest,,,,,
anuragraj03__img354_jpg.rf.9af754ead43961cb3d91685094cf6e1c,minicpm-v,person,,,,,
anuragraj03__img354_jpg.rf.9af754ead43961cb3d91685094cf6e1c,minicpm-v,no-helmet,,,,,
anuragraj03__img354_jpg.rf.9af754ead43961cb3d91685094cf6e1c,minicpm-v,no-gloves,,,,,
anuragraj03__img354_jpg.rf.9af754ead43961cb3d91685094cf6e1c,minicpm-v,no-boots,,,,,
anuragraj03__img354_jpg.rf.9af754ead43961cb3d91685094cf6e1c,minicpm-v,no-vest,,,,,
anuragraj03__img67_jpg.rf.84f4441aea49b0f852b55f49ee4e3712,yolo,gloves,0.8781853914260864,0.21657698154449462,0.4917408413357205,0.2897869348526001,0.7179159376356337
anuragraj03__img67_jpg.rf.84f4441aea49b0f852b55f49ee4e3712,yolo,gloves,0.8691695332527161,0.29172871112823484,0.48034167819552953,0.3655005693435669,0.7144843207465278
anuragraj03__img67_jpg.rf.84f4441aea49b0f852b55f49ee4e3712,yolo,gloves,0.8013685941696167,0.6405486106872559,0.541769536336263,0.7170336246490479,0.7270001729329427
anuragraj03__img67_jpg.rf.84f4441aea49b0f852b55f49ee4e3712,yolo,gloves,0.7993167042732239,0.8862749099731445,0.47582978142632376,0.9558191299438477,0.7020130581325955
anuragraj03__img67_jpg.rf.84f4441aea49b0f852b55f49ee4e3712,yolo,no-gloves,0.6930646300315857,0.5701193809509277,0.07016913096110027,0.6654397487640381,0.14385218090481228
anuragraj03__img67_jpg.rf.84f4441aea49b0f852b55f49ee4e3712,ollama,person,,,,,
anuragraj03__img67_jpg.rf.84f4441aea49b0f852b55f49ee4e3712,ollama,helmet,,,,,
anuragraj03__img67_jpg.rf.84f4441aea49b0f852b55f49ee4e3712,ollama,gloves,,,,,
anuragraj03__img67_jpg.rf.84f4441aea49b0f852b55f49ee4e3712,ollama,no-boots,,,,,
anuragraj03__img67_jpg.rf.84f4441aea49b0f852b55f49ee4e3712,qwen3-vl,person,,,,,
anuragraj03__img67_jpg.rf.84f4441aea49b0f852b55f49ee4e3712,qwen3-vl,gloves,,,,,
anuragraj03__img67_jpg.rf.84f4441aea49b0f852b55f49ee4e3712,gemma4,person,,,,,
anuragraj03__img67_jpg.rf.84f4441aea49b0f852b55f49ee4e3712,gemma4,gloves,,,,,
anuragraj03__img67_jpg.rf.84f4441aea49b0f852b55f49ee4e3712,gemma4,no-helmet,,,,,
anuragraj03__img67_jpg.rf.84f4441aea49b0f852b55f49ee4e3712,gemma4,no-boots,,,,,
anuragraj03__img67_jpg.rf.84f4441aea49b0f852b55f49ee4e3712,gemma4,no-vest,,,,,
anuragraj03__img67_jpg.rf.84f4441aea49b0f852b55f49ee4e3712,minicpm-v,person,,,,,
anuragraj03__img67_jpg.rf.84f4441aea49b0f852b55f49ee4e3712,minicpm-v,gloves,,,,,
anuragraj03__img67_jpg.rf.84f4441aea49b0f852b55f49ee4e3712,minicpm-v,boots,,,,,
anuragraj03__nglov33_jpg.rf.eb73797698daaacf586f64783d4d41d9,yolo,no-gloves,0.8487983345985413,0.8651177406311035,0.4058494567871094,0.9265092849731446,0.6201976352267795
anuragraj03__nglov33_jpg.rf.eb73797698daaacf586f64783d4d41d9,ollama,person,,,,,
anuragraj03__nglov33_jpg.rf.eb73797698daaacf586f64783d4d41d9,ollama,no-helmet,,,,,
anuragraj03__nglov33_jpg.rf.eb73797698daaacf586f64783d4d41d9,ollama,no-gloves,,,,,
anuragraj03__nglov33_jpg.rf.eb73797698daaacf586f64783d4d41d9,ollama,no-boots,,,,,
anuragraj03__nglov33_jpg.rf.eb73797698daaacf586f64783d4d41d9,ollama,no-vest,,,,,
anuragraj03__nglov33_jpg.rf.eb73797698daaacf586f64783d4d41d9,qwen3-vl,person,,,,,
anuragraj03__nglov33_jpg.rf.eb73797698daaacf586f64783d4d41d9,qwen3-vl,gloves,,,,,
anuragraj03__nglov33_jpg.rf.eb73797698daaacf586f64783d4d41d9,qwen3-vl,no-helmet,,,,,
anuragraj03__nglov33_jpg.rf.eb73797698daaacf586f64783d4d41d9,qwen3-vl,no-boots,,,,,
anuragraj03__nglov33_jpg.rf.eb73797698daaacf586f64783d4d41d9,gemma4,person,,,,,
anuragraj03__nglov33_jpg.rf.eb73797698daaacf586f64783d4d41d9,gemma4,helmet,,,,,
anuragraj03__nglov33_jpg.rf.eb73797698daaacf586f64783d4d41d9,gemma4,gloves,,,,,
anuragraj03__nglov33_jpg.rf.eb73797698daaacf586f64783d4d41d9,gemma4,boots,,,,,
anuragraj03__nglov33_jpg.rf.eb73797698daaacf586f64783d4d41d9,gemma4,vest,,,,,
anuragraj03__nglov33_jpg.rf.eb73797698daaacf586f64783d4d41d9,minicpm-v,person,,,,,
anuragraj03__nglov33_jpg.rf.eb73797698daaacf586f64783d4d41d9,minicpm-v,gloves,,,,,
anuragraj03__nglov33_jpg.rf.eb73797698daaacf586f64783d4d41d9,minicpm-v,boots,,,,,
anuragraj03__nglov70_jpg.rf.fb0157072cdc2d3e40c6cb2440b5f5b2,yolo,no-gloves,0.8605862259864807,0.7255465030670166,0.5338634914822049,0.8708909034729004,0.687312995062934
anuragraj03__nglov70_jpg.rf.fb0157072cdc2d3e40c6cb2440b5f5b2,yolo,gloves,0.8487498164176941,0.0,0.375927988688151,0.08038224577903748,0.5565894656711154
anuragraj03__nglov70_jpg.rf.fb0157072cdc2d3e40c6cb2440b5f5b2,yolo,gloves,0.8446705937385559,0.15917062759399414,0.37232733832465276,0.25444879531860354,0.5977205912272135
anuragraj03__nglov70_jpg.rf.fb0157072cdc2d3e40c6cb2440b5f5b2,yolo,no-gloves,0.615277886390686,0.6192435264587403,0.44672300550672744,0.7487678050994873,0.6966727362738715
anuragraj03__nglov70_jpg.rf.fb0157072cdc2d3e40c6cb2440b5f5b2,ollama,person,,,,,
anuragraj03__nglov70_jpg.rf.fb0157072cdc2d3e40c6cb2440b5f5b2,ollama,helmet,,,,,
anuragraj03__nglov70_jpg.rf.fb0157072cdc2d3e40c6cb2440b5f5b2,ollama,gloves,,,,,
anuragraj03__nglov70_jpg.rf.fb0157072cdc2d3e40c6cb2440b5f5b2,ollama,boots,,,,,
anuragraj03__nglov70_jpg.rf.fb0157072cdc2d3e40c6cb2440b5f5b2,ollama,no-helmet,,,,,
anuragraj03__nglov70_jpg.rf.fb0157072cdc2d3e40c6cb2440b5f5b2,ollama,no-gloves,,,,,
anuragraj03__nglov70_jpg.rf.fb0157072cdc2d3e40c6cb2440b5f5b2,ollama,no-boots,,,,,
anuragraj03__nglov70_jpg.rf.fb0157072cdc2d3e40c6cb2440b5f5b2,qwen3-vl,person,,,,,
anuragraj03__nglov70_jpg.rf.fb0157072cdc2d3e40c6cb2440b5f5b2,qwen3-vl,gloves,,,,,
anuragraj03__nglov70_jpg.rf.fb0157072cdc2d3e40c6cb2440b5f5b2,qwen3-vl,no-helmet,,,,,
anuragraj03__nglov70_jpg.rf.fb0157072cdc2d3e40c6cb2440b5f5b2,qwen3-vl,no-boots,,,,,
anuragraj03__nglov70_jpg.rf.fb0157072cdc2d3e40c6cb2440b5f5b2,qwen3-vl,no-vest,,,,,
anuragraj03__nglov70_jpg.rf.fb0157072cdc2d3e40c6cb2440b5f5b2,gemma4,person,,,,,
anuragraj03__nglov70_jpg.rf.fb0157072cdc2d3e40c6cb2440b5f5b2,gemma4,gloves,,,,,
anuragraj03__nglov70_jpg.rf.fb0157072cdc2d3e40c6cb2440b5f5b2,gemma4,boots,,,,,
anuragraj03__nglov70_jpg.rf.fb0157072cdc2d3e40c6cb2440b5f5b2,minicpm-v,person,,,,,
anuragraj03__nglov70_jpg.rf.fb0157072cdc2d3e40c6cb2440b5f5b2,minicpm-v,gloves,,,,,
anuragraj03__nglov70_jpg.rf.fb0157072cdc2d3e40c6cb2440b5f5b2,minicpm-v,boots,,,,,
anuragraj03__nglovpp3102_jpg.rf.3470f1d4ac46286ab9fd6b257d10c762,yolo,no-gloves,0.4970006048679352,0.8794034957885742,0.5473971048990885,0.9225695610046387,0.7607798258463542
anuragraj03__nglovpp3102_jpg.rf.3470f1d4ac46286ab9fd6b257d10c762,ollama,person,,,,,
anuragraj03__nglovpp3102_jpg.rf.3470f1d4ac46286ab9fd6b257d10c762,ollama,helmet,,,,,
anuragraj03__nglovpp3102_jpg.rf.3470f1d4ac46286ab9fd6b257d10c762,ollama,vest,,,,,
anuragraj03__nglovpp3102_jpg.rf.3470f1d4ac46286ab9fd6b257d10c762,qwen3-vl,person,,,,,
anuragraj03__nglovpp3102_jpg.rf.3470f1d4ac46286ab9fd6b257d10c762,qwen3-vl,boots,,,,,
anuragraj03__nglovpp3102_jpg.rf.3470f1d4ac46286ab9fd6b257d10c762,gemma4,person,,,,,
anuragraj03__nglovpp3102_jpg.rf.3470f1d4ac46286ab9fd6b257d10c762,gemma4,helmet,,,,,
anuragraj03__nglovpp3102_jpg.rf.3470f1d4ac46286ab9fd6b257d10c762,gemma4,boots,,,,,
anuragraj03__nglovpp3102_jpg.rf.3470f1d4ac46286ab9fd6b257d10c762,gemma4,vest,,,,,
anuragraj03__nglovpp3102_jpg.rf.3470f1d4ac46286ab9fd6b257d10c762,gemma4,no-gloves,,,,,
anuragraj03__nglovpp3102_jpg.rf.3470f1d4ac46286ab9fd6b257d10c762,minicpm-v,person,,,,,
anuragraj03__nglovpp3102_jpg.rf.3470f1d4ac46286ab9fd6b257d10c762,minicpm-v,helmet,,,,,
anuragraj03__nglovpp3102_jpg.rf.3470f1d4ac46286ab9fd6b257d10c762,minicpm-v,gloves,,,,,
anuragraj03__nglovpp3102_jpg.rf.3470f1d4ac46286ab9fd6b257d10c762,minicpm-v,vest,,,,,
anuragraj03__nglovpp3102_jpg.rf.3470f1d4ac46286ab9fd6b257d10c762,minicpm-v,no-boots,,,,,
anuragraj03__p11328_jpg.rf.4a3545e3f5325ed8a29c015c600beefb,yolo,no-helmet,0.8421555757522583,0.26916325092315674,0.14723228878445097,0.3513836622238159,0.26543894873725044
anuragraj03__p11328_jpg.rf.4a3545e3f5325ed8a29c015c600beefb,yolo,no-helmet,0.8248823285102844,0.20615272521972655,0.5644181145562066,0.2919644832611084,0.680218251546224
anuragraj03__p11328_jpg.rf.4a3545e3f5325ed8a29c015c600beefb,ollama,person,,,,,
anuragraj03__p11328_jpg.rf.4a3545e3f5325ed8a29c015c600beefb,qwen3-vl,person,,,,,
anuragraj03__p11328_jpg.rf.4a3545e3f5325ed8a29c015c600beefb,qwen3-vl,no-helmet,,,,,
anuragraj03__p11328_jpg.rf.4a3545e3f5325ed8a29c015c600beefb,qwen3-vl,no-gloves,,,,,
anuragraj03__p11328_jpg.rf.4a3545e3f5325ed8a29c015c600beefb,qwen3-vl,no-boots,,,,,
anuragraj03__p11328_jpg.rf.4a3545e3f5325ed8a29c015c600beefb,qwen3-vl,no-vest,,,,,
anuragraj03__p11328_jpg.rf.4a3545e3f5325ed8a29c015c600beefb,gemma4,person,,,,,
anuragraj03__p11328_jpg.rf.4a3545e3f5325ed8a29c015c600beefb,gemma4,no-helmet,,,,,
anuragraj03__p11328_jpg.rf.4a3545e3f5325ed8a29c015c600beefb,gemma4,no-gloves,,,,,
anuragraj03__p11328_jpg.rf.4a3545e3f5325ed8a29c015c600beefb,gemma4,no-boots,,,,,
anuragraj03__p11328_jpg.rf.4a3545e3f5325ed8a29c015c600beefb,gemma4,no-vest,,,,,
anuragraj03__p11328_jpg.rf.4a3545e3f5325ed8a29c015c600beefb,minicpm-v,person,,,,,
anuragraj03__p11328_jpg.rf.4a3545e3f5325ed8a29c015c600beefb,minicpm-v,no-helmet,,,,,
anuragraj03__p11328_jpg.rf.4a3545e3f5325ed8a29c015c600beefb,minicpm-v,no-gloves,,,,,
anuragraj03__p11328_jpg.rf.4a3545e3f5325ed8a29c015c600beefb,minicpm-v,no-boots,,,,,
anuragraj03__p11328_jpg.rf.4a3545e3f5325ed8a29c015c600beefb,minicpm-v,no-vest,,,,,
anuragraj03__p11333_jpg.rf.9aebb6a91b961b5c43f3ef1131f7df83,yolo,no-helmet,0.823051929473877,0.33124728202819825,0.12712302737765843,0.40354299545288086,0.2284377415974935
anuragraj03__p11333_jpg.rf.9aebb6a91b961b5c43f3ef1131f7df83,ollama,person,,,,,
anuragraj03__p11333_jpg.rf.9aebb6a91b961b5c43f3ef1131f7df83,qwen3-vl,person,,,,,
anuragraj03__p11333_jpg.rf.9aebb6a91b961b5c43f3ef1131f7df83,qwen3-vl,no-helmet,,,,,
anuragraj03__p11333_jpg.rf.9aebb6a91b961b5c43f3ef1131f7df83,qwen3-vl,no-gloves,,,,,
anuragraj03__p11333_jpg.rf.9aebb6a91b961b5c43f3ef1131f7df83,qwen3-vl,no-boots,,,,,
anuragraj03__p11333_jpg.rf.9aebb6a91b961b5c43f3ef1131f7df83,qwen3-vl,no-vest,,,,,
anuragraj03__p11333_jpg.rf.9aebb6a91b961b5c43f3ef1131f7df83,gemma4,person,,,,,
anuragraj03__p11333_jpg.rf.9aebb6a91b961b5c43f3ef1131f7df83,gemma4,gloves,,,,,
anuragraj03__p11333_jpg.rf.9aebb6a91b961b5c43f3ef1131f7df83,gemma4,boots,,,,,
anuragraj03__p11333_jpg.rf.9aebb6a91b961b5c43f3ef1131f7df83,gemma4,no-helmet,,,,,
anuragraj03__p11333_jpg.rf.9aebb6a91b961b5c43f3ef1131f7df83,gemma4,no-vest,,,,,
anuragraj03__p11333_jpg.rf.9aebb6a91b961b5c43f3ef1131f7df83,minicpm-v,person,,,,,
anuragraj03__p11333_jpg.rf.9aebb6a91b961b5c43f3ef1131f7df83,minicpm-v,boots,,,,,
anuragraj03__p11333_jpg.rf.9aebb6a91b961b5c43f3ef1131f7df83,minicpm-v,no-helmet,,,,,
anuragraj03__p11333_jpg.rf.9aebb6a91b961b5c43f3ef1131f7df83,minicpm-v,no-gloves,,,,,
anuragraj03__p11333_jpg.rf.9aebb6a91b961b5c43f3ef1131f7df83,minicpm-v,no-vest,,,,,
anuragraj03__p651347_jpg.rf.80a412ace94a2682a2a9d7a9715ad5c9,yolo,helmet,0.8597509264945984,0.2072286367416382,0.3454229990641276,0.27901735305786135,0.4464443630642361
anuragraj03__p651347_jpg.rf.80a412ace94a2682a2a9d7a9715ad5c9,ollama,person,,,,,
anuragraj03__p651347_jpg.rf.80a412ace94a2682a2a9d7a9715ad5c9,ollama,helmet,,,,,
anuragraj03__p651347_jpg.rf.80a412ace94a2682a2a9d7a9715ad5c9,ollama,gloves,,,,,
anuragraj03__p651347_jpg.rf.80a412ace94a2682a2a9d7a9715ad5c9,ollama,boots,,,,,
anuragraj03__p651347_jpg.rf.80a412ace94a2682a2a9d7a9715ad5c9,ollama,vest,,,,,
anuragraj03__p651347_jpg.rf.80a412ace94a2682a2a9d7a9715ad5c9,qwen3-vl,person,,,,,
anuragraj03__p651347_jpg.rf.80a412ace94a2682a2a9d7a9715ad5c9,qwen3-vl,helmet,,,,,
anuragraj03__p651347_jpg.rf.80a412ace94a2682a2a9d7a9715ad5c9,qwen3-vl,boots,,,,,
anuragraj03__p651347_jpg.rf.80a412ace94a2682a2a9d7a9715ad5c9,gemma4,person,,,,,
anuragraj03__p651347_jpg.rf.80a412ace94a2682a2a9d7a9715ad5c9,gemma4,helmet,,,,,
anuragraj03__p651347_jpg.rf.80a412ace94a2682a2a9d7a9715ad5c9,gemma4,gloves,,,,,
anuragraj03__p651347_jpg.rf.80a412ace94a2682a2a9d7a9715ad5c9,gemma4,boots,,,,,
anuragraj03__p651347_jpg.rf.80a412ace94a2682a2a9d7a9715ad5c9,gemma4,vest,,,,,
anuragraj03__p651347_jpg.rf.80a412ace94a2682a2a9d7a9715ad5c9,minicpm-v,person,,,,,
anuragraj03__p651347_jpg.rf.80a412ace94a2682a2a9d7a9715ad5c9,minicpm-v,helmet,,,,,
anuragraj03__p651347_jpg.rf.80a412ace94a2682a2a9d7a9715ad5c9,minicpm-v,boots,,,,,
anuragraj03__p651347_jpg.rf.80a412ace94a2682a2a9d7a9715ad5c9,minicpm-v,no-gloves,,,,,
anuragraj03__p651347_jpg.rf.80a412ace94a2682a2a9d7a9715ad5c9,minicpm-v,no-vest,,,,,
anuragraj03__p65213137_jpg.rf.4ecc082cbb321021146d7e2cd25bab2a,yolo,helmet,0.8286047577857971,0.18221688270568848,0.14195652008056642,0.25721514225006104,0.23776889377170138
anuragraj03__p65213137_jpg.rf.4ecc082cbb321021146d7e2cd25bab2a,ollama,person,,,,,
anuragraj03__p65213137_jpg.rf.4ecc082cbb321021146d7e2cd25bab2a,ollama,helmet,,,,,
anuragraj03__p65213137_jpg.rf.4ecc082cbb321021146d7e2cd25bab2a,ollama,gloves,,,,,
anuragraj03__p65213137_jpg.rf.4ecc082cbb321021146d7e2cd25bab2a,ollama,boots,,,,,
anuragraj03__p65213137_jpg.rf.4ecc082cbb321021146d7e2cd25bab2a,ollama,vest,,,,,
anuragraj03__p65213137_jpg.rf.4ecc082cbb321021146d7e2cd25bab2a,qwen3-vl,person,,,,,
anuragraj03__p65213137_jpg.rf.4ecc082cbb321021146d7e2cd25bab2a,qwen3-vl,helmet,,,,,
anuragraj03__p65213137_jpg.rf.4ecc082cbb321021146d7e2cd25bab2a,gemma4,person,,,,,
anuragraj03__p65213137_jpg.rf.4ecc082cbb321021146d7e2cd25bab2a,gemma4,helmet,,,,,
anuragraj03__p65213137_jpg.rf.4ecc082cbb321021146d7e2cd25bab2a,gemma4,gloves,,,,,
anuragraj03__p65213137_jpg.rf.4ecc082cbb321021146d7e2cd25bab2a,gemma4,boots,,,,,
anuragraj03__p65213137_jpg.rf.4ecc082cbb321021146d7e2cd25bab2a,minicpm-v,person,,,,,
anuragraj03__p65213137_jpg.rf.4ecc082cbb321021146d7e2cd25bab2a,minicpm-v,helmet,,,,,
anuragraj03__p65213137_jpg.rf.4ecc082cbb321021146d7e2cd25bab2a,minicpm-v,boots,,,,,
anuragraj03__p65213137_jpg.rf.4ecc082cbb321021146d7e2cd25bab2a,minicpm-v,no-gloves,,,,,
anuragraj03__p65213137_jpg.rf.4ecc082cbb321021146d7e2cd25bab2a,minicpm-v,no-vest,,,,,
ketakichalke-boots__image1007,yolo,person,0.8928104639053345,0.31897363662719724,0.14388093948364258,0.6415339946746826,0.6483852863311768
ketakichalke-boots__image1007,yolo,vest,0.891568660736084,0.39761502742767335,0.2574732780456543,0.5697129726409912,0.4191280364990234
ketakichalke-boots__image1007,yolo,helmet,0.7955144643783569,0.4409933090209961,0.18573014736175536,0.5403808116912842,0.2305501937866211
ketakichalke-boots__image1007,yolo,gloves,0.7819145917892456,0.558400011062622,0.39964091777801514,0.6092923641204834,0.45195722579956055
ketakichalke-boots__image1007,yolo,gloves,0.772436797618866,0.35917685031890867,0.40414700508117674,0.41312360763549805,0.45420470237731936
ketakichalke-boots__image1007,yolo,boots,0.6859361529350281,0.4690700054168701,0.4942802429199219,0.5279279708862304,0.5882946968078613
ketakichalke-boots__image1007,ollama,person,,,,,
ketakichalke-boots__image1007,ollama,helmet,,,,,
ketakichalke-boots__image1007,ollama,gloves,,,,,
ketakichalke-boots__image1007,ollama,boots,,,,,
ketakichalke-boots__image1007,qwen3-vl,person,,,,,
ketakichalke-boots__image1007,qwen3-vl,helmet,,,,,
ketakichalke-boots__image1007,qwen3-vl,gloves,,,,,
ketakichalke-boots__image1007,qwen3-vl,boots,,,,,
ketakichalke-boots__image1007,qwen3-vl,vest,,,,,
ketakichalke-boots__image1007,gemma4,person,,,,,
ketakichalke-boots__image1007,gemma4,helmet,,,,,
ketakichalke-boots__image1007,gemma4,boots,,,,,
ketakichalke-boots__image1007,gemma4,vest,,,,,
ketakichalke-boots__image1007,gemma4,no-gloves,,,,,
ketakichalke-boots__image1007,minicpm-v,person,,,,,
ketakichalke-boots__image1007,minicpm-v,helmet,,,,,
ketakichalke-boots__image1007,minicpm-v,vest,,,,,
ketakichalke-boots__image1007,minicpm-v,no-gloves,,,,,
ketakichalke-boots__image1007,minicpm-v,no-boots,,,,,
ketakichalke-boots__image1072,yolo,vest,0.9241477847099304,0.2819292306900024,0.20556316375732422,0.7432841300964356,0.544121789932251
ketakichalke-boots__image1072,yolo,person,0.9138860702514648,0.2296909809112549,0.010014486312866212,0.8281506538391114,0.9217779159545898
ketakichalke-boots__image1072,yolo,boots,0.8903145790100098,0.5257662773132324,0.6594993114471436,0.7318394184112549,0.8452001571655273
ketakichalke-boots__image1072,yolo,helmet,0.8801169991493225,0.3774608612060547,0.04401510953903198,0.6078805446624755,0.15388814210891724
ketakichalke-boots__image1072,yolo,boots,0.8797063827514648,0.3881722688674927,0.6893917560577393,0.5652206897735595,0.8952374458312988
ketakichalke-boots__image1072,yolo,gloves,0.8459159731864929,0.6497344970703125,0.47545700073242186,0.7376070022583008,0.5821085453033448
ketakichalke-boots__image1072,yolo,gloves,0.8420473337173462,0.3717926025390625,0.5112786293029785,0.5028744697570801,0.6291929244995117
ketakichalke-boots__image1072,ollama,person,,,,,
ketakichalke-boots__image1072,ollama,gloves,,,,,
ketakichalke-boots__image1072,ollama,boots,,,,,
ketakichalke-boots__image1072,ollama,no-helmet,,,,,
ketakichalke-boots__image1072,ollama,no-vest,,,,,
ketakichalke-boots__image1072,qwen3-vl,person,,,,,
ketakichalke-boots__image1072,qwen3-vl,helmet,,,,,
ketakichalke-boots__image1072,qwen3-vl,gloves,,,,,
ketakichalke-boots__image1072,qwen3-vl,boots,,,,,
ketakichalke-boots__image1072,qwen3-vl,vest,,,,,
ketakichalke-boots__image1072,gemma4,person,,,,,
ketakichalke-boots__image1072,gemma4,helmet,,,,,
ketakichalke-boots__image1072,gemma4,gloves,,,,,
ketakichalke-boots__image1072,gemma4,boots,,,,,
ketakichalke-boots__image1072,gemma4,vest,,,,,
ketakichalke-boots__image1072,minicpm-v,person,,,,,
ketakichalke-boots__image1072,minicpm-v,helmet,,,,,
ketakichalke-boots__image1072,minicpm-v,gloves,,,,,
ketakichalke-boots__image1072,minicpm-v,boots,,,,,
ketakichalke-boots__image1072,minicpm-v,vest,,,,,
ketakichalke-boots__image116,yolo,person,0.9448306560516357,0.35227463245391843,0.5459136009216309,0.539922046661377,0.8078469276428223
ketakichalke-boots__image116,yolo,person,0.9417594075202942,0.043056368827819824,0.27638461589813235,0.35527801513671875,0.9065258979797364
ketakichalke-boots__image116,yolo,person,0.9248404502868652,0.5688868522644043,0.4036706924438477,0.9563485145568847,0.8972088813781738
ketakichalke-boots__image116,yolo,helmet,0.9077784419059753,0.3565608739852905,0.5561973571777343,0.43522324562072756,0.6546701431274414
ketakichalke-boots__image116,yolo,helmet,0.8876095414161682,0.22930169105529785,0.2953359603881836,0.34482383728027344,0.3946276903152466
ketakichalke-boots__image116,yolo,vest,0.8851797580718994,0.6569259166717529,0.43288540840148926,0.9369220733642578,0.6942448139190673
ketakichalke-boots__image116,yolo,helmet,0.8624851107597351,0.5692217350006104,0.4207104206085205,0.6505792140960693,0.527662992477417
ketakichalke-boots__image116,yolo,helmet,0.8256123065948486,0.6119680881500245,0.3376242399215698,0.680207633972168,0.38851108551025393
ketakichalke-boots__image116,yolo,vest,0.7498113512992859,0.05570279359817505,0.3617244720458984,0.2860538482666016,0.7022456169128418
ketakichalke-boots__image116,yolo,gloves,0.7449877262115479,0.43674049377441404,0.764796781539917,0.48067340850830076,0.8057537078857422
ketakichalke-boots__image116,yolo,vest,0.6632470488548279,0.38053781986236573,0.5765419006347656,0.5102640151977539,0.7543697834014893
ketakichalke-boots__image116,yolo,gloves,0.6405551433563232,0.21777935028076173,0.643872594833374,0.2775295257568359,0.7173309803009034
ketakichalke-boots__image116,ollama,person,,,,,
ketakichalke-boots__image116,ollama,helmet,,,,,
ketakichalke-boots__image116,ollama,gloves,,,,,
ketakichalke-boots__image116,ollama,boots,,,,,
ketakichalke-boots__image116,ollama,vest,,,,,
ketakichalke-boots__image116,ollama,no-helmet,,,,,
ketakichalke-boots__image116,qwen3-vl,person,,,,,
ketakichalke-boots__image116,qwen3-vl,helmet,,,,,
ketakichalke-boots__image116,qwen3-vl,gloves,,,,,
ketakichalke-boots__image116,qwen3-vl,boots,,,,,
ketakichalke-boots__image116,gemma4,person,,,,,
ketakichalke-boots__image116,gemma4,helmet,,,,,
ketakichalke-boots__image116,gemma4,gloves,,,,,
ketakichalke-boots__image116,gemma4,boots,,,,,
ketakichalke-boots__image116,gemma4,vest,,,,,
ketakichalke-boots__image116,minicpm-v,person,,,,,
ketakichalke-boots__image116,minicpm-v,helmet,,,,,
ketakichalke-boots__image116,minicpm-v,gloves,,,,,
ketakichalke-boots__image116,minicpm-v,boots,,,,,
ketakichalke-boots__image116,minicpm-v,vest,,,,,
ketakichalke-boots__image126,yolo,person,0.8257589936256409,0.35233345031738283,0.34406700134277346,0.4748397350311279,0.7840175628662109
ketakichalke-boots__image126,yolo,helmet,0.8066378831863403,0.39009459018707277,0.37188832759857177,0.4538275241851807,0.4242645263671875
ketakichalke-boots__image126,yolo,helmet,0.8057135939598083,0.48076534271240234,0.40425734519958495,0.5279487609863281,0.44380898475646974
ketakichalke-boots__image126,yolo,helmet,0.8007669448852539,0.7323736667633056,0.36378631591796873,0.8149991989135742,0.4358719825744629
ketakichalke-boots__image126,yolo,boots,0.7885039448738098,0.5844667434692383,0.6453147888183594,0.6174796104431153,0.676938819885254
ketakichalke-boots__image126,yolo,helmet,0.7843232154846191,0.5355382442474366,0.4038520336151123,0.5733826160430908,0.4378508567810059
ketakichalke-boots__image126,yolo,helmet,0.7388310432434082,0.592854356765747,0.41866493225097656,0.631850290298462,0.45098090171813965
ketakichalke-boots__image126,yolo,vest,0.7296969890594482,0.35733852386474607,0.43406982421875,0.47043418884277344,0.5638294219970703
ketakichalke-boots__image126,yolo,vest,0.6959095001220703,0.7051482200622559,0.43401484489440917,0.8374069213867188,0.5749669551849366
ketakichalke-boots__image126,yolo,boots,0.6522073149681091,0.37811057567596434,0.715446662902832,0.4297527313232422,0.763874101638794
ketakichalke-boots__image126,yolo,boots,0.6501370668411255,0.709203577041626,0.7416414737701416,0.7781836986541748,0.8016661643981934
ketakichalke-boots__image126,yolo,boots,0.632746696472168,0.6116381645202636,0.6371553897857666,0.653591537475586,0.6669331550598144
ketakichalke-boots__image126,yolo,boots,0.6290830969810486,0.4684906005859375,0.6917302131652832,0.5056490898132324,0.7268841743469239
ketakichalke-boots__image126,yolo,vest,0.6163549423217773,0.5119685173034668,0.4524144172668457,0.5843719482421875,0.5604660987854004
ketakichalke-boots__image126,yolo,boots,0.5934976935386658,0.5017753601074219,0.6806200981140137,0.548544454574585,0.7149060726165771
ketakichalke-boots__image126,yolo,vest,0.5805898904800415,0.570967149734497,0.4583114147186279,0.6532176494598388,0.5630614280700683
ketakichalke-boots__image126,yolo,person,0.5459524393081665,0.5174190998077393,0.3956266403198242,0.5850373268127441,0.5610955238342286
ketakichalke-boots__image126,yolo,person,0.5019779801368713,0.673648738861084,0.3271905183792114,0.8539236068725586,0.8169657707214355
ketakichalke-boots__image126,yolo,boots,0.45971444249153137,0.4170061111450195,0.699001407623291,0.47651233673095705,0.7380788803100586
ketakichalke-boots__image126,yolo,boots,0.3664535880088806,0.5504941940307617,0.6552727699279786,0.588106346130371,0.688299560546875
ketakichalke-boots__image126,yolo,person,0.3637954890727997,0.6813715934753418,0.3377223014831543,0.8550249099731445,0.574527359008789
ketakichalke-boots__image126,yolo,person,0.36184507608413696,0.6721107482910156,0.5767133235931396,0.848784351348877,0.819857120513916
ketakichalke-boots__image126,yolo,vest,0.3598679304122925,0.4507755756378174,0.453259801864624,0.5352867126464844,0.5611705780029297
ketakichalke-boots__image126,yolo,boots,0.35337164998054504,0.5219473361968994,0.6671256065368653,0.5657505035400391,0.6982866287231445
ketakichalke-boots__image126,yolo,person,0.2631814181804657,0.5759945392608643,0.3979454517364502,0.6599989891052246,0.5774857521057128
ketakichalke-boots__image126,ollama,person,,,,,
ketakichalke-boots__image126,ollama,helmet,,,,,
ketakichalke-boots__image126,ollama,gloves,,,,,
ketakichalke-boots__image126,ollama,boots,,,,,
ketakichalke-boots__image126,ollama,vest,,,,,
ketakichalke-boots__image126,qwen3-vl,person,,,,,
ketakichalke-boots__image126,qwen3-vl,helmet,,,,,
ketakichalke-boots__image126,qwen3-vl,gloves,,,,,
ketakichalke-boots__image126,qwen3-vl,boots,,,,,
ketakichalke-boots__image126,gemma4,person,,,,,
ketakichalke-boots__image126,gemma4,helmet,,,,,
ketakichalke-boots__image126,gemma4,gloves,,,,,
ketakichalke-boots__image126,gemma4,boots,,,,,
ketakichalke-boots__image126,gemma4,vest,,,,,
ketakichalke-boots__image126,minicpm-v,person,,,,,
ketakichalke-boots__image126,minicpm-v,helmet,,,,,
ketakichalke-boots__image126,minicpm-v,gloves,,,,,
ketakichalke-boots__image126,minicpm-v,boots,,,,,
ketakichalke-boots__image126,minicpm-v,vest,,,,,
ketakichalke-boots__image1371,yolo,person,0.9217949509620667,0.20545999982715707,0.10662288963794708,0.8874906916885601,0.9978349804878235
ketakichalke-boots__image1371,yolo,no-helmet,0.6591116786003113,0.40864639507282446,0.1266113817691803,0.7583829716595225,0.2968332767486572
ketakichalke-boots__image1371,yolo,no-gloves,0.42100825905799866,0.23322676487025257,0.3898942470550537,0.36411175123006545,0.4922007620334625
ketakichalke-boots__image1371,yolo,no-gloves,0.317104697227478,0.24186184413313513,0.39527004957199097,0.3624890982928881,0.4901644289493561
ketakichalke-boots__image1371,ollama,person,,,,,
ketakichalke-boots__image1371,ollama,helmet,,,,,
ketakichalke-boots__image1371,ollama,gloves,,,,,
ketakichalke-boots__image1371,ollama,boots,,,,,
ketakichalke-boots__image1371,ollama,vest,,,,,
ketakichalke-boots__image1371,ollama,no-helmet,,,,,
ketakichalke-boots__image1371,ollama,no-gloves,,,,,
ketakichalke-boots__image1371,qwen3-vl,person,,,,,
ketakichalke-boots__image1371,qwen3-vl,no-gloves,,,,,
ketakichalke-boots__image1371,qwen3-vl,no-boots,,,,,
ketakichalke-boots__image1371,qwen3-vl,no-vest,,,,,
ketakichalke-boots__image1371,gemma4,person,,,,,
ketakichalke-boots__image1371,gemma4,helmet,,,,,
ketakichalke-boots__image1371,gemma4,gloves,,,,,
ketakichalke-boots__image1371,gemma4,boots,,,,,
ketakichalke-boots__image1371,gemma4,vest,,,,,
ketakichalke-boots__image1371,minicpm-v,person,,,,,
ketakichalke-boots__image1371,minicpm-v,boots,,,,,
ketakichalke-boots__image1371,minicpm-v,no-helmet,,,,,
ketakichalke-boots__image1371,minicpm-v,no-gloves,,,,,
ketakichalke-boots__image1371,minicpm-v,no-vest,,,,,
ketakichalke-boots__image177,yolo,vest,0.9205711483955383,0.5427667617797851,0.324251127243042,0.8536308288574219,0.9259157180786133
ketakichalke-boots__image177,yolo,person,0.9046432971954346,0.5260595321655274,0.02196512222290039,0.8701274871826172,0.9904768943786622
ketakichalke-boots__image177,yolo,person,0.900823175907135,0.14385316371917725,0.04374761581420898,0.47022428512573244,1.0
ketakichalke-boots__image177,yolo,vest,0.8158202171325684,0.15630228519439698,0.3348877429962158,0.4554614067077637,0.9910407066345215
ketakichalke-boots__image177,yolo,helmet,0.7879236340522766,0.22202212810516359,0.08536557555198669,0.3972038984298706,0.24038889408111572
ketakichalke-boots__image177,yolo,helmet,0.780274510383606,0.6189745903015137,0.05508776903152466,0.7923696994781494,0.19147313833236695
ketakichalke-boots__image177,yolo,vest,0.44232720136642456,0.15842388868331908,0.341864800453186,0.46850786209106443,0.8975103378295899
ketakichalke-boots__image177,ollama,person,,,,,
ketakichalke-boots__image177,ollama,vest,,,,,
ketakichalke-boots__image177,qwen3-vl,person,,,,,
ketakichalke-boots__image177,qwen3-vl,helmet,,,,,
ketakichalke-boots__image177,qwen3-vl,vest,,,,,
ketakichalke-boots__image177,gemma4,person,,,,,
ketakichalke-boots__image177,gemma4,helmet,,,,,
ketakichalke-boots__image177,gemma4,gloves,,,,,
ketakichalke-boots__image177,gemma4,boots,,,,,
ketakichalke-boots__image177,gemma4,vest,,,,,
ketakichalke-boots__image177,minicpm-v,person,,,,,
ketakichalke-boots__image177,minicpm-v,helmet,,,,,
ketakichalke-boots__image177,minicpm-v,gloves,,,,,
ketakichalke-boots__image177,minicpm-v,boots,,,,,
ketakichalke-boots__image177,minicpm-v,vest,,,,,
ketakichalke-boots__image309,yolo,helmet,0.8893365263938904,0.1270274519920349,0.3007971286773682,0.3542022228240967,0.48635687828063967
ketakichalke-boots__image309,yolo,helmet,0.8646802306175232,0.6376049995422364,0.29360389709472656,0.8448275566101074,0.501192045211792
ketakichalke-boots__image309,yolo,helmet,0.8423689007759094,0.21066527366638182,0.0952613115310669,0.41318984031677247,0.2538472890853882
ketakichalke-boots__image309,yolo,helmet,0.7766589522361755,0.2983781099319458,0.16564805507659913,0.48575191497802733,0.3293519258499146
ketakichalke-boots__image309,yolo,person,0.7699780464172363,0.040517556667327884,0.3063740015029907,0.38376736640930176,0.749604320526123
ketakichalke-boots__image309,yolo,helmet,0.6267185211181641,0.5616683006286621,0.44035162925720217,0.7444046020507813,0.6461354732513428
ketakichalke-boots__image309,yolo,helmet,0.586453378200531,0.4560945987701416,0.1787325620651245,0.6439000129699707,0.3664971590042114
ketakichalke-boots__image309,yolo,helmet,0.5306029319763184,0.011118268966674805,0.24356377124786377,0.13758283853530884,0.39025301933288575
ketakichalke-boots__image309,yolo,person,0.31375643610954285,0.45339260101318357,0.4049356937408447,0.8943458557128906,0.9453302383422851
ketakichalke-boots__image309,yolo,vest,0.29850223660469055,0.02981616258621216,0.3049804925918579,0.3816206455230713,0.773542833328247
ketakichalke-boots__image309,yolo,helmet,0.28074055910110474,0.8879164695739746,0.49112329483032224,0.9998388290405273,0.7338201522827148
ketakichalke-boots__image309,ollama,person,,,,,
ketakichalke-boots__image309,ollama,helmet,,,,,
ketakichalke-boots__image309,ollama,gloves,,,,,
ketakichalke-boots__image309,ollama,boots,,,,,
ketakichalke-boots__image309,ollama,vest,,,,,
ketakichalke-boots__image309,ollama,no-helmet,,,,,
ketakichalke-boots__image309,ollama,no-gloves,,,,,
ketakichalke-boots__image309,qwen3-vl,person,,,,,
ketakichalke-boots__image309,qwen3-vl,helmet,,,,,
ketakichalke-boots__image309,qwen3-vl,no-helmet,,,,,
ketakichalke-boots__image309,gemma4,person,,,,,
ketakichalke-boots__image309,gemma4,helmet,,,,,
ketakichalke-boots__image309,gemma4,gloves,,,,,
ketakichalke-boots__image309,gemma4,boots,,,,,
ketakichalke-boots__image309,gemma4,vest,,,,,
ketakichalke-boots__image309,minicpm-v,person,,,,,
ketakichalke-boots__image309,minicpm-v,helmet,,,,,
ketakichalke-boots__image309,minicpm-v,gloves,,,,,
ketakichalke-boots__image309,minicpm-v,boots,,,,,
ketakichalke-boots__image309,minicpm-v,vest,,,,,
ketakichalke-boots__image36,yolo,vest,0.9127028584480286,0.4940840244293213,0.243471097946167,0.6419989109039307,0.586162519454956
ketakichalke-boots__image36,yolo,helmet,0.8692832589149475,0.5239521980285644,0.07683628797531128,0.6157509803771972,0.1700747489929199
ketakichalke-boots__image36,yolo,person,0.843269944190979,0.41022548675537107,0.05311460494995117,0.7183119773864746,0.9396858215332031
ketakichalke-boots__image36,yolo,gloves,0.7214834094047546,0.6665442943572998,0.4694300651550293,0.7302600383758545,0.5770897388458252
ketakichalke-boots__image36,yolo,gloves,0.6134706735610962,0.39746406078338625,0.4789057731628418,0.4651185989379883,0.5921571254730225
ketakichalke-boots__image36,ollama,person,,,,,
ketakichalke-boots__image36,ollama,helmet,,,,,
ketakichalke-boots__image36,ollama,gloves,,,,,
ketakichalke-boots__image36,ollama,boots,,,,,
ketakichalke-boots__image36,ollama,vest,,,,,
ketakichalke-boots__image36,ollama,no-helmet,,,,,
ketakichalke-boots__image36,ollama,no-boots,,,,,
ketakichalke-boots__image36,ollama,no-vest,,,,,
ketakichalke-boots__image36,qwen3-vl,person,,,,,
ketakichalke-boots__image36,qwen3-vl,helmet,,,,,
ketakichalke-boots__image36,qwen3-vl,gloves,,,,,
ketakichalke-boots__image36,qwen3-vl,vest,,,,,
ketakichalke-boots__image36,qwen3-vl,no-boots,,,,,
ketakichalke-boots__image36,gemma4,person,,,,,
ketakichalke-boots__image36,gemma4,helmet,,,,,
ketakichalke-boots__image36,gemma4,gloves,,,,,
ketakichalke-boots__image36,gemma4,boots,,,,,
ketakichalke-boots__image36,gemma4,vest,,,,,
ketakichalke-boots__image36,minicpm-v,person,,,,,
ketakichalke-boots__image36,minicpm-v,helmet,,,,,
ketakichalke-boots__image36,minicpm-v,gloves,,,,,
ketakichalke-boots__image36,minicpm-v,boots,,,,,
ketakichalke-boots__image36,minicpm-v,vest,,,,,
ketakichalke-boots__image42,yolo,vest,0.9176685214042664,0.42187838554382323,0.30539326667785643,0.6087434768676758,0.5792671203613281
ketakichalke-boots__image42,yolo,person,0.86654132604599,0.34876337051391604,0.15417346954345704,0.6661572456359863,0.9559177398681641
ketakichalke-boots__image42,yolo,helmet,0.8459004759788513,0.3827026844024658,0.2020064115524292,0.4773246765136719,0.3140111446380615
ketakichalke-boots__image42,yolo,gloves,0.5280805826187134,0.4364931583404541,0.5550349235534668,0.4770068645477295,0.6460195064544678
ketakichalke-boots__image42,yolo,boots,0.4095761477947235,0.5134148120880127,0.8213842391967774,0.5918436050415039,0.9291530609130859
ketakichalke-boots__image42,yolo,boots,0.28217628598213196,0.4588151454925537,0.7723119258880615,0.5370487689971923,0.8479887008666992
ketakichalke-boots__image42,ollama,person,,,,,
ketakichalke-boots__image42,ollama,helmet,,,,,
ketakichalke-boots__image42,ollama,vest,,,,,
ketakichalke-boots__image42,ollama,no-gloves,,,,,
ketakichalke-boots__image42,ollama,no-boots,,,,,
ketakichalke-boots__image42,qwen3-vl,person,,,,,
ketakichalke-boots__image42,qwen3-vl,helmet,,,,,
ketakichalke-boots__image42,qwen3-vl,gloves,,,,,
ketakichalke-boots__image42,qwen3-vl,vest,,,,,
ketakichalke-boots__image42,gemma4,person,,,,,
ketakichalke-boots__image42,gemma4,helmet,,,,,
ketakichalke-boots__image42,gemma4,gloves,,,,,
ketakichalke-boots__image42,gemma4,boots,,,,,
ketakichalke-boots__image42,gemma4,vest,,,,,
ketakichalke-boots__image42,minicpm-v,person,,,,,
ketakichalke-boots__image42,minicpm-v,helmet,,,,,
ketakichalke-boots__image42,minicpm-v,boots,,,,,
ketakichalke-boots__image42,minicpm-v,vest,,,,,
ketakichalke-boots__image42,minicpm-v,no-gloves,,,,,
ketakichalke-boots__image424,yolo,vest,0.9148883819580078,0.3432209014892578,0.21778411865234376,0.6805342674255371,0.5631050586700439
ketakichalke-boots__image424,yolo,boots,0.8882414102554321,0.45554194450378416,0.682490873336792,0.635462474822998,0.8728445053100586
ketakichalke-boots__image424,yolo,boots,0.8835446834564209,0.5504894256591797,0.6987469673156739,0.7586232185363769,0.9259303092956543
ketakichalke-boots__image424,yolo,person,0.8669937252998352,0.2492449998855591,0.05313012599945068,0.8296212196350098,0.951997184753418
ketakichalke-boots__image424,yolo,helmet,0.8451727032661438,0.2734652519226074,0.07765705585479736,0.5258587837219239,0.20508699417114257
ketakichalke-boots__image424,yolo,gloves,0.5461379289627075,0.3724715232849121,0.540589714050293,0.4553636074066162,0.6121714591979981
ketakichalke-boots__image424,ollama,person,,,,,
ketakichalke-boots__image424,ollama,boots,,,,,
ketakichalke-boots__image424,ollama,no-helmet,,,,,
ketakichalke-boots__image424,ollama,no-gloves,,,,,
ketakichalke-boots__image424,ollama,no-vest,,,,,
ketakichalke-boots__image424,qwen3-vl,person,,,,,
ketakichalke-boots__image424,qwen3-vl,helmet,,,,,
ketakichalke-boots__image424,qwen3-vl,boots,,,,,
ketakichalke-boots__image424,qwen3-vl,vest,,,,,
ketakichalke-boots__image424,gemma4,person,,,,,
ketakichalke-boots__image424,gemma4,helmet,,,,,
ketakichalke-boots__image424,gemma4,gloves,,,,,
ketakichalke-boots__image424,gemma4,boots,,,,,
ketakichalke-boots__image424,gemma4,vest,,,,,
ketakichalke-boots__image424,minicpm-v,person,,,,,
ketakichalke-boots__image424,minicpm-v,helmet,,,,,
ketakichalke-boots__image424,minicpm-v,boots,,,,,
ketakichalke-boots__image424,minicpm-v,vest,,,,,
ketakichalke-boots__image424,minicpm-v,no-gloves,,,,,
ketakichalke-boots__image443,yolo,vest,0.9157288074493408,0.4446402072906494,0.2318437099456787,0.5970775127410889,0.5624496459960937
ketakichalke-boots__image443,yolo,person,0.878678560256958,0.33753950595855714,0.04187486171722412,0.6441396713256836,0.9329559326171875
ketakichalke-boots__image443,yolo,helmet,0.8720310926437378,0.5283270359039307,0.06348375082015992,0.6266417980194092,0.16616944074630738
ketakichalke-boots__image443,ollama,person,,,,,
ketakichalke-boots__image443,ollama,helmet,,,,,
ketakichalke-boots__image443,ollama,gloves,,,,,
ketakichalke-boots__image443,ollama,boots,,,,,
ketakichalke-boots__image443,ollama,no-helmet,,,,,
ketakichalke-boots__image443,qwen3-vl,person,,,,,
ketakichalke-boots__image443,qwen3-vl,helmet,,,,,
ketakichalke-boots__image443,qwen3-vl,boots,,,,,
ketakichalke-boots__image443,qwen3-vl,vest,,,,,
ketakichalke-boots__image443,gemma4,person,,,,,
ketakichalke-boots__image443,gemma4,helmet,,,,,
ketakichalke-boots__image443,gemma4,boots,,,,,
ketakichalke-boots__image443,gemma4,vest,,,,,
ketakichalke-boots__image443,gemma4,no-gloves,,,,,
ketakichalke-boots__image443,minicpm-v,person,,,,,
ketakichalke-boots__image443,minicpm-v,helmet,,,,,
ketakichalke-boots__image443,minicpm-v,gloves,,,,,
ketakichalke-boots__image443,minicpm-v,boots,,,,,
ketakichalke-boots__image443,minicpm-v,vest,,,,,
ketakichalke-boots__image564,yolo,vest,0.930088222026825,0.4073953628540039,0.36529812812805174,0.5778828144073487,0.7909828186035156
ketakichalke-boots__image564,yolo,helmet,0.8822759985923767,0.43303704261779785,0.1795889616012573,0.5547753810882569,0.33428115844726564
ketakichalke-boots__image564,yolo,person,0.8602384328842163,0.3289443254470825,0.16391024589538575,0.6483054161071777,0.9875582695007324
ketakichalke-boots__image564,ollama,person,,,,,
ketakichalke-boots__image564,ollama,helmet,,,,,
ketakichalke-boots__image564,ollama,gloves,,,,,
ketakichalke-boots__image564,ollama,boots,,,,,
ketakichalke-boots__image564,ollama,vest,,,,,
ketakichalke-boots__image564,qwen3-vl,person,,,,,
ketakichalke-boots__image564,qwen3-vl,helmet,,,,,
ketakichalke-boots__image564,qwen3-vl,vest,,,,,
ketakichalke-boots__image564,gemma4,person,,,,,
ketakichalke-boots__image564,gemma4,helmet,,,,,
ketakichalke-boots__image564,gemma4,boots,,,,,
ketakichalke-boots__image564,gemma4,vest,,,,,
ketakichalke-boots__image564,minicpm-v,person,,,,,
ketakichalke-boots__image564,minicpm-v,helmet,,,,,
ketakichalke-boots__image564,minicpm-v,boots,,,,,
ketakichalke-boots__image564,minicpm-v,vest,,,,,
ketakichalke-boots__image564,minicpm-v,no-gloves,,,,,
ketakichalke-boots__image725,yolo,person,0.933312714099884,0.013830447196960449,0.05445950031280518,0.6448628425598144,0.9742227554321289
ketakichalke-boots__image725,yolo,vest,0.9249075651168823,0.2531576156616211,0.2866819381713867,0.4400921821594238,0.5398070335388183
ketakichalke-boots__image725,yolo,gloves,0.8562842011451721,0.539398193359375,0.1946122169494629,0.6215600490570068,0.2881169319152832
ketakichalke-boots__image725,yolo,helmet,0.8382704854011536,0.2673636436462402,0.13884191513061522,0.37850427627563477,0.22188131809234618
ketakichalke-boots__image725,yolo,boots,0.7768451571464539,0.2906110048294067,0.8274692535400391,0.3646613836288452,0.9326752662658692
ketakichalke-boots__image725,yolo,boots,0.710996687412262,0.36623849868774416,0.8251764297485351,0.44468464851379397,0.9228737831115723
ketakichalke-boots__image725,yolo,gloves,0.4997631311416626,0.028758907318115236,0.24127707481384278,0.1188887596130371,0.34155189990997314
ketakichalke-boots__image725,yolo,gloves,0.28488248586654663,0.02774181365966797,0.24210035800933838,0.11974160671234131,0.3412770748138428
ketakichalke-boots__image725,ollama,person,,,,,
ketakichalke-boots__image725,ollama,gloves,,,,,
ketakichalke-boots__image725,qwen3-vl,person,,,,,
ketakichalke-boots__image725,qwen3-vl,helmet,,,,,
ketakichalke-boots__image725,qwen3-vl,gloves,,,,,
ketakichalke-boots__image725,qwen3-vl,boots,,,,,
ketakichalke-boots__image725,qwen3-vl,vest,,,,,
ketakichalke-boots__image725,gemma4,person,,,,,
ketakichalke-boots__image725,gemma4,helmet,,,,,
ketakichalke-boots__image725,gemma4,gloves,,,,,
ketakichalke-boots__image725,gemma4,boots,,,,,
ketakichalke-boots__image725,gemma4,vest,,,,,
ketakichalke-boots__image725,minicpm-v,person,,,,,
ketakichalke-boots__image725,minicpm-v,helmet,,,,,
ketakichalke-boots__image725,minicpm-v,gloves,,,,,
ketakichalke-boots__image725,minicpm-v,boots,,,,,
ketakichalke-boots__image725,minicpm-v,vest,,,,,
ketakichalke-boots__image789,yolo,person,0.89722740650177,0.3186818599700928,0.27499046325683596,0.4864896297454834,0.9641862869262695
ketakichalke-boots__image789,yolo,vest,0.8861389756202698,0.33188157081604003,0.4015453338623047,0.4831223964691162,0.6992736339569092
ketakichalke-boots__image789,yolo,person,0.8820489048957825,0.5351346015930176,0.22425353527069092,0.6616633415222168,0.9627598762512207
ketakichalke-boots__image789,yolo,person,0.8766252994537354,0.1316589117050171,0.24243688583374023,0.28983511924743655,0.9096061706542968
ketakichalke-boots__image789,yolo,person,0.8629496693611145,0.6391026496887207,0.26804776191711427,0.7716945171356201,0.9485103607177734
ketakichalke-boots__image789,yolo,helmet,0.8530646562576294,0.6576326847076416,0.28213317394256593,0.7316428661346436,0.35843093395233155
ketakichalke-boots__image789,yolo,vest,0.8493698239326477,0.5401656627655029,0.334840726852417,0.6644288063049316,0.6108401775360107
ketakichalke-boots__image789,yolo,helmet,0.8381924033164978,0.5534260749816895,0.230698299407959,0.6346179485321045,0.3188457727432251
ketakichalke-boots__image789,yolo,helmet,0.8326042890548706,0.36853537559509275,0.2882416248321533,0.4559485912322998,0.3851088285446167
ketakichalke-boots__image789,yolo,vest,0.8314179182052612,0.6650478839874268,0.392324161529541,0.7617569923400879,0.6690561294555664
ketakichalke-boots__image789,yolo,helmet,0.8222470283508301,0.17809560298919677,0.2662224531173706,0.25922868251800535,0.34199860095977785
ketakichalke-boots__image789,yolo,boots,0.46684929728507996,0.10071985721588135,0.7565318584442139,0.1550220489501953,0.8576499938964843
ketakichalke-boots__image789,yolo,vest,0.4201744794845581,0.16511303186416626,0.3711613416671753,0.2543807506561279,0.6221151351928711
ketakichalke-boots__image789,yolo,boots,0.3712242543697357,0.5529386520385742,0.8775077819824219,0.6500929355621338,0.9481244087219238
ketakichalke-boots__image789,yolo,boots,0.34727466106414795,0.5396439075469971,0.7750024795532227,0.6492535591125488,0.9491143226623535
ketakichalke-boots__image789,yolo,boots,0.2712703049182892,0.214662766456604,0.8107086181640625,0.28313889503479006,0.8604855537414551
ketakichalke-boots__image789,ollama,person,,,,,
ketakichalke-boots__image789,ollama,helmet,,,,,
ketakichalke-boots__image789,ollama,gloves,,,,,
ketakichalke-boots__image789,ollama,boots,,,,,
ketakichalke-boots__image789,ollama,vest,,,,,
ketakichalke-boots__image789,ollama,no-helmet,,,,,
ketakichalke-boots__image789,ollama,no-gloves,,,,,
ketakichalke-boots__image789,ollama,no-boots,,,,,
ketakichalke-boots__image789,ollama,no-vest,,,,,
ketakichalke-boots__image789,qwen3-vl,person,,,,,
ketakichalke-boots__image789,qwen3-vl,helmet,,,,,
ketakichalke-boots__image789,qwen3-vl,gloves,,,,,
ketakichalke-boots__image789,qwen3-vl,boots,,,,,
ketakichalke-boots__image789,qwen3-vl,vest,,,,,
ketakichalke-boots__image789,gemma4,person,,,,,
ketakichalke-boots__image789,gemma4,helmet,,,,,
ketakichalke-boots__image789,gemma4,gloves,,,,,
ketakichalke-boots__image789,gemma4,boots,,,,,
ketakichalke-boots__image789,gemma4,vest,,,,,
ketakichalke-boots__image789,minicpm-v,person,,,,,
ketakichalke-boots__image789,minicpm-v,helmet,,,,,
ketakichalke-boots__image789,minicpm-v,gloves,,,,,
ketakichalke-boots__image789,minicpm-v,boots,,,,,
ketakichalke-boots__image789,minicpm-v,vest,,,,,
ketakichalke-boots__image901,yolo,vest,0.9169552326202393,0.44169325828552247,0.20356283187866211,0.7097424507141114,0.45598301887512205
ketakichalke-boots__image901,yolo,person,0.9080166220664978,0.3937961578369141,0.06132681369781494,0.7904783248901367,0.7578079223632812
ketakichalke-boots__image901,yolo,boots,0.8666449785232544,0.48519277572631836,0.5731504440307618,0.6074736595153809,0.7196408748626709
ketakichalke-boots__image901,yolo,boots,0.8571687340736389,0.646372938156128,0.5744967460632324,0.7402975559234619,0.7332443714141845
ketakichalke-boots__image901,yolo,helmet,0.8342963457107544,0.47394423484802245,0.08629806041717529,0.6338393211364746,0.1608715534210205
ketakichalke-boots__image901,yolo,gloves,0.825874924659729,0.6662379741668701,0.4332600116729736,0.7554120540618896,0.5063692092895508
ketakichalke-boots__image901,yolo,gloves,0.8044928908348083,0.429780912399292,0.4392974853515625,0.49462599754333497,0.5033795833587646
ketakichalke-boots__image901,ollama,person,,,,,
ketakichalke-boots__image901,ollama,vest,,,,,
ketakichalke-boots__image901,qwen3-vl,person,,,,,
ketakichalke-boots__image901,qwen3-vl,helmet,,,,,
ketakichalke-boots__image901,qwen3-vl,gloves,,,,,
ketakichalke-boots__image901,qwen3-vl,boots,,,,,
ketakichalke-boots__image901,qwen3-vl,vest,,,,,
ketakichalke-boots__image901,gemma4,person,,,,,
ketakichalke-boots__image901,gemma4,helmet,,,,,
ketakichalke-boots__image901,gemma4,gloves,,,,,
ketakichalke-boots__image901,gemma4,boots,,,,,
ketakichalke-boots__image901,gemma4,vest,,,,,
ketakichalke-boots__image901,minicpm-v,person,,,,,
ketakichalke-boots__image901,minicpm-v,helmet,,,,,
ketakichalke-boots__image901,minicpm-v,gloves,,,,,
ketakichalke-boots__image901,minicpm-v,boots,,,,,
ketakichalke-boots__image901,minicpm-v,vest,,,,,
ketakichalke-boots__image904,yolo,vest,0.9241310954093933,0.47028360366821287,0.24438838958740233,0.7378225326538086,0.48877801895141604
ketakichalke-boots__image904,yolo,person,0.9095891714096069,0.41562228202819823,0.10201873779296874,0.8146721839904785,0.7957580089569092
ketakichalke-boots__image904,yolo,boots,0.8517449498176575,0.4950437068939209,0.6050206184387207,0.6169264793395997,0.751591682434082
ketakichalke-boots__image904,yolo,boots,0.8461423516273499,0.6578646659851074,0.604093360900879,0.7547007083892823,0.7643022060394287
ketakichalke-boots__image904,yolo,gloves,0.8382241725921631,0.6887834548950196,0.4623894691467285,0.7822698593139649,0.539166259765625
ketakichalke-boots__image904,yolo,helmet,0.820178210735321,0.5120119571685791,0.1333518147468567,0.6674037456512452,0.20803816318511964
ketakichalke-boots__image904,yolo,gloves,0.8101876378059387,0.4499951362609863,0.46990337371826174,0.5149847507476807,0.5330626487731933
ketakichalke-boots__image904,ollama,person,,,,,
ketakichalke-boots__image904,ollama,gloves,,,,,
ketakichalke-boots__image904,qwen3-vl,person,,,,,
ketakichalke-boots__image904,qwen3-vl,helmet,,,,,
ketakichalke-boots__image904,qwen3-vl,gloves,,,,,
ketakichalke-boots__image904,qwen3-vl,boots,,,,,
ketakichalke-boots__image904,qwen3-vl,vest,,,,,
ketakichalke-boots__image904,gemma4,person,,,,,
ketakichalke-boots__image904,gemma4,helmet,,,,,
ketakichalke-boots__image904,gemma4,gloves,,,,,
ketakichalke-boots__image904,gemma4,boots,,,,,
ketakichalke-boots__image904,gemma4,vest,,,,,
ketakichalke-boots__image904,minicpm-v,person,,,,,
ketakichalke-boots__image904,minicpm-v,helmet,,,,,
ketakichalke-boots__image904,minicpm-v,gloves,,,,,
ketakichalke-boots__image904,minicpm-v,boots,,,,,
ketakichalke-boots__image904,minicpm-v,vest,,,,,
ketakichalke-boots__image936,yolo,person,0.9452370405197144,0.377791690826416,0.1621204137802124,0.7455755233764648,0.7834463119506836
ketakichalke-boots__image936,yolo,vest,0.9237948656082153,0.43013558387756345,0.2851877212524414,0.6725800991058349,0.5011114120483399
ketakichalke-boots__image936,yolo,boots,0.8738089799880981,0.5448155879974366,0.6005502223968506,0.6484014511108398,0.7254761219024658
ketakichalke-boots__image936,yolo,boots,0.8677815198898315,0.46313018798828126,0.6219655513763428,0.5666146755218506,0.7697535037994385
ketakichalke-boots__image936,yolo,gloves,0.8565915822982788,0.3915116310119629,0.4980167388916016,0.458361291885376,0.563221025466919
ketakichalke-boots__image936,yolo,helmet,0.837138295173645,0.46051926612854005,0.18198747634887696,0.5999584197998047,0.24361052513122558
ketakichalke-boots__image936,yolo,gloves,0.8267908692359924,0.669776725769043,0.46951956748962403,0.7283390045166016,0.5349145412445069
ketakichalke-boots__image936,ollama,person,,,,,
ketakichalke-boots__image936,ollama,no-helmet,,,,,
ketakichalke-boots__image936,ollama,no-gloves,,,,,
ketakichalke-boots__image936,ollama,no-boots,,,,,
ketakichalke-boots__image936,ollama,no-vest,,,,,
ketakichalke-boots__image936,qwen3-vl,person,,,,,
ketakichalke-boots__image936,qwen3-vl,helmet,,,,,
ketakichalke-boots__image936,qwen3-vl,gloves,,,,,
ketakichalke-boots__image936,qwen3-vl,boots,,,,,
ketakichalke-boots__image936,qwen3-vl,vest,,,,,
ketakichalke-boots__image936,gemma4,person,,,,,
ketakichalke-boots__image936,gemma4,helmet,,,,,
ketakichalke-boots__image936,gemma4,gloves,,,,,
ketakichalke-boots__image936,gemma4,boots,,,,,
ketakichalke-boots__image936,gemma4,vest,,,,,
ketakichalke-boots__image936,minicpm-v,person,,,,,
ketakichalke-boots__image936,minicpm-v,helmet,,,,,
ketakichalke-boots__image936,minicpm-v,gloves,,,,,
ketakichalke-boots__image936,minicpm-v,boots,,,,,
ketakichalke-boots__image936,minicpm-v,vest,,,,,
ketakichalke-boots__image97,yolo,vest,0.9203371405601501,0.2960296630859375,0.17241691350936889,0.5907307624816894,0.436858081817627
ketakichalke-boots__image97,yolo,person,0.8996368646621704,0.23984451293945314,0.016254353523254394,0.689310359954834,0.7533501148223877
ketakichalke-boots__image97,yolo,helmet,0.8826947808265686,0.35140941143035886,0.049557656049728394,0.5278138160705567,0.1544743299484253
ketakichalke-boots__image97,yolo,boots,0.8604159355163574,0.46616220474243164,0.5528087139129638,0.5899605274200439,0.715436601638794
ketakichalke-boots__image97,yolo,gloves,0.8580323457717896,0.28093619346618653,0.4086897850036621,0.3776854515075684,0.4970854759216309
ketakichalke-boots__image97,yolo,boots,0.8443403840065002,0.3216670274734497,0.5584073543548584,0.43515839576721194,0.7177018165588379
ketakichalke-boots__image97,yolo,gloves,0.8125297427177429,0.5324172973632812,0.3998108863830566,0.6214417934417724,0.4892427921295166
ketakichalke-boots__image97,ollama,person,,,,,
ketakichalke-boots__image97,ollama,helmet,,,,,
ketakichalke-boots__image97,ollama,gloves,,,,,
ketakichalke-boots__image97,ollama,boots,,,,,
ketakichalke-boots__image97,ollama,no-vest,,,,,
ketakichalke-boots__image97,qwen3-vl,person,,,,,
ketakichalke-boots__image97,qwen3-vl,helmet,,,,,
ketakichalke-boots__image97,qwen3-vl,gloves,,,,,
ketakichalke-boots__image97,qwen3-vl,boots,,,,,
ketakichalke-boots__image97,qwen3-vl,vest,,,,,
ketakichalke-boots__image97,gemma4,person,,,,,
ketakichalke-boots__image97,gemma4,helmet,,,,,
ketakichalke-boots__image97,gemma4,gloves,,,,,
ketakichalke-boots__image97,gemma4,boots,,,,,
ketakichalke-boots__image97,gemma4,vest,,,,,
ketakichalke-boots__image97,minicpm-v,person,,,,,
ketakichalke-boots__image97,minicpm-v,helmet,,,,,
ketakichalke-boots__image97,minicpm-v,gloves,,,,,
ketakichalke-boots__image97,minicpm-v,boots,,,,,
ketakichalke-boots__image97,minicpm-v,vest,,,,,
snehilsanyal-main__000415_jpg.rf.63b7e0293fb53612fdb4695fa0debfb7,yolo,no-vest,0.8744710087776184,0.7667570590972901,0.0,0.9954558372497558,0.23630046844482422
snehilsanyal-main__000415_jpg.rf.63b7e0293fb53612fdb4695fa0debfb7,yolo,person,0.8418386578559875,0.701119327545166,0.0,1.0,0.47121539115905764
snehilsanyal-main__000415_jpg.rf.63b7e0293fb53612fdb4695fa0debfb7,yolo,no-vest,0.7883720993995667,0.0,0.28536200523376465,0.036576461791992185,0.394812273979187
snehilsanyal-main__000415_jpg.rf.63b7e0293fb53612fdb4695fa0debfb7,yolo,person,0.6239170432090759,0.28892638683319094,3.315210342407227e-05,0.37913146018981936,0.41085400581359866
snehilsanyal-main__000415_jpg.rf.63b7e0293fb53612fdb4695fa0debfb7,yolo,person,0.442347913980484,0.0,0.2135916233062744,0.057445633411407473,0.4669179916381836
snehilsanyal-main__000415_jpg.rf.63b7e0293fb53612fdb4695fa0debfb7,yolo,no-helmet,0.3902445137500763,0.0,0.22082719802856446,0.03157285749912262,0.26482224464416504
snehilsanyal-main__000415_jpg.rf.63b7e0293fb53612fdb4695fa0debfb7,yolo,no-vest,0.35414206981658936,0.288432240486145,0.005086266994476318,0.3504602909088135,0.3452876091003418
snehilsanyal-main__000415_jpg.rf.63b7e0293fb53612fdb4695fa0debfb7,yolo,helmet,0.34496772289276123,0.0,0.22082719802856446,0.03157285749912262,0.26482224464416504
snehilsanyal-main__000415_jpg.rf.63b7e0293fb53612fdb4695fa0debfb7,ollama,person,,,,,
snehilsanyal-main__000415_jpg.rf.63b7e0293fb53612fdb4695fa0debfb7,ollama,helmet,,,,,
snehilsanyal-main__000415_jpg.rf.63b7e0293fb53612fdb4695fa0debfb7,ollama,gloves,,,,,
snehilsanyal-main__000415_jpg.rf.63b7e0293fb53612fdb4695fa0debfb7,ollama,boots,,,,,
snehilsanyal-main__000415_jpg.rf.63b7e0293fb53612fdb4695fa0debfb7,ollama,vest,,,,,
snehilsanyal-main__000415_jpg.rf.63b7e0293fb53612fdb4695fa0debfb7,qwen3-vl,person,,,,,
snehilsanyal-main__000415_jpg.rf.63b7e0293fb53612fdb4695fa0debfb7,qwen3-vl,helmet,,,,,
snehilsanyal-main__000415_jpg.rf.63b7e0293fb53612fdb4695fa0debfb7,qwen3-vl,gloves,,,,,
snehilsanyal-main__000415_jpg.rf.63b7e0293fb53612fdb4695fa0debfb7,qwen3-vl,boots,,,,,
snehilsanyal-main__000415_jpg.rf.63b7e0293fb53612fdb4695fa0debfb7,qwen3-vl,vest,,,,,
snehilsanyal-main__000415_jpg.rf.63b7e0293fb53612fdb4695fa0debfb7,gemma4,person,,,,,
snehilsanyal-main__000415_jpg.rf.63b7e0293fb53612fdb4695fa0debfb7,gemma4,helmet,,,,,
snehilsanyal-main__000415_jpg.rf.63b7e0293fb53612fdb4695fa0debfb7,gemma4,gloves,,,,,
snehilsanyal-main__000415_jpg.rf.63b7e0293fb53612fdb4695fa0debfb7,gemma4,boots,,,,,
snehilsanyal-main__000415_jpg.rf.63b7e0293fb53612fdb4695fa0debfb7,gemma4,vest,,,,,
snehilsanyal-main__000415_jpg.rf.63b7e0293fb53612fdb4695fa0debfb7,minicpm-v,person,,,,,
snehilsanyal-main__000415_jpg.rf.63b7e0293fb53612fdb4695fa0debfb7,minicpm-v,gloves,,,,,
snehilsanyal-main__000415_jpg.rf.63b7e0293fb53612fdb4695fa0debfb7,minicpm-v,boots,,,,,
snehilsanyal-main__000415_jpg.rf.63b7e0293fb53612fdb4695fa0debfb7,minicpm-v,no-vest,,,,,
snehilsanyal-main__000415_jpg.rf.6b9ff926deef3b67d6cb46c8bd2b2366,yolo,person,0.918339729309082,0.24620957374572755,0.0,0.40789146423339845,0.283173942565918
snehilsanyal-main__000415_jpg.rf.6b9ff926deef3b67d6cb46c8bd2b2366,yolo,no-vest,0.9108241200447083,0.8465606689453125,0.398244309425354,1.0,0.5095661163330079
snehilsanyal-main__000415_jpg.rf.6b9ff926deef3b67d6cb46c8bd2b2366,yolo,no-vest,0.9036769270896912,0.2774453401565552,0.00021392107009887695,0.334898567199707,0.0561068058013916
snehilsanyal-main__000415_jpg.rf.6b9ff926deef3b67d6cb46c8bd2b2366,yolo,person,0.790874719619751,0.7863624095916748,0.11512603759765624,1.0,0.5093569278717041
snehilsanyal-main__000415_jpg.rf.6b9ff926deef3b67d6cb46c8bd2b2366,ollama,person,,,,,
snehilsanyal-main__000415_jpg.rf.6b9ff926deef3b67d6cb46c8bd2b2366,ollama,helmet,,,,,
snehilsanyal-main__000415_jpg.rf.6b9ff926deef3b67d6cb46c8bd2b2366,ollama,boots,,,,,
snehilsanyal-main__000415_jpg.rf.6b9ff926deef3b67d6cb46c8bd2b2366,ollama,vest,,,,,
snehilsanyal-main__000415_jpg.rf.6b9ff926deef3b67d6cb46c8bd2b2366,ollama,no-helmet,,,,,
snehilsanyal-main__000415_jpg.rf.6b9ff926deef3b67d6cb46c8bd2b2366,ollama,no-gloves,,,,,
snehilsanyal-main__000415_jpg.rf.6b9ff926deef3b67d6cb46c8bd2b2366,qwen3-vl,person,,,,,
snehilsanyal-main__000415_jpg.rf.6b9ff926deef3b67d6cb46c8bd2b2366,qwen3-vl,no-helmet,,,,,
snehilsanyal-main__000415_jpg.rf.6b9ff926deef3b67d6cb46c8bd2b2366,qwen3-vl,no-gloves,,,,,
snehilsanyal-main__000415_jpg.rf.6b9ff926deef3b67d6cb46c8bd2b2366,qwen3-vl,no-boots,,,,,
snehilsanyal-main__000415_jpg.rf.6b9ff926deef3b67d6cb46c8bd2b2366,qwen3-vl,no-vest,,,,,
snehilsanyal-main__000415_jpg.rf.6b9ff926deef3b67d6cb46c8bd2b2366,gemma4,person,,,,,
snehilsanyal-main__000415_jpg.rf.6b9ff926deef3b67d6cb46c8bd2b2366,gemma4,gloves,,,,,
snehilsanyal-main__000415_jpg.rf.6b9ff926deef3b67d6cb46c8bd2b2366,gemma4,boots,,,,,
snehilsanyal-main__000415_jpg.rf.6b9ff926deef3b67d6cb46c8bd2b2366,gemma4,no-helmet,,,,,
snehilsanyal-main__000415_jpg.rf.6b9ff926deef3b67d6cb46c8bd2b2366,gemma4,no-vest,,,,,
snehilsanyal-main__000415_jpg.rf.6b9ff926deef3b67d6cb46c8bd2b2366,minicpm-v,person,,,,,
snehilsanyal-main__000415_jpg.rf.6b9ff926deef3b67d6cb46c8bd2b2366,minicpm-v,boots,,,,,
snehilsanyal-main__000415_jpg.rf.6b9ff926deef3b67d6cb46c8bd2b2366,minicpm-v,no-helmet,,,,,
snehilsanyal-main__000415_jpg.rf.6b9ff926deef3b67d6cb46c8bd2b2366,minicpm-v,no-gloves,,,,,
snehilsanyal-main__000415_jpg.rf.6b9ff926deef3b67d6cb46c8bd2b2366,minicpm-v,no-vest,,,,,
snehilsanyal-main__006012_jpg.rf.2300bacf07c885b49cd596a85e5adda3,yolo,person,0.98470139503479,0.0,0.29117555618286134,0.4002354621887207,1.0
snehilsanyal-main__006012_jpg.rf.2300bacf07c885b49cd596a85e5adda3,yolo,person,0.9680376648902893,0.4064944744110107,0.28998987674713134,0.891331672668457,1.0
snehilsanyal-main__006012_jpg.rf.2300bacf07c885b49cd596a85e5adda3,yolo,no-vest,0.948236882686615,0.0,0.7297992706298828,0.4000366687774658,0.9996187210083007
snehilsanyal-main__006012_jpg.rf.2300bacf07c885b49cd596a85e5adda3,yolo,no-helmet,0.9360895156860352,0.0,0.28973188400268557,0.40429415702819826,0.47630915641784666
snehilsanyal-main__006012_jpg.rf.2300bacf07c885b49cd596a85e5adda3,yolo,no-vest,0.9246888756752014,0.41773762702941897,0.28861734867095945,0.7015531063079834,0.4436309814453125
snehilsanyal-main__006012_jpg.rf.2300bacf07c885b49cd596a85e5adda3,yolo,no-vest,0.8809012174606323,0.0,0.06454920768737793,0.07568675875663758,0.28895161151885984
snehilsanyal-main__006012_jpg.rf.2300bacf07c885b49cd596a85e5adda3,yolo,person,0.8358469605445862,6.658434867858886e-05,0.0,0.09342500567436218,0.2899993181228638
snehilsanyal-main__006012_jpg.rf.2300bacf07c885b49cd596a85e5adda3,ollama,person,,,,,
snehilsanyal-main__006012_jpg.rf.2300bacf07c885b49cd596a85e5adda3,ollama,gloves,,,,,
snehilsanyal-main__006012_jpg.rf.2300bacf07c885b49cd596a85e5adda3,ollama,no-gloves,,,,,
snehilsanyal-main__006012_jpg.rf.2300bacf07c885b49cd596a85e5adda3,ollama,no-boots,,,,,
snehilsanyal-main__006012_jpg.rf.2300bacf07c885b49cd596a85e5adda3,qwen3-vl,person,,,,,
snehilsanyal-main__006012_jpg.rf.2300bacf07c885b49cd596a85e5adda3,qwen3-vl,boots,,,,,
snehilsanyal-main__006012_jpg.rf.2300bacf07c885b49cd596a85e5adda3,qwen3-vl,no-helmet,,,,,
snehilsanyal-main__006012_jpg.rf.2300bacf07c885b49cd596a85e5adda3,qwen3-vl,no-gloves,,,,,
snehilsanyal-main__006012_jpg.rf.2300bacf07c885b49cd596a85e5adda3,gemma4,person,,,,,
snehilsanyal-main__006012_jpg.rf.2300bacf07c885b49cd596a85e5adda3,gemma4,boots,,,,,
snehilsanyal-main__006012_jpg.rf.2300bacf07c885b49cd596a85e5adda3,gemma4,no-helmet,,,,,
snehilsanyal-main__006012_jpg.rf.2300bacf07c885b49cd596a85e5adda3,gemma4,no-gloves,,,,,
snehilsanyal-main__006012_jpg.rf.2300bacf07c885b49cd596a85e5adda3,gemma4,no-vest,,,,,
snehilsanyal-main__006012_jpg.rf.2300bacf07c885b49cd596a85e5adda3,minicpm-v,person,,,,,
snehilsanyal-main__006012_jpg.rf.2300bacf07c885b49cd596a85e5adda3,minicpm-v,boots,,,,,
snehilsanyal-main__006012_jpg.rf.2300bacf07c885b49cd596a85e5adda3,minicpm-v,no-helmet,,,,,
snehilsanyal-main__006012_jpg.rf.2300bacf07c885b49cd596a85e5adda3,minicpm-v,no-gloves,,,,,
snehilsanyal-main__006012_jpg.rf.2300bacf07c885b49cd596a85e5adda3,minicpm-v,no-vest,,,,,
snehilsanyal-main__135e-huxwryw6451820_jpg.rf.ee9ca43c493a451ed87dcea9c7b3e0c6,yolo,person,0.9848297834396362,0.0015627622604370117,1.665353775024414e-05,0.5499626636505127,0.4386854648590088
snehilsanyal-main__135e-huxwryw6451820_jpg.rf.ee9ca43c493a451ed87dcea9c7b3e0c6,yolo,person,0.9073126316070557,0.0,0.0,0.256777286529541,0.4395431995391846
snehilsanyal-main__135e-huxwryw6451820_jpg.rf.ee9ca43c493a451ed87dcea9c7b3e0c6,yolo,no-vest,0.5829346776008606,0.0,0.3298370599746704,0.549039363861084,0.43960046768188477
snehilsanyal-main__135e-huxwryw6451820_jpg.rf.ee9ca43c493a451ed87dcea9c7b3e0c6,ollama,person,,,,,
snehilsanyal-main__135e-huxwryw6451820_jpg.rf.ee9ca43c493a451ed87dcea9c7b3e0c6,ollama,helmet,,,,,
snehilsanyal-main__135e-huxwryw6451820_jpg.rf.ee9ca43c493a451ed87dcea9c7b3e0c6,ollama,gloves,,,,,
snehilsanyal-main__135e-huxwryw6451820_jpg.rf.ee9ca43c493a451ed87dcea9c7b3e0c6,ollama,boots,,,,,
snehilsanyal-main__135e-huxwryw6451820_jpg.rf.ee9ca43c493a451ed87dcea9c7b3e0c6,ollama,vest,,,,,
snehilsanyal-main__135e-huxwryw6451820_jpg.rf.ee9ca43c493a451ed87dcea9c7b3e0c6,qwen3-vl,person,,,,,
snehilsanyal-main__135e-huxwryw6451820_jpg.rf.ee9ca43c493a451ed87dcea9c7b3e0c6,gemma4,person,,,,,
snehilsanyal-main__135e-huxwryw6451820_jpg.rf.ee9ca43c493a451ed87dcea9c7b3e0c6,gemma4,helmet,,,,,
snehilsanyal-main__135e-huxwryw6451820_jpg.rf.ee9ca43c493a451ed87dcea9c7b3e0c6,gemma4,boots,,,,,
snehilsanyal-main__135e-huxwryw6451820_jpg.rf.ee9ca43c493a451ed87dcea9c7b3e0c6,gemma4,vest,,,,,
snehilsanyal-main__135e-huxwryw6451820_jpg.rf.ee9ca43c493a451ed87dcea9c7b3e0c6,gemma4,no-gloves,,,,,
snehilsanyal-main__135e-huxwryw6451820_jpg.rf.ee9ca43c493a451ed87dcea9c7b3e0c6,minicpm-v,person,,,,,
snehilsanyal-main__135e-huxwryw6451820_jpg.rf.ee9ca43c493a451ed87dcea9c7b3e0c6,minicpm-v,no-helmet,,,,,
snehilsanyal-main__135e-huxwryw6451820_jpg.rf.ee9ca43c493a451ed87dcea9c7b3e0c6,minicpm-v,no-gloves,,,,,
snehilsanyal-main__135e-huxwryw6451820_jpg.rf.ee9ca43c493a451ed87dcea9c7b3e0c6,minicpm-v,no-boots,,,,,
snehilsanyal-main__135e-huxwryw6451820_jpg.rf.ee9ca43c493a451ed87dcea9c7b3e0c6,minicpm-v,no-vest,,,,,
snehilsanyal-main__2008_008526_jpg.rf.b9241d674aac7899827bcc5db9486bdc,yolo,person,0.9901329278945923,0.47967872619628904,0.5587922096252441,1.0,0.9996646881103516
snehilsanyal-main__2008_008526_jpg.rf.b9241d674aac7899827bcc5db9486bdc,yolo,person,0.9739792943000793,1.4233589172363282e-05,0.20485343933105468,0.47887387275695803,0.5586925506591797
snehilsanyal-main__2008_008526_jpg.rf.b9241d674aac7899827bcc5db9486bdc,yolo,no-vest,0.9367560148239136,0.024987268447875976,0.3791178226470947,0.3777885437011719,0.5587188720703125
snehilsanyal-main__2008_008526_jpg.rf.b9241d674aac7899827bcc5db9486bdc,yolo,no-helmet,0.8988141417503357,0.001568359136581421,0.22986888885498047,0.12088377475738525,0.3067957878112793
snehilsanyal-main__2008_008526_jpg.rf.b9241d674aac7899827bcc5db9486bdc,yolo,no-vest,0.8924374580383301,0.4786841869354248,0.6770593166351319,0.9999008178710938,0.9998064041137695
snehilsanyal-main__2008_008526_jpg.rf.b9241d674aac7899827bcc5db9486bdc,yolo,person,0.8606907725334167,6.249547004699707e-05,0.19410099983215331,0.1286078453063965,0.5593268871307373
snehilsanyal-main__2008_008526_jpg.rf.b9241d674aac7899827bcc5db9486bdc,yolo,no-vest,0.858519434928894,6.969571113586426e-05,0.4103177547454834,0.09730844497680664,0.5588900089263916
snehilsanyal-main__2008_008526_jpg.rf.b9241d674aac7899827bcc5db9486bdc,yolo,no-helmet,0.7863332629203796,0.16021475791931153,0.231561279296875,0.2767889738082886,0.2860093593597412
snehilsanyal-main__2008_008526_jpg.rf.b9241d674aac7899827bcc5db9486bdc,yolo,person,0.25870636105537415,0.0,0.1966901421546936,0.13213428258895873,0.5584605693817138
snehilsanyal-main__2008_008526_jpg.rf.b9241d674aac7899827bcc5db9486bdc,ollama,person,,,,,
snehilsanyal-main__2008_008526_jpg.rf.b9241d674aac7899827bcc5db9486bdc,ollama,no-helmet,,,,,
snehilsanyal-main__2008_008526_jpg.rf.b9241d674aac7899827bcc5db9486bdc,ollama,no-boots,,,,,
snehilsanyal-main__2008_008526_jpg.rf.b9241d674aac7899827bcc5db9486bdc,ollama,no-vest,,,,,
snehilsanyal-main__2008_008526_jpg.rf.b9241d674aac7899827bcc5db9486bdc,qwen3-vl,person,,,,,
snehilsanyal-main__2008_008526_jpg.rf.b9241d674aac7899827bcc5db9486bdc,qwen3-vl,no-helmet,,,,,
snehilsanyal-main__2008_008526_jpg.rf.b9241d674aac7899827bcc5db9486bdc,qwen3-vl,no-gloves,,,,,
snehilsanyal-main__2008_008526_jpg.rf.b9241d674aac7899827bcc5db9486bdc,qwen3-vl,no-boots,,,,,
snehilsanyal-main__2008_008526_jpg.rf.b9241d674aac7899827bcc5db9486bdc,qwen3-vl,no-vest,,,,,
snehilsanyal-main__2008_008526_jpg.rf.b9241d674aac7899827bcc5db9486bdc,gemma4,person,,,,,
snehilsanyal-main__2008_008526_jpg.rf.b9241d674aac7899827bcc5db9486bdc,gemma4,no-helmet,,,,,
snehilsanyal-main__2008_008526_jpg.rf.b9241d674aac7899827bcc5db9486bdc,gemma4,no-gloves,,,,,
snehilsanyal-main__2008_008526_jpg.rf.b9241d674aac7899827bcc5db9486bdc,gemma4,no-boots,,,,,
snehilsanyal-main__2008_008526_jpg.rf.b9241d674aac7899827bcc5db9486bdc,gemma4,no-vest,,,,,
snehilsanyal-main__2008_008526_jpg.rf.b9241d674aac7899827bcc5db9486bdc,minicpm-v,person,,,,,
snehilsanyal-main__2008_008526_jpg.rf.b9241d674aac7899827bcc5db9486bdc,minicpm-v,helmet,,,,,
snehilsanyal-main__2008_008526_jpg.rf.b9241d674aac7899827bcc5db9486bdc,minicpm-v,gloves,,,,,
snehilsanyal-main__2008_008526_jpg.rf.b9241d674aac7899827bcc5db9486bdc,minicpm-v,boots,,,,,
snehilsanyal-main__2008_008526_jpg.rf.b9241d674aac7899827bcc5db9486bdc,minicpm-v,vest,,,,,
snehilsanyal-main__IMG_0871_mp4-24_jpg.rf.f9e7803a7755260449de41f00a63c0a0,yolo,person,0.9833883047103882,0.0012163639068603516,0.0,0.5799235820770263,0.5388819694519043
snehilsanyal-main__IMG_0871_mp4-24_jpg.rf.f9e7803a7755260449de41f00a63c0a0,yolo,no-vest,0.9434491991996765,0.5802464008331298,0.724399471282959,0.7208520889282226,0.9729305267333984
snehilsanyal-main__IMG_0871_mp4-24_jpg.rf.f9e7803a7755260449de41f00a63c0a0,yolo,person,0.9358559250831604,0.5783776760101318,0.6592228889465332,0.9881111145019531,0.9997550964355468
snehilsanyal-main__IMG_0871_mp4-24_jpg.rf.f9e7803a7755260449de41f00a63c0a0,yolo,no-helmet,0.9234868288040161,0.740718412399292,0.7022396087646484,0.943442440032959,0.9722251892089844
snehilsanyal-main__IMG_0871_mp4-24_jpg.rf.f9e7803a7755260449de41f00a63c0a0,yolo,no-helmet,0.9183555841445923,0.17799160480499268,0.0,0.5753299713134765,0.1776654005050659
snehilsanyal-main__IMG_0871_mp4-24_jpg.rf.f9e7803a7755260449de41f00a63c0a0,yolo,person,0.7617997527122498,0.33770103454589845,0.7696802616119385,0.3611989736557007,0.8075407981872559
snehilsanyal-main__IMG_0871_mp4-24_jpg.rf.f9e7803a7755260449de41f00a63c0a0,ollama,person,,,,,
snehilsanyal-main__IMG_0871_mp4-24_jpg.rf.f9e7803a7755260449de41f00a63c0a0,ollama,helmet,,,,,
snehilsanyal-main__IMG_0871_mp4-24_jpg.rf.f9e7803a7755260449de41f00a63c0a0,ollama,no-helmet,,,,,
snehilsanyal-main__IMG_0871_mp4-24_jpg.rf.f9e7803a7755260449de41f00a63c0a0,ollama,no-gloves,,,,,
snehilsanyal-main__IMG_0871_mp4-24_jpg.rf.f9e7803a7755260449de41f00a63c0a0,ollama,no-boots,,,,,
snehilsanyal-main__IMG_0871_mp4-24_jpg.rf.f9e7803a7755260449de41f00a63c0a0,ollama,no-vest,,,,,
snehilsanyal-main__IMG_0871_mp4-24_jpg.rf.f9e7803a7755260449de41f00a63c0a0,qwen3-vl,person,,,,,
snehilsanyal-main__IMG_0871_mp4-24_jpg.rf.f9e7803a7755260449de41f00a63c0a0,qwen3-vl,no-helmet,,,,,
snehilsanyal-main__IMG_0871_mp4-24_jpg.rf.f9e7803a7755260449de41f00a63c0a0,qwen3-vl,no-gloves,,,,,
snehilsanyal-main__IMG_0871_mp4-24_jpg.rf.f9e7803a7755260449de41f00a63c0a0,qwen3-vl,no-boots,,,,,
snehilsanyal-main__IMG_0871_mp4-24_jpg.rf.f9e7803a7755260449de41f00a63c0a0,qwen3-vl,no-vest,,,,,
snehilsanyal-main__IMG_0871_mp4-24_jpg.rf.f9e7803a7755260449de41f00a63c0a0,gemma4,person,,,,,
snehilsanyal-main__IMG_0871_mp4-24_jpg.rf.f9e7803a7755260449de41f00a63c0a0,gemma4,helmet,,,,,
snehilsanyal-main__IMG_0871_mp4-24_jpg.rf.f9e7803a7755260449de41f00a63c0a0,gemma4,gloves,,,,,
snehilsanyal-main__IMG_0871_mp4-24_jpg.rf.f9e7803a7755260449de41f00a63c0a0,gemma4,boots,,,,,
snehilsanyal-main__IMG_0871_mp4-24_jpg.rf.f9e7803a7755260449de41f00a63c0a0,gemma4,vest,,,,,
snehilsanyal-main__IMG_0871_mp4-24_jpg.rf.f9e7803a7755260449de41f00a63c0a0,minicpm-v,person,,,,,
snehilsanyal-main__IMG_0871_mp4-24_jpg.rf.f9e7803a7755260449de41f00a63c0a0,minicpm-v,helmet,,,,,
snehilsanyal-main__IMG_0871_mp4-24_jpg.rf.f9e7803a7755260449de41f00a63c0a0,minicpm-v,boots,,,,,
snehilsanyal-main__IMG_0871_mp4-24_jpg.rf.f9e7803a7755260449de41f00a63c0a0,minicpm-v,vest,,,,,
snehilsanyal-main__IMG_0871_mp4-24_jpg.rf.f9e7803a7755260449de41f00a63c0a0,minicpm-v,no-gloves,,,,,
snehilsanyal-main__IMG_5024_mp4-2_jpg.rf.f14476eee4096607def4cd1f1883ca5d,yolo,person,0.9805966019630432,0.0,0.000926518440246582,0.3381889820098877,0.48953938484191895
snehilsanyal-main__IMG_5024_mp4-2_jpg.rf.f14476eee4096607def4cd1f1883ca5d,yolo,person,0.9585152268409729,0.5329894542694091,0.0,0.9991422653198242,0.4836390018463135
snehilsanyal-main__IMG_5024_mp4-2_jpg.rf.f14476eee4096607def4cd1f1883ca5d,yolo,vest,0.9409165382385254,0.6395914077758789,0.0007110118865966796,1.0,0.4891812324523926
snehilsanyal-main__IMG_5024_mp4-2_jpg.rf.f14476eee4096607def4cd1f1883ca5d,yolo,person,0.9321703910827637,0.36935741901397706,0.489827823638916,0.8110629081726074,1.0
snehilsanyal-main__IMG_5024_mp4-2_jpg.rf.f14476eee4096607def4cd1f1883ca5d,yolo,no-helmet,0.9096940159797668,0.0002024352550506592,0.003699219226837158,0.18606274127960204,0.3012270450592041
snehilsanyal-main__IMG_5024_mp4-2_jpg.rf.f14476eee4096607def4cd1f1883ca5d,ollama,person,,,,,
snehilsanyal-main__IMG_5024_mp4-2_jpg.rf.f14476eee4096607def4cd1f1883ca5d,ollama,helmet,,,,,
snehilsanyal-main__IMG_5024_mp4-2_jpg.rf.f14476eee4096607def4cd1f1883ca5d,ollama,boots,,,,,
snehilsanyal-main__IMG_5024_mp4-2_jpg.rf.f14476eee4096607def4cd1f1883ca5d,ollama,vest,,,,,
snehilsanyal-main__IMG_5024_mp4-2_jpg.rf.f14476eee4096607def4cd1f1883ca5d,qwen3-vl,person,,,,,
snehilsanyal-main__IMG_5024_mp4-2_jpg.rf.f14476eee4096607def4cd1f1883ca5d,qwen3-vl,boots,,,,,
snehilsanyal-main__IMG_5024_mp4-2_jpg.rf.f14476eee4096607def4cd1f1883ca5d,qwen3-vl,vest,,,,,
snehilsanyal-main__IMG_5024_mp4-2_jpg.rf.f14476eee4096607def4cd1f1883ca5d,qwen3-vl,no-gloves,,,,,
snehilsanyal-main__IMG_5024_mp4-2_jpg.rf.f14476eee4096607def4cd1f1883ca5d,gemma4,person,,,,,
snehilsanyal-main__IMG_5024_mp4-2_jpg.rf.f14476eee4096607def4cd1f1883ca5d,gemma4,boots,,,,,
snehilsanyal-main__IMG_5024_mp4-2_jpg.rf.f14476eee4096607def4cd1f1883ca5d,gemma4,vest,,,,,
snehilsanyal-main__IMG_5024_mp4-2_jpg.rf.f14476eee4096607def4cd1f1883ca5d,gemma4,no-helmet,,,,,
snehilsanyal-main__IMG_5024_mp4-2_jpg.rf.f14476eee4096607def4cd1f1883ca5d,minicpm-v,person,,,,,
snehilsanyal-main__IMG_5024_mp4-2_jpg.rf.f14476eee4096607def4cd1f1883ca5d,minicpm-v,gloves,,,,,
snehilsanyal-main__IMG_5024_mp4-2_jpg.rf.f14476eee4096607def4cd1f1883ca5d,minicpm-v,boots,,,,,
snehilsanyal-main__IMG_5024_mp4-2_jpg.rf.f14476eee4096607def4cd1f1883ca5d,minicpm-v,vest,,,,,
snehilsanyal-main__IMG_5024_mp4-4_jpg.rf.02dc33f0f0ffc6b8eab4a796f01b3e79,yolo,person,0.9909454584121704,0.0,1.1587142944335938e-05,0.5496452808380127,0.4516901016235352
snehilsanyal-main__IMG_5024_mp4-4_jpg.rf.02dc33f0f0ffc6b8eab4a796f01b3e79,yolo,no-vest,0.9424380660057068,0.0,0.16481969356536866,0.5510302543640136,0.4501699924468994
snehilsanyal-main__IMG_5024_mp4-4_jpg.rf.02dc33f0f0ffc6b8eab4a796f01b3e79,ollama,person,,,,,
snehilsanyal-main__IMG_5024_mp4-4_jpg.rf.02dc33f0f0ffc6b8eab4a796f01b3e79,ollama,helmet,,,,,
snehilsanyal-main__IMG_5024_mp4-4_jpg.rf.02dc33f0f0ffc6b8eab4a796f01b3e79,ollama,vest,,,,,
snehilsanyal-main__IMG_5024_mp4-4_jpg.rf.02dc33f0f0ffc6b8eab4a796f01b3e79,ollama,no-gloves,,,,,
snehilsanyal-main__IMG_5024_mp4-4_jpg.rf.02dc33f0f0ffc6b8eab4a796f01b3e79,ollama,no-boots,,,,,
snehilsanyal-main__IMG_5024_mp4-4_jpg.rf.02dc33f0f0ffc6b8eab4a796f01b3e79,qwen3-vl,person,,,,,
snehilsanyal-main__IMG_5024_mp4-4_jpg.rf.02dc33f0f0ffc6b8eab4a796f01b3e79,qwen3-vl,no-helmet,,,,,
snehilsanyal-main__IMG_5024_mp4-4_jpg.rf.02dc33f0f0ffc6b8eab4a796f01b3e79,gemma4,person,,,,,
snehilsanyal-main__IMG_5024_mp4-4_jpg.rf.02dc33f0f0ffc6b8eab4a796f01b3e79,gemma4,no-helmet,,,,,
snehilsanyal-main__IMG_5024_mp4-4_jpg.rf.02dc33f0f0ffc6b8eab4a796f01b3e79,gemma4,no-gloves,,,,,
snehilsanyal-main__IMG_5024_mp4-4_jpg.rf.02dc33f0f0ffc6b8eab4a796f01b3e79,gemma4,no-boots,,,,,
snehilsanyal-main__IMG_5024_mp4-4_jpg.rf.02dc33f0f0ffc6b8eab4a796f01b3e79,gemma4,no-vest,,,,,
snehilsanyal-main__IMG_5024_mp4-4_jpg.rf.02dc33f0f0ffc6b8eab4a796f01b3e79,minicpm-v,person,,,,,
snehilsanyal-main__IMG_5024_mp4-4_jpg.rf.02dc33f0f0ffc6b8eab4a796f01b3e79,minicpm-v,no-helmet,,,,,
snehilsanyal-main__IMG_5024_mp4-4_jpg.rf.02dc33f0f0ffc6b8eab4a796f01b3e79,minicpm-v,no-gloves,,,,,
snehilsanyal-main__IMG_5024_mp4-4_jpg.rf.02dc33f0f0ffc6b8eab4a796f01b3e79,minicpm-v,no-boots,,,,,
snehilsanyal-main__IMG_5024_mp4-4_jpg.rf.02dc33f0f0ffc6b8eab4a796f01b3e79,minicpm-v,no-vest,,,,,
snehilsanyal-main__IMG_9949-1-_mp4-6_jpg.rf.a680f2403994b4c82fa353a5bd97e81c,yolo,person,0.974257230758667,0.30718584060668946,0.5687749862670899,0.909953498840332,0.9999559402465821
snehilsanyal-main__IMG_9949-1-_mp4-6_jpg.rf.a680f2403994b4c82fa353a5bd97e81c,yolo,person,0.9659410715103149,0.004225802421569824,0.004323124885559082,0.3095098972320557,0.5680578231811524
snehilsanyal-main__IMG_9949-1-_mp4-6_jpg.rf.a680f2403994b4c82fa353a5bd97e81c,yolo,person,0.9382533431053162,0.0022677183151245117,0.5687477111816406,0.24104390144348145,0.9992294311523438
snehilsanyal-main__IMG_9949-1-_mp4-6_jpg.rf.a680f2403994b4c82fa353a5bd97e81c,yolo,no-vest,0.9375621676445007,0.04633902907371521,0.5686780452728272,0.19808987379074097,0.7513917446136474
snehilsanyal-main__IMG_9949-1-_mp4-6_jpg.rf.a680f2403994b4c82fa353a5bd97e81c,yolo,person,0.9246851801872253,0.12816085815429687,0.5676973342895508,0.3096228361129761,1.0
snehilsanyal-main__IMG_9949-1-_mp4-6_jpg.rf.a680f2403994b4c82fa353a5bd97e81c,yolo,no-vest,0.9197548031806946,0.3631336212158203,0.8330867767333985,0.7770670890808106,1.0
snehilsanyal-main__IMG_9949-1-_mp4-6_jpg.rf.a680f2403994b4c82fa353a5bd97e81c,yolo,no-vest,0.9184199571609497,0.005307888984680176,0.320436692237854,0.30935239791870117,0.5679684162139893
snehilsanyal-main__IMG_9949-1-_mp4-6_jpg.rf.a680f2403994b4c82fa353a5bd97e81c,yolo,helmet,0.9140417575836182,0.30913209915161133,0.568411111831665,0.42202234268188477,0.7883587837219238
snehilsanyal-main__IMG_9949-1-_mp4-6_jpg.rf.a680f2403994b4c82fa353a5bd97e81c,yolo,no-vest,0.8566022515296936,0.23334064483642578,0.5666167259216308,0.3098947048187256,0.886393928527832
snehilsanyal-main__IMG_9949-1-_mp4-6_jpg.rf.a680f2403994b4c82fa353a5bd97e81c,yolo,person,0.7276805639266968,0.0,0.568312692642212,0.0710554838180542,0.9995769500732422
snehilsanyal-main__IMG_9949-1-_mp4-6_jpg.rf.a680f2403994b4c82fa353a5bd97e81c,yolo,no-vest,0.7017745971679688,7.504820823669433e-05,0.5682323455810547,0.034878131747245786,0.7406359672546386
snehilsanyal-main__IMG_9949-1-_mp4-6_jpg.rf.a680f2403994b4c82fa353a5bd97e81c,yolo,person,0.560321033000946,0.934691333770752,0.5228462219238281,0.9605937004089355,0.5673033714294433
snehilsanyal-main__IMG_9949-1-_mp4-6_jpg.rf.a680f2403994b4c82fa353a5bd97e81c,yolo,person,0.3279566764831543,0.8105774879455566,0.5216114044189453,0.8269535064697265,0.5490922927856445
snehilsanyal-main__IMG_9949-1-_mp4-6_jpg.rf.a680f2403994b4c82fa353a5bd97e81c,ollama,person,,,,,
snehilsanyal-main__IMG_9949-1-_mp4-6_jpg.rf.a680f2403994b4c82fa353a5bd97e81c,ollama,no-helmet,,,,,
snehilsanyal-main__IMG_9949-1-_mp4-6_jpg.rf.a680f2403994b4c82fa353a5bd97e81c,ollama,no-gloves,,,,,
snehilsanyal-main__IMG_9949-1-_mp4-6_jpg.rf.a680f2403994b4c82fa353a5bd97e81c,ollama,no-boots,,,,,
snehilsanyal-main__IMG_9949-1-_mp4-6_jpg.rf.a680f2403994b4c82fa353a5bd97e81c,ollama,no-vest,,,,,
snehilsanyal-main__IMG_9949-1-_mp4-6_jpg.rf.a680f2403994b4c82fa353a5bd97e81c,qwen3-vl,person,,,,,
snehilsanyal-main__IMG_9949-1-_mp4-6_jpg.rf.a680f2403994b4c82fa353a5bd97e81c,qwen3-vl,gloves,,,,,
snehilsanyal-main__IMG_9949-1-_mp4-6_jpg.rf.a680f2403994b4c82fa353a5bd97e81c,qwen3-vl,boots,,,,,
snehilsanyal-main__IMG_9949-1-_mp4-6_jpg.rf.a680f2403994b4c82fa353a5bd97e81c,gemma4,person,,,,,
snehilsanyal-main__IMG_9949-1-_mp4-6_jpg.rf.a680f2403994b4c82fa353a5bd97e81c,gemma4,helmet,,,,,
snehilsanyal-main__IMG_9949-1-_mp4-6_jpg.rf.a680f2403994b4c82fa353a5bd97e81c,gemma4,gloves,,,,,
snehilsanyal-main__IMG_9949-1-_mp4-6_jpg.rf.a680f2403994b4c82fa353a5bd97e81c,gemma4,boots,,,,,
snehilsanyal-main__IMG_9949-1-_mp4-6_jpg.rf.a680f2403994b4c82fa353a5bd97e81c,gemma4,vest,,,,,
snehilsanyal-main__IMG_9949-1-_mp4-6_jpg.rf.a680f2403994b4c82fa353a5bd97e81c,gemma4,no-helmet,,,,,
snehilsanyal-main__IMG_9949-1-_mp4-6_jpg.rf.a680f2403994b4c82fa353a5bd97e81c,gemma4,no-gloves,,,,,
snehilsanyal-main__IMG_9949-1-_mp4-6_jpg.rf.a680f2403994b4c82fa353a5bd97e81c,gemma4,no-boots,,,,,
snehilsanyal-main__IMG_9949-1-_mp4-6_jpg.rf.a680f2403994b4c82fa353a5bd97e81c,gemma4,no-vest,,,,,
snehilsanyal-main__IMG_9949-1-_mp4-6_jpg.rf.a680f2403994b4c82fa353a5bd97e81c,minicpm-v,person,,,,,
snehilsanyal-main__IMG_9949-1-_mp4-6_jpg.rf.a680f2403994b4c82fa353a5bd97e81c,minicpm-v,gloves,,,,,
snehilsanyal-main__IMG_9949-1-_mp4-6_jpg.rf.a680f2403994b4c82fa353a5bd97e81c,minicpm-v,boots,,,,,
snehilsanyal-main__IMG_9949-1-_mp4-6_jpg.rf.a680f2403994b4c82fa353a5bd97e81c,minicpm-v,vest,,,,,
snehilsanyal-main__RPReplay_Final1667001201_MP4-79_jpg.rf.0fcc7de22dfa5f7992a47c7ff06b0d16,yolo,person,0.9893943667411804,0.0,0.00014967918395996093,0.41817626953125,0.438675594329834
snehilsanyal-main__RPReplay_Final1667001201_MP4-79_jpg.rf.0fcc7de22dfa5f7992a47c7ff06b0d16,yolo,person,0.9795315265655518,0.4196657180786133,0.4392072677612305,0.9986577987670898,1.0
snehilsanyal-main__RPReplay_Final1667001201_MP4-79_jpg.rf.0fcc7de22dfa5f7992a47c7ff06b0d16,yolo,person,0.9459254741668701,0.1115492582321167,0.7127720832824707,0.28252415657043456,1.0
snehilsanyal-main__RPReplay_Final1667001201_MP4-79_jpg.rf.0fcc7de22dfa5f7992a47c7ff06b0d16,yolo,vest,0.928887665271759,0.28969736099243165,0.8131208419799805,0.4152256965637207,0.995213794708252
snehilsanyal-main__RPReplay_Final1667001201_MP4-79_jpg.rf.0fcc7de22dfa5f7992a47c7ff06b0d16,yolo,person,0.9263071417808533,0.24489245414733887,0.7391725540161133,0.41852664947509766,0.9999140739440918
snehilsanyal-main__RPReplay_Final1667001201_MP4-79_jpg.rf.0fcc7de22dfa5f7992a47c7ff06b0d16,yolo,person,0.9224479794502258,0.0001511991024017334,0.6921111106872558,0.13209959268569946,0.9993289947509766
snehilsanyal-main__RPReplay_Final1667001201_MP4-79_jpg.rf.0fcc7de22dfa5f7992a47c7ff06b0d16,yolo,person,0.918938159942627,0.04108371734619141,0.7096426010131835,0.19983855485916138,0.9996743202209473
snehilsanyal-main__RPReplay_Final1667001201_MP4-79_jpg.rf.0fcc7de22dfa5f7992a47c7ff06b0d16,yolo,vest,0.9123545289039612,0.14821597337722778,0.7865683555603027,0.26872479915618896,0.9524493217468262
snehilsanyal-main__RPReplay_Final1667001201_MP4-79_jpg.rf.0fcc7de22dfa5f7992a47c7ff06b0d16,yolo,helmet,0.9101698994636536,0.2999177217483521,0.7203042030334472,0.3440720081329346,0.7660618782043457
snehilsanyal-main__RPReplay_Final1667001201_MP4-79_jpg.rf.0fcc7de22dfa5f7992a47c7ff06b0d16,yolo,helmet,0.9088031053543091,0.35905616283416747,0.7467772483825683,0.4107645034790039,0.7993505001068115
snehilsanyal-main__RPReplay_Final1667001201_MP4-79_jpg.rf.0fcc7de22dfa5f7992a47c7ff06b0d16,yolo,helmet,0.9059472680091858,0.47533349990844725,0.4398780822753906,0.8841785430908203,0.6631771087646484
snehilsanyal-main__RPReplay_Final1667001201_MP4-79_jpg.rf.0fcc7de22dfa5f7992a47c7ff06b0d16,yolo,helmet,0.9001524448394775,0.2663895845413208,0.6751182079315186,0.3020498514175415,0.7126811504364013
snehilsanyal-main__RPReplay_Final1667001201_MP4-79_jpg.rf.0fcc7de22dfa5f7992a47c7ff06b0d16,yolo,helmet,0.891139566898346,0.2125948667526245,0.716661787033081,0.2542431354522705,0.760316801071167
snehilsanyal-main__RPReplay_Final1667001201_MP4-79_jpg.rf.0fcc7de22dfa5f7992a47c7ff06b0d16,yolo,helmet,0.8899165391921997,0.09696875214576721,0.6409017086029053,0.13210562467575074,0.6785476684570313
snehilsanyal-main__RPReplay_Final1667001201_MP4-79_jpg.rf.0fcc7de22dfa5f7992a47c7ff06b0d16,yolo,helmet,0.886550784111023,0.13719972372055053,0.7134281635284424,0.18316006660461426,0.7574260711669922
snehilsanyal-main__RPReplay_Final1667001201_MP4-79_jpg.rf.0fcc7de22dfa5f7992a47c7ff06b0d16,yolo,helmet,0.8859615921974182,0.07199207544326783,0.6998499870300293,0.11482232809066772,0.7393548488616943
snehilsanyal-main__RPReplay_Final1667001201_MP4-79_jpg.rf.0fcc7de22dfa5f7992a47c7ff06b0d16,yolo,vest,0.8857457041740417,0.23997957706451417,0.7832212924957276,0.35057644844055175,0.9466935157775879
snehilsanyal-main__RPReplay_Final1667001201_MP4-79_jpg.rf.0fcc7de22dfa5f7992a47c7ff06b0d16,yolo,helmet,0.8852401375770569,0.004060722887516022,0.6535573482513428,0.04164478480815888,0.689840841293335
snehilsanyal-main__RPReplay_Final1667001201_MP4-79_jpg.rf.0fcc7de22dfa5f7992a47c7ff06b0d16,yolo,helmet,0.884385883808136,0.03697447776794434,0.6819188117980957,0.07637196779251099,0.7221719741821289
snehilsanyal-main__RPReplay_Final1667001201_MP4-79_jpg.rf.0fcc7de22dfa5f7992a47c7ff06b0d16,yolo,helmet,0.8807194828987122,0.1868687629699707,0.6976907253265381,0.2244591236114502,0.7373732566833496
snehilsanyal-main__RPReplay_Final1667001201_MP4-79_jpg.rf.0fcc7de22dfa5f7992a47c7ff06b0d16,yolo,person,0.8781273365020752,0.18190982341766357,0.724375057220459,0.36322128772735596,0.9998032569885253
snehilsanyal-main__RPReplay_Final1667001201_MP4-79_jpg.rf.0fcc7de22dfa5f7992a47c7ff06b0d16,yolo,helmet,0.8709242343902588,0.16485421657562255,0.6658818244934082,0.19786531925201417,0.702648115158081
snehilsanyal-main__RPReplay_Final1667001201_MP4-79_jpg.rf.0fcc7de22dfa5f7992a47c7ff06b0d16,yolo,vest,0.8583884239196777,0.1643193244934082,0.7472496032714844,0.21033098697662353,0.8159393310546875
snehilsanyal-main__RPReplay_Final1667001201_MP4-79_jpg.rf.0fcc7de22dfa5f7992a47c7ff06b0d16,yolo,no-vest,0.8423172235488892,0.42246360778808595,0.8484539031982422,0.8357415199279785,1.0
snehilsanyal-main__RPReplay_Final1667001201_MP4-79_jpg.rf.0fcc7de22dfa5f7992a47c7ff06b0d16,yolo,vest,0.8183915019035339,0.0580640971660614,0.7044242858886719,0.14254093170166016,0.793326473236084
snehilsanyal-main__RPReplay_Final1667001201_MP4-79_jpg.rf.0fcc7de22dfa5f7992a47c7ff06b0d16,yolo,vest,0.7756834030151367,0.23459062576293946,0.7380735874176025,0.30318896770477294,0.8234847068786622
snehilsanyal-main__RPReplay_Final1667001201_MP4-79_jpg.rf.0fcc7de22dfa5f7992a47c7ff06b0d16,yolo,vest,0.7612888216972351,0.015182152390480042,0.7597398281097412,0.11953672170639038,0.9379950523376465
snehilsanyal-main__RPReplay_Final1667001201_MP4-79_jpg.rf.0fcc7de22dfa5f7992a47c7ff06b0d16,yolo,vest,0.7562727928161621,0.0,0.7577990531921387,0.057704043388366696,0.9000673294067383
snehilsanyal-main__RPReplay_Final1667001201_MP4-79_jpg.rf.0fcc7de22dfa5f7992a47c7ff06b0d16,yolo,helmet,0.7499591708183289,0.0,0.686178731918335,0.022205384075641633,0.732797908782959
snehilsanyal-main__RPReplay_Final1667001201_MP4-79_jpg.rf.0fcc7de22dfa5f7992a47c7ff06b0d16,yolo,person,0.6811909675598145,0.0,0.679228401184082,0.05890899896621704,1.0
snehilsanyal-main__RPReplay_Final1667001201_MP4-79_jpg.rf.0fcc7de22dfa5f7992a47c7ff06b0d16,yolo,person,0.6681749224662781,0.18629504442214967,0.6761046886444092,0.3197352647781372,1.0
snehilsanyal-main__RPReplay_Final1667001201_MP4-79_jpg.rf.0fcc7de22dfa5f7992a47c7ff06b0d16,yolo,vest,0.6150676608085632,0.3847599983215332,0.8040993690490723,0.4173714637756348,0.8941643714904786
snehilsanyal-main__RPReplay_Final1667001201_MP4-79_jpg.rf.0fcc7de22dfa5f7992a47c7ff06b0d16,yolo,vest,0.6100166440010071,0.12199070453643798,0.7152698040008545,0.1906883716583252,0.7909643173217773
snehilsanyal-main__RPReplay_Final1667001201_MP4-79_jpg.rf.0fcc7de22dfa5f7992a47c7ff06b0d16,yolo,vest,0.607629656791687,0.0,0.7614041328430176,0.03547193109989166,0.9026132583618164
snehilsanyal-main__RPReplay_Final1667001201_MP4-79_jpg.rf.0fcc7de22dfa5f7992a47c7ff06b0d16,yolo,person,0.5798258781433105,0.028904664516448974,0.6423569679260254,0.1532291054725647,0.9903011322021484
snehilsanyal-main__RPReplay_Final1667001201_MP4-79_jpg.rf.0fcc7de22dfa5f7992a47c7ff06b0d16,yolo,no-vest,0.5456700921058655,0.0,0.17743403911590577,0.37576277256011964,0.4376188278198242
snehilsanyal-main__RPReplay_Final1667001201_MP4-79_jpg.rf.0fcc7de22dfa5f7992a47c7ff06b0d16,yolo,person,0.5076004266738892,0.18989933729171754,0.7281369209289551,0.36064648628234863,0.9996442794799805
snehilsanyal-main__RPReplay_Final1667001201_MP4-79_jpg.rf.0fcc7de22dfa5f7992a47c7ff06b0d16,yolo,vest,0.4861581325531006,0.0239123672246933,0.7652833938598633,0.11436582803726196,0.9264266967773438
snehilsanyal-main__RPReplay_Final1667001201_MP4-79_jpg.rf.0fcc7de22dfa5f7992a47c7ff06b0d16,yolo,vest,0.4661821722984314,0.08535711765289307,0.7808362007141113,0.18103272914886476,0.9273280143737793
snehilsanyal-main__RPReplay_Final1667001201_MP4-79_jpg.rf.0fcc7de22dfa5f7992a47c7ff06b0d16,yolo,person,0.42563754320144653,0.0005554243922233582,0.6481485366821289,0.0536497712135315,0.9861230850219727
snehilsanyal-main__RPReplay_Final1667001201_MP4-79_jpg.rf.0fcc7de22dfa5f7992a47c7ff06b0d16,yolo,person,0.38066330552101135,0.0,0.6741846561431885,0.04861032664775848,1.0
snehilsanyal-main__RPReplay_Final1667001201_MP4-79_jpg.rf.0fcc7de22dfa5f7992a47c7ff06b0d16,yolo,person,0.3385777473449707,0.10378062725067139,0.6586312294006348,0.21168880462646483,0.9959174156188965
snehilsanyal-main__RPReplay_Final1667001201_MP4-79_jpg.rf.0fcc7de22dfa5f7992a47c7ff06b0d16,yolo,vest,0.3332371711730957,0.0025793299078941344,0.7262168407440186,0.0373190701007843,0.7648147106170654
snehilsanyal-main__RPReplay_Final1667001201_MP4-79_jpg.rf.0fcc7de22dfa5f7992a47c7ff06b0d16,yolo,no-vest,0.32865384221076965,0.0,0.1604640007019043,0.4051971435546875,0.4386605739593506
snehilsanyal-main__RPReplay_Final1667001201_MP4-79_jpg.rf.0fcc7de22dfa5f7992a47c7ff06b0d16,yolo,vest,0.31478118896484375,0.08075868487358093,0.7773218631744385,0.18254599571228028,0.9282039642333985
snehilsanyal-main__RPReplay_Final1667001201_MP4-79_jpg.rf.0fcc7de22dfa5f7992a47c7ff06b0d16,yolo,person,0.3019621968269348,0.35533967018127444,0.7587948322296143,0.41895751953125,0.9956587791442871
snehilsanyal-main__RPReplay_Final1667001201_MP4-79_jpg.rf.0fcc7de22dfa5f7992a47c7ff06b0d16,yolo,person,0.2858005166053772,0.00016372203826904298,0.690893030166626,0.0989556610584259,0.9997859954833984
snehilsanyal-main__RPReplay_Final1667001201_MP4-79_jpg.rf.0fcc7de22dfa5f7992a47c7ff06b0d16,yolo,vest,0.26197701692581177,0.0,0.7564037799835205,0.05394914746284485,0.9018568992614746
snehilsanyal-main__RPReplay_Final1667001201_MP4-79_jpg.rf.0fcc7de22dfa5f7992a47c7ff06b0d16,yolo,person,0.25225192308425903,0.19425549507141113,0.7214090824127197,0.34140815734863283,1.0
snehilsanyal-main__RPReplay_Final1667001201_MP4-79_jpg.rf.0fcc7de22dfa5f7992a47c7ff06b0d16,ollama,person,,,,,
snehilsanyal-main__RPReplay_Final1667001201_MP4-79_jpg.rf.0fcc7de22dfa5f7992a47c7ff06b0d16,ollama,no-helmet,,,,,
snehilsanyal-main__RPReplay_Final1667001201_MP4-79_jpg.rf.0fcc7de22dfa5f7992a47c7ff06b0d16,ollama,no-gloves,,,,,
snehilsanyal-main__RPReplay_Final1667001201_MP4-79_jpg.rf.0fcc7de22dfa5f7992a47c7ff06b0d16,ollama,no-boots,,,,,
snehilsanyal-main__RPReplay_Final1667001201_MP4-79_jpg.rf.0fcc7de22dfa5f7992a47c7ff06b0d16,qwen3-vl,person,,,,,
snehilsanyal-main__RPReplay_Final1667001201_MP4-79_jpg.rf.0fcc7de22dfa5f7992a47c7ff06b0d16,qwen3-vl,helmet,,,,,
snehilsanyal-main__RPReplay_Final1667001201_MP4-79_jpg.rf.0fcc7de22dfa5f7992a47c7ff06b0d16,qwen3-vl,vest,,,,,
snehilsanyal-main__RPReplay_Final1667001201_MP4-79_jpg.rf.0fcc7de22dfa5f7992a47c7ff06b0d16,gemma4,person,,,,,
snehilsanyal-main__RPReplay_Final1667001201_MP4-79_jpg.rf.0fcc7de22dfa5f7992a47c7ff06b0d16,gemma4,helmet,,,,,
snehilsanyal-main__RPReplay_Final1667001201_MP4-79_jpg.rf.0fcc7de22dfa5f7992a47c7ff06b0d16,gemma4,gloves,,,,,
snehilsanyal-main__RPReplay_Final1667001201_MP4-79_jpg.rf.0fcc7de22dfa5f7992a47c7ff06b0d16,gemma4,boots,,,,,
snehilsanyal-main__RPReplay_Final1667001201_MP4-79_jpg.rf.0fcc7de22dfa5f7992a47c7ff06b0d16,gemma4,vest,,,,,
snehilsanyal-main__RPReplay_Final1667001201_MP4-79_jpg.rf.0fcc7de22dfa5f7992a47c7ff06b0d16,minicpm-v,person,,,,,
snehilsanyal-main__RPReplay_Final1667001201_MP4-79_jpg.rf.0fcc7de22dfa5f7992a47c7ff06b0d16,minicpm-v,helmet,,,,,
snehilsanyal-main__RPReplay_Final1667001201_MP4-79_jpg.rf.0fcc7de22dfa5f7992a47c7ff06b0d16,minicpm-v,gloves,,,,,
snehilsanyal-main__RPReplay_Final1667001201_MP4-79_jpg.rf.0fcc7de22dfa5f7992a47c7ff06b0d16,minicpm-v,boots,,,,,
snehilsanyal-main__RPReplay_Final1667001201_MP4-79_jpg.rf.0fcc7de22dfa5f7992a47c7ff06b0d16,minicpm-v,vest,,,,,
snehilsanyal-main__airport_inside_0363_jpg.rf.0c8e1d8f49a8f7f8fa0fd1be8019db94,yolo,no-vest,0.9176231622695923,0.16464836597442628,0.20073819160461426,0.22591028213500977,0.2527869701385498
snehilsanyal-main__airport_inside_0363_jpg.rf.0c8e1d8f49a8f7f8fa0fd1be8019db94,yolo,no-helmet,0.8569245934486389,0.1711314082145691,0.1657612919807434,0.20319385528564454,0.1859794020652771
snehilsanyal-main__airport_inside_0363_jpg.rf.0c8e1d8f49a8f7f8fa0fd1be8019db94,yolo,person,0.7935786247253418,0.11376423835754394,0.4526513576507568,0.1421161413192749,0.49175362586975097
snehilsanyal-main__airport_inside_0363_jpg.rf.0c8e1d8f49a8f7f8fa0fd1be8019db94,yolo,person,0.4649187922477722,0.14681661128997803,0.15729459524154663,0.28319246768951417,0.3870097637176514
snehilsanyal-main__airport_inside_0363_jpg.rf.0c8e1d8f49a8f7f8fa0fd1be8019db94,ollama,person,,,,,
snehilsanyal-main__airport_inside_0363_jpg.rf.0c8e1d8f49a8f7f8fa0fd1be8019db94,ollama,helmet,,,,,
snehilsanyal-main__airport_inside_0363_jpg.rf.0c8e1d8f49a8f7f8fa0fd1be8019db94,ollama,gloves,,,,,
snehilsanyal-main__airport_inside_0363_jpg.rf.0c8e1d8f49a8f7f8fa0fd1be8019db94,ollama,boots,,,,,
snehilsanyal-main__airport_inside_0363_jpg.rf.0c8e1d8f49a8f7f8fa0fd1be8019db94,ollama,vest,,,,,
snehilsanyal-main__airport_inside_0363_jpg.rf.0c8e1d8f49a8f7f8fa0fd1be8019db94,qwen3-vl,person,,,,,
snehilsanyal-main__airport_inside_0363_jpg.rf.0c8e1d8f49a8f7f8fa0fd1be8019db94,qwen3-vl,helmet,,,,,
snehilsanyal-main__airport_inside_0363_jpg.rf.0c8e1d8f49a8f7f8fa0fd1be8019db94,qwen3-vl,gloves,,,,,
snehilsanyal-main__airport_inside_0363_jpg.rf.0c8e1d8f49a8f7f8fa0fd1be8019db94,gemma4,person,,,,,
snehilsanyal-main__airport_inside_0363_jpg.rf.0c8e1d8f49a8f7f8fa0fd1be8019db94,gemma4,no-helmet,,,,,
snehilsanyal-main__airport_inside_0363_jpg.rf.0c8e1d8f49a8f7f8fa0fd1be8019db94,gemma4,no-gloves,,,,,
snehilsanyal-main__airport_inside_0363_jpg.rf.0c8e1d8f49a8f7f8fa0fd1be8019db94,gemma4,no-boots,,,,,
snehilsanyal-main__airport_inside_0363_jpg.rf.0c8e1d8f49a8f7f8fa0fd1be8019db94,gemma4,no-vest,,,,,
snehilsanyal-main__airport_inside_0363_jpg.rf.0c8e1d8f49a8f7f8fa0fd1be8019db94,minicpm-v,person,,,,,
snehilsanyal-main__airport_inside_0363_jpg.rf.0c8e1d8f49a8f7f8fa0fd1be8019db94,minicpm-v,gloves,,,,,
snehilsanyal-main__airport_inside_0363_jpg.rf.0c8e1d8f49a8f7f8fa0fd1be8019db94,minicpm-v,boots,,,,,
snehilsanyal-main__autox3_mp4-49_jpg.rf.d7456fd447bd86e27aaa1d689c73f605,yolo,person,0.7260794639587402,0.0,0.5447542667388916,0.01285671889781952,0.604406213760376
snehilsanyal-main__autox3_mp4-49_jpg.rf.d7456fd447bd86e27aaa1d689c73f605,yolo,person,0.42965805530548096,0.5173988342285156,0.5962798595428467,0.5289105415344239,0.630357027053833
snehilsanyal-main__autox3_mp4-49_jpg.rf.d7456fd447bd86e27aaa1d689c73f605,ollama,person,,,,,
snehilsanyal-main__autox3_mp4-49_jpg.rf.d7456fd447bd86e27aaa1d689c73f605,ollama,gloves,,,,,
snehilsanyal-main__autox3_mp4-49_jpg.rf.d7456fd447bd86e27aaa1d689c73f605,ollama,boots,,,,,
snehilsanyal-main__autox3_mp4-49_jpg.rf.d7456fd447bd86e27aaa1d689c73f605,ollama,vest,,,,,
snehilsanyal-main__autox3_mp4-49_jpg.rf.d7456fd447bd86e27aaa1d689c73f605,ollama,no-helmet,,,,,
snehilsanyal-main__autox3_mp4-49_jpg.rf.d7456fd447bd86e27aaa1d689c73f605,gemma4,person,,,,,
snehilsanyal-main__autox3_mp4-49_jpg.rf.d7456fd447bd86e27aaa1d689c73f605,gemma4,helmet,,,,,
snehilsanyal-main__autox3_mp4-49_jpg.rf.d7456fd447bd86e27aaa1d689c73f605,gemma4,gloves,,,,,
snehilsanyal-main__autox3_mp4-49_jpg.rf.d7456fd447bd86e27aaa1d689c73f605,gemma4,boots,,,,,
snehilsanyal-main__autox3_mp4-49_jpg.rf.d7456fd447bd86e27aaa1d689c73f605,gemma4,vest,,,,,
snehilsanyal-main__autox3_mp4-49_jpg.rf.d7456fd447bd86e27aaa1d689c73f605,minicpm-v,person,,,,,
snehilsanyal-main__autox3_mp4-49_jpg.rf.d7456fd447bd86e27aaa1d689c73f605,minicpm-v,boots,,,,,
snehilsanyal-main__autox3_mp4-49_jpg.rf.d7456fd447bd86e27aaa1d689c73f605,minicpm-v,vest,,,,,
snehilsanyal-main__autox3_mp4-49_jpg.rf.d7456fd447bd86e27aaa1d689c73f605,minicpm-v,no-gloves,,,,,
snehilsanyal-main__autox6_mp4-157_jpg.rf.5083cfa42053e2766397344e36be6ca8,yolo,person,0.9447794556617737,0.6248089790344238,0.49395337104797366,0.939546775817871,1.0
snehilsanyal-main__autox6_mp4-157_jpg.rf.5083cfa42053e2766397344e36be6ca8,yolo,vest,0.9354470372200012,0.5838943481445312,0.0,0.8218568801879883,0.24294514656066896
snehilsanyal-main__autox6_mp4-157_jpg.rf.5083cfa42053e2766397344e36be6ca8,yolo,person,0.9348740577697754,0.5549495697021485,0.00012331008911132814,0.8808061599731445,0.2888326168060303
snehilsanyal-main__autox6_mp4-157_jpg.rf.5083cfa42053e2766397344e36be6ca8,yolo,no-vest,0.9259697198867798,0.7409102439880371,0.5983903408050537,0.8837516784667969,0.7646656513214112
snehilsanyal-main__autox6_mp4-157_jpg.rf.5083cfa42053e2766397344e36be6ca8,yolo,helmet,0.8951958417892456,0.7634222984313965,0.5167896747589111,0.8464581489562988,0.5826736927032471
snehilsanyal-main__autox6_mp4-157_jpg.rf.5083cfa42053e2766397344e36be6ca8,ollama,person,,,,,
snehilsanyal-main__autox6_mp4-157_jpg.rf.5083cfa42053e2766397344e36be6ca8,ollama,helmet,,,,,
snehilsanyal-main__autox6_mp4-157_jpg.rf.5083cfa42053e2766397344e36be6ca8,ollama,gloves,,,,,
snehilsanyal-main__autox6_mp4-157_jpg.rf.5083cfa42053e2766397344e36be6ca8,ollama,boots,,,,,
snehilsanyal-main__autox6_mp4-157_jpg.rf.5083cfa42053e2766397344e36be6ca8,ollama,vest,,,,,
snehilsanyal-main__autox6_mp4-157_jpg.rf.5083cfa42053e2766397344e36be6ca8,ollama,no-helmet,,,,,
snehilsanyal-main__autox6_mp4-157_jpg.rf.5083cfa42053e2766397344e36be6ca8,ollama,no-gloves,,,,,
snehilsanyal-main__autox6_mp4-157_jpg.rf.5083cfa42053e2766397344e36be6ca8,ollama,no-boots,,,,,
snehilsanyal-main__autox6_mp4-157_jpg.rf.5083cfa42053e2766397344e36be6ca8,ollama,no-vest,,,,,
snehilsanyal-main__autox6_mp4-157_jpg.rf.5083cfa42053e2766397344e36be6ca8,qwen3-vl,person,,,,,
snehilsanyal-main__autox6_mp4-157_jpg.rf.5083cfa42053e2766397344e36be6ca8,qwen3-vl,helmet,,,,,
snehilsanyal-main__autox6_mp4-157_jpg.rf.5083cfa42053e2766397344e36be6ca8,qwen3-vl,gloves,,,,,
snehilsanyal-main__autox6_mp4-157_jpg.rf.5083cfa42053e2766397344e36be6ca8,qwen3-vl,boots,,,,,
snehilsanyal-main__autox6_mp4-157_jpg.rf.5083cfa42053e2766397344e36be6ca8,qwen3-vl,vest,,,,,
snehilsanyal-main__autox6_mp4-157_jpg.rf.5083cfa42053e2766397344e36be6ca8,gemma4,person,,,,,
snehilsanyal-main__autox6_mp4-157_jpg.rf.5083cfa42053e2766397344e36be6ca8,gemma4,helmet,,,,,
snehilsanyal-main__autox6_mp4-157_jpg.rf.5083cfa42053e2766397344e36be6ca8,gemma4,gloves,,,,,
snehilsanyal-main__autox6_mp4-157_jpg.rf.5083cfa42053e2766397344e36be6ca8,gemma4,boots,,,,,
snehilsanyal-main__autox6_mp4-157_jpg.rf.5083cfa42053e2766397344e36be6ca8,gemma4,vest,,,,,
snehilsanyal-main__autox6_mp4-157_jpg.rf.5083cfa42053e2766397344e36be6ca8,minicpm-v,person,,,,,
snehilsanyal-main__autox6_mp4-157_jpg.rf.5083cfa42053e2766397344e36be6ca8,minicpm-v,helmet,,,,,
snehilsanyal-main__autox6_mp4-157_jpg.rf.5083cfa42053e2766397344e36be6ca8,minicpm-v,gloves,,,,,
snehilsanyal-main__autox6_mp4-157_jpg.rf.5083cfa42053e2766397344e36be6ca8,minicpm-v,boots,,,,,
snehilsanyal-main__autox6_mp4-157_jpg.rf.5083cfa42053e2766397344e36be6ca8,minicpm-v,vest,,,,,
snehilsanyal-main__autox6_mp4-80_jpg.rf.44eee52828ea57aaaac102dfbcc55e45,yolo,person,0.9728826880455017,0.3793907403945923,0.12587110996246337,0.999509620666504,0.4888614654541016
snehilsanyal-main__autox6_mp4-80_jpg.rf.44eee52828ea57aaaac102dfbcc55e45,yolo,no-helmet,0.8903741836547852,0.520151424407959,0.13122541904449464,1.0,0.31143486499786377
snehilsanyal-main__autox6_mp4-80_jpg.rf.44eee52828ea57aaaac102dfbcc55e45,yolo,person,0.8476113080978394,0.5423973083496094,0.48907179832458497,0.6231502056121826,0.603048038482666
snehilsanyal-main__autox6_mp4-80_jpg.rf.44eee52828ea57aaaac102dfbcc55e45,yolo,person,0.8388182520866394,0.10471346378326415,0.9122786521911621,0.12938205003738404,0.9574186325073242
snehilsanyal-main__autox6_mp4-80_jpg.rf.44eee52828ea57aaaac102dfbcc55e45,ollama,person,,,,,
snehilsanyal-main__autox6_mp4-80_jpg.rf.44eee52828ea57aaaac102dfbcc55e45,ollama,helmet,,,,,
snehilsanyal-main__autox6_mp4-80_jpg.rf.44eee52828ea57aaaac102dfbcc55e45,ollama,gloves,,,,,
snehilsanyal-main__autox6_mp4-80_jpg.rf.44eee52828ea57aaaac102dfbcc55e45,ollama,boots,,,,,
snehilsanyal-main__autox6_mp4-80_jpg.rf.44eee52828ea57aaaac102dfbcc55e45,ollama,vest,,,,,
snehilsanyal-main__autox6_mp4-80_jpg.rf.44eee52828ea57aaaac102dfbcc55e45,ollama,no-helmet,,,,,
snehilsanyal-main__autox6_mp4-80_jpg.rf.44eee52828ea57aaaac102dfbcc55e45,ollama,no-gloves,,,,,
snehilsanyal-main__autox6_mp4-80_jpg.rf.44eee52828ea57aaaac102dfbcc55e45,ollama,no-boots,,,,,
snehilsanyal-main__autox6_mp4-80_jpg.rf.44eee52828ea57aaaac102dfbcc55e45,ollama,no-vest,,,,,
snehilsanyal-main__autox6_mp4-80_jpg.rf.44eee52828ea57aaaac102dfbcc55e45,qwen3-vl,person,,,,,
snehilsanyal-main__autox6_mp4-80_jpg.rf.44eee52828ea57aaaac102dfbcc55e45,qwen3-vl,no-helmet,,,,,
snehilsanyal-main__autox6_mp4-80_jpg.rf.44eee52828ea57aaaac102dfbcc55e45,qwen3-vl,no-gloves,,,,,
snehilsanyal-main__autox6_mp4-80_jpg.rf.44eee52828ea57aaaac102dfbcc55e45,qwen3-vl,no-boots,,,,,
snehilsanyal-main__autox6_mp4-80_jpg.rf.44eee52828ea57aaaac102dfbcc55e45,qwen3-vl,no-vest,,,,,
snehilsanyal-main__autox6_mp4-80_jpg.rf.44eee52828ea57aaaac102dfbcc55e45,gemma4,person,,,,,
snehilsanyal-main__autox6_mp4-80_jpg.rf.44eee52828ea57aaaac102dfbcc55e45,gemma4,helmet,,,,,
snehilsanyal-main__autox6_mp4-80_jpg.rf.44eee52828ea57aaaac102dfbcc55e45,gemma4,gloves,,,,,
snehilsanyal-main__autox6_mp4-80_jpg.rf.44eee52828ea57aaaac102dfbcc55e45,gemma4,boots,,,,,
snehilsanyal-main__autox6_mp4-80_jpg.rf.44eee52828ea57aaaac102dfbcc55e45,gemma4,vest,,,,,
snehilsanyal-main__autox6_mp4-80_jpg.rf.44eee52828ea57aaaac102dfbcc55e45,minicpm-v,person,,,,,
snehilsanyal-main__autox6_mp4-80_jpg.rf.44eee52828ea57aaaac102dfbcc55e45,minicpm-v,gloves,,,,,
snehilsanyal-main__autox6_mp4-80_jpg.rf.44eee52828ea57aaaac102dfbcc55e45,minicpm-v,boots,,,,,
snehilsanyal-main__autox6_mp4-80_jpg.rf.44eee52828ea57aaaac102dfbcc55e45,minicpm-v,vest,,,,,
snehilsanyal-main__class1_075_jpg.rf.a03d62c65431fdb47562593e28991d07,yolo,person,0.9566118717193604,0.5878880977630615,0.0,0.9998167991638184,0.4797046184539795
snehilsanyal-main__class1_075_jpg.rf.a03d62c65431fdb47562593e28991d07,yolo,no-vest,0.8890002369880676,0.8910958290100097,0.00536346435546875,1.0,0.23422398567199706
snehilsanyal-main__class1_075_jpg.rf.a03d62c65431fdb47562593e28991d07,yolo,person,0.8867253661155701,0.0,4.9710273742675785e-06,0.2020505428314209,0.25260465145111083
snehilsanyal-main__class1_075_jpg.rf.a03d62c65431fdb47562593e28991d07,yolo,vest,0.5997636318206787,0.007227295637130737,7.147938013076782e-05,0.1788985013961792,0.05539946556091309
snehilsanyal-main__class1_075_jpg.rf.a03d62c65431fdb47562593e28991d07,yolo,person,0.335002601146698,0.8552415847778321,0.5550907135009766,1.0,0.9992918014526367
snehilsanyal-main__class1_075_jpg.rf.a03d62c65431fdb47562593e28991d07,ollama,person,,,,,
snehilsanyal-main__class1_075_jpg.rf.a03d62c65431fdb47562593e28991d07,ollama,no-helmet,,,,,
snehilsanyal-main__class1_075_jpg.rf.a03d62c65431fdb47562593e28991d07,ollama,no-gloves,,,,,
snehilsanyal-main__class1_075_jpg.rf.a03d62c65431fdb47562593e28991d07,ollama,no-boots,,,,,
snehilsanyal-main__class1_075_jpg.rf.a03d62c65431fdb47562593e28991d07,ollama,no-vest,,,,,
snehilsanyal-main__class1_075_jpg.rf.a03d62c65431fdb47562593e28991d07,qwen3-vl,person,,,,,
snehilsanyal-main__class1_075_jpg.rf.a03d62c65431fdb47562593e28991d07,qwen3-vl,boots,,,,,
snehilsanyal-main__class1_075_jpg.rf.a03d62c65431fdb47562593e28991d07,qwen3-vl,no-helmet,,,,,
snehilsanyal-main__class1_075_jpg.rf.a03d62c65431fdb47562593e28991d07,qwen3-vl,no-gloves,,,,,
snehilsanyal-main__class1_075_jpg.rf.a03d62c65431fdb47562593e28991d07,gemma4,person,,,,,
snehilsanyal-main__class1_075_jpg.rf.a03d62c65431fdb47562593e28991d07,gemma4,boots,,,,,
snehilsanyal-main__class1_075_jpg.rf.a03d62c65431fdb47562593e28991d07,gemma4,no-helmet,,,,,
snehilsanyal-main__class1_075_jpg.rf.a03d62c65431fdb47562593e28991d07,gemma4,no-gloves,,,,,
snehilsanyal-main__class1_075_jpg.rf.a03d62c65431fdb47562593e28991d07,gemma4,no-vest,,,,,
snehilsanyal-main__class1_075_jpg.rf.a03d62c65431fdb47562593e28991d07,minicpm-v,person,,,,,
snehilsanyal-main__class1_075_jpg.rf.a03d62c65431fdb47562593e28991d07,minicpm-v,boots,,,,,
snehilsanyal-main__class1_075_jpg.rf.a03d62c65431fdb47562593e28991d07,minicpm-v,no-gloves,,,,,
snehilsanyal-main__construction-1050-_jpg.rf.02208e58055900f0e9f2e8ded960c690,yolo,person,0.8796964883804321,0.3373832941055298,0.0007336616516113281,0.49292669296264646,0.4995405197143555
snehilsanyal-main__construction-1050-_jpg.rf.02208e58055900f0e9f2e8ded960c690,yolo,person,0.6462412476539612,0.3409819841384888,0.49968562126159666,0.9984651565551758,0.9125611305236816
snehilsanyal-main__construction-1050-_jpg.rf.02208e58055900f0e9f2e8ded960c690,yolo,vest,0.49480289220809937,0.33882429599761965,0.0,0.3842571973800659,0.16121515035629272
snehilsanyal-main__construction-1050-_jpg.rf.02208e58055900f0e9f2e8ded960c690,yolo,person,0.35993480682373047,0.34244256019592284,0.49943065643310547,0.9996912002563476,0.9121081352233886
snehilsanyal-main__construction-1050-_jpg.rf.02208e58055900f0e9f2e8ded960c690,ollama,person,,,,,
snehilsanyal-main__construction-1050-_jpg.rf.02208e58055900f0e9f2e8ded960c690,ollama,gloves,,,,,
snehilsanyal-main__construction-1050-_jpg.rf.02208e58055900f0e9f2e8ded960c690,ollama,boots,,,,,
snehilsanyal-main__construction-1050-_jpg.rf.02208e58055900f0e9f2e8ded960c690,ollama,no-helmet,,,,,
snehilsanyal-main__construction-1050-_jpg.rf.02208e58055900f0e9f2e8ded960c690,ollama,no-gloves,,,,,
snehilsanyal-main__construction-1050-_jpg.rf.02208e58055900f0e9f2e8ded960c690,qwen3-vl,person,,,,,
snehilsanyal-main__construction-1050-_jpg.rf.02208e58055900f0e9f2e8ded960c690,qwen3-vl,gloves,,,,,
snehilsanyal-main__construction-1050-_jpg.rf.02208e58055900f0e9f2e8ded960c690,qwen3-vl,vest,,,,,
snehilsanyal-main__construction-1050-_jpg.rf.02208e58055900f0e9f2e8ded960c690,gemma4,person,,,,,
snehilsanyal-main__construction-1050-_jpg.rf.02208e58055900f0e9f2e8ded960c690,minicpm-v,person,,,,,
snehilsanyal-main__construction-1050-_jpg.rf.02208e58055900f0e9f2e8ded960c690,minicpm-v,helmet,,,,,
snehilsanyal-main__construction-1050-_jpg.rf.02208e58055900f0e9f2e8ded960c690,minicpm-v,gloves,,,,,
snehilsanyal-main__construction-1050-_jpg.rf.02208e58055900f0e9f2e8ded960c690,minicpm-v,boots,,,,,
snehilsanyal-main__construction-1050-_jpg.rf.02208e58055900f0e9f2e8ded960c690,minicpm-v,vest,,,,,
snehilsanyal-main__construction-253-_jpg.rf.c67e3fcf3be1e96d7fec63a327b585f7,yolo,person,0.9874956607818604,0.539374303817749,0.49933576583862305,1.0,1.0
snehilsanyal-main__construction-253-_jpg.rf.c67e3fcf3be1e96d7fec63a327b585f7,yolo,no-vest,0.9434453248977661,0.5384466171264648,0.7724499702453613,1.0,0.9996378898620606
snehilsanyal-main__construction-253-_jpg.rf.c67e3fcf3be1e96d7fec63a327b585f7,yolo,person,0.7999352812767029,0.617173147201538,0.2397542953491211,0.641613245010376,0.274432110786438
snehilsanyal-main__construction-253-_jpg.rf.c67e3fcf3be1e96d7fec63a327b585f7,ollama,person,,,,,
snehilsanyal-main__construction-253-_jpg.rf.c67e3fcf3be1e96d7fec63a327b585f7,ollama,helmet,,,,,
snehilsanyal-main__construction-253-_jpg.rf.c67e3fcf3be1e96d7fec63a327b585f7,ollama,no-helmet,,,,,
snehilsanyal-main__construction-253-_jpg.rf.c67e3fcf3be1e96d7fec63a327b585f7,ollama,no-gloves,,,,,
snehilsanyal-main__construction-253-_jpg.rf.c67e3fcf3be1e96d7fec63a327b585f7,ollama,no-boots,,,,,
snehilsanyal-main__construction-253-_jpg.rf.c67e3fcf3be1e96d7fec63a327b585f7,ollama,no-vest,,,,,
snehilsanyal-main__construction-253-_jpg.rf.c67e3fcf3be1e96d7fec63a327b585f7,qwen3-vl,person,,,,,
snehilsanyal-main__construction-253-_jpg.rf.c67e3fcf3be1e96d7fec63a327b585f7,qwen3-vl,no-helmet,,,,,
snehilsanyal-main__construction-253-_jpg.rf.c67e3fcf3be1e96d7fec63a327b585f7,qwen3-vl,no-gloves,,,,,
snehilsanyal-main__construction-253-_jpg.rf.c67e3fcf3be1e96d7fec63a327b585f7,qwen3-vl,no-boots,,,,,
snehilsanyal-main__construction-253-_jpg.rf.c67e3fcf3be1e96d7fec63a327b585f7,qwen3-vl,no-vest,,,,,
snehilsanyal-main__construction-253-_jpg.rf.c67e3fcf3be1e96d7fec63a327b585f7,gemma4,person,,,,,
snehilsanyal-main__construction-253-_jpg.rf.c67e3fcf3be1e96d7fec63a327b585f7,gemma4,no-helmet,,,,,
snehilsanyal-main__construction-253-_jpg.rf.c67e3fcf3be1e96d7fec63a327b585f7,gemma4,no-gloves,,,,,
snehilsanyal-main__construction-253-_jpg.rf.c67e3fcf3be1e96d7fec63a327b585f7,gemma4,no-boots,,,,,
snehilsanyal-main__construction-253-_jpg.rf.c67e3fcf3be1e96d7fec63a327b585f7,gemma4,no-vest,,,,,
snehilsanyal-main__construction-253-_jpg.rf.c67e3fcf3be1e96d7fec63a327b585f7,minicpm-v,person,,,,,
snehilsanyal-main__construction-253-_jpg.rf.c67e3fcf3be1e96d7fec63a327b585f7,minicpm-v,no-helmet,,,,,
snehilsanyal-main__construction-253-_jpg.rf.c67e3fcf3be1e96d7fec63a327b585f7,minicpm-v,no-gloves,,,,,
snehilsanyal-main__construction-253-_jpg.rf.c67e3fcf3be1e96d7fec63a327b585f7,minicpm-v,no-boots,,,,,
snehilsanyal-main__construction-253-_jpg.rf.c67e3fcf3be1e96d7fec63a327b585f7,minicpm-v,no-vest,,,,,
snehilsanyal-main__construction-369-_jpg.rf.23dd790f943919d62800543641ea8474,yolo,person,0.9940025210380554,0.4281307220458984,0.0,0.9998675346374511,0.31943774223327637
snehilsanyal-main__construction-369-_jpg.rf.23dd790f943919d62800543641ea8474,yolo,person,0.9405835866928101,0.1489884376525879,0.3169991493225098,0.31510493755340574,0.97152099609375
snehilsanyal-main__construction-369-_jpg.rf.23dd790f943919d62800543641ea8474,yolo,person,0.9350637197494507,0.43030543327331544,0.3186795711517334,0.5499540328979492,0.9872674942016602
snehilsanyal-main__construction-369-_jpg.rf.23dd790f943919d62800543641ea8474,yolo,no-helmet,0.8783220648765564,0.4351677417755127,0.0,0.911136245727539,0.11358532905578614
snehilsanyal-main__construction-369-_jpg.rf.23dd790f943919d62800543641ea8474,yolo,vest,0.8511592745780945,0.16967512369155885,0.3697953224182129,0.2749145269393921,0.6445704936981201
snehilsanyal-main__construction-369-_jpg.rf.23dd790f943919d62800543641ea8474,yolo,helmet,0.5982401967048645,0.23995587825775147,0.31828770637512205,0.2830667018890381,0.340458345413208
snehilsanyal-main__construction-369-_jpg.rf.23dd790f943919d62800543641ea8474,yolo,no-vest,0.25615939497947693,0.4308594226837158,0.4712184429168701,0.49295434951782224,0.6386107921600341
snehilsanyal-main__construction-369-_jpg.rf.23dd790f943919d62800543641ea8474,ollama,person,,,,,
snehilsanyal-main__construction-369-_jpg.rf.23dd790f943919d62800543641ea8474,ollama,helmet,,,,,
snehilsanyal-main__construction-369-_jpg.rf.23dd790f943919d62800543641ea8474,ollama,gloves,,,,,
snehilsanyal-main__construction-369-_jpg.rf.23dd790f943919d62800543641ea8474,ollama,boots,,,,,
snehilsanyal-main__construction-369-_jpg.rf.23dd790f943919d62800543641ea8474,ollama,vest,,,,,
snehilsanyal-main__construction-369-_jpg.rf.23dd790f943919d62800543641ea8474,ollama,no-helmet,,,,,
snehilsanyal-main__construction-369-_jpg.rf.23dd790f943919d62800543641ea8474,ollama,no-gloves,,,,,
snehilsanyal-main__construction-369-_jpg.rf.23dd790f943919d62800543641ea8474,ollama,no-boots,,,,,
snehilsanyal-main__construction-369-_jpg.rf.23dd790f943919d62800543641ea8474,ollama,no-vest,,,,,
snehilsanyal-main__construction-369-_jpg.rf.23dd790f943919d62800543641ea8474,qwen3-vl,person,,,,,
snehilsanyal-main__construction-369-_jpg.rf.23dd790f943919d62800543641ea8474,qwen3-vl,helmet,,,,,
snehilsanyal-main__construction-369-_jpg.rf.23dd790f943919d62800543641ea8474,qwen3-vl,boots,,,,,
snehilsanyal-main__construction-369-_jpg.rf.23dd790f943919d62800543641ea8474,qwen3-vl,vest,,,,,
snehilsanyal-main__construction-369-_jpg.rf.23dd790f943919d62800543641ea8474,gemma4,person,,,,,
snehilsanyal-main__construction-369-_jpg.rf.23dd790f943919d62800543641ea8474,gemma4,boots,,,,,
snehilsanyal-main__construction-369-_jpg.rf.23dd790f943919d62800543641ea8474,gemma4,vest,,,,,
snehilsanyal-main__construction-369-_jpg.rf.23dd790f943919d62800543641ea8474,gemma4,no-helmet,,,,,
snehilsanyal-main__construction-369-_jpg.rf.23dd790f943919d62800543641ea8474,gemma4,no-gloves,,,,,
snehilsanyal-main__construction-369-_jpg.rf.23dd790f943919d62800543641ea8474,minicpm-v,person,,,,,
snehilsanyal-main__construction-369-_jpg.rf.23dd790f943919d62800543641ea8474,minicpm-v,gloves,,,,,
snehilsanyal-main__construction-369-_jpg.rf.23dd790f943919d62800543641ea8474,minicpm-v,boots,,,,,
snehilsanyal-main__construction-369-_jpg.rf.23dd790f943919d62800543641ea8474,minicpm-v,vest,,,,,
snehilsanyal-main__construction-708-_jpg.rf.8412869d37074b8796769c0d431af32e,yolo,person,0.9839200377464294,0.0,0.46709270477294923,0.3298689842224121,1.0
snehilsanyal-main__construction-708-_jpg.rf.8412869d37074b8796769c0d431af32e,yolo,vest,0.9263972043991089,0.5525085926055908,0.0,0.7080541133880616,0.20629324913024902
snehilsanyal-main__construction-708-_jpg.rf.8412869d37074b8796769c0d431af32e,yolo,person,0.893265426158905,0.8970992088317871,0.4350794792175293,0.932640552520752,0.571556568145752
snehilsanyal-main__construction-708-_jpg.rf.8412869d37074b8796769c0d431af32e,yolo,person,0.8893257975578308,0.8881284713745117,0.646695327758789,0.9269062995910644,0.7692714691162109
snehilsanyal-main__construction-708-_jpg.rf.8412869d37074b8796769c0d431af32e,yolo,person,0.8777060508728027,0.5348090171813965,0.0003777027130126953,0.7250945568084717,0.4164332389831543
snehilsanyal-main__construction-708-_jpg.rf.8412869d37074b8796769c0d431af32e,yolo,person,0.8689393997192383,0.769071388244629,0.8578479766845704,0.7968957424163818,0.9141701698303223
snehilsanyal-main__construction-708-_jpg.rf.8412869d37074b8796769c0d431af32e,yolo,helmet,0.7966878414154053,0.0019028782844543457,0.4752377986907959,0.30895271301269533,0.5679793357849121
snehilsanyal-main__construction-708-_jpg.rf.8412869d37074b8796769c0d431af32e,yolo,no-vest,0.7580962181091309,0.0,0.8614540100097656,0.3275583267211914,1.0
snehilsanyal-main__construction-708-_jpg.rf.8412869d37074b8796769c0d431af32e,yolo,vest,0.6492906808853149,0.9874147415161133,0.824498462677002,1.0,0.886191463470459
snehilsanyal-main__construction-708-_jpg.rf.8412869d37074b8796769c0d431af32e,yolo,helmet,0.5690150260925293,0.9117696762084961,0.4375603675842285,0.9219069480895996,0.4530930995941162
snehilsanyal-main__construction-708-_jpg.rf.8412869d37074b8796769c0d431af32e,yolo,helmet,0.5659409761428833,0.9015602111816406,0.650606632232666,0.9163202285766602,0.67380690574646
snehilsanyal-main__construction-708-_jpg.rf.8412869d37074b8796769c0d431af32e,yolo,vest,0.3707721531391144,0.9064831733703613,0.4611220836639404,0.9255434036254883,0.5025013446807861
snehilsanyal-main__construction-708-_jpg.rf.8412869d37074b8796769c0d431af32e,yolo,person,0.34097471833229065,0.547712755203247,0.8863127708435059,0.5671276569366455,0.9091343879699707
snehilsanyal-main__construction-708-_jpg.rf.8412869d37074b8796769c0d431af32e,yolo,person,0.33286306262016296,0.9832070350646973,0.8075252532958984,0.9998177528381348,0.9605195999145508
snehilsanyal-main__construction-708-_jpg.rf.8412869d37074b8796769c0d431af32e,yolo,person,0.272396057844162,0.5474570274353028,0.8878776550292968,0.5688190937042237,0.9124794960021972
snehilsanyal-main__construction-708-_jpg.rf.8412869d37074b8796769c0d431af32e,ollama,person,,,,,
snehilsanyal-main__construction-708-_jpg.rf.8412869d37074b8796769c0d431af32e,ollama,helmet,,,,,
snehilsanyal-main__construction-708-_jpg.rf.8412869d37074b8796769c0d431af32e,ollama,gloves,,,,,
snehilsanyal-main__construction-708-_jpg.rf.8412869d37074b8796769c0d431af32e,ollama,boots,,,,,
snehilsanyal-main__construction-708-_jpg.rf.8412869d37074b8796769c0d431af32e,ollama,vest,,,,,
snehilsanyal-main__construction-708-_jpg.rf.8412869d37074b8796769c0d431af32e,qwen3-vl,person,,,,,
snehilsanyal-main__construction-708-_jpg.rf.8412869d37074b8796769c0d431af32e,qwen3-vl,helmet,,,,,
snehilsanyal-main__construction-708-_jpg.rf.8412869d37074b8796769c0d431af32e,qwen3-vl,gloves,,,,,
snehilsanyal-main__construction-708-_jpg.rf.8412869d37074b8796769c0d431af32e,qwen3-vl,boots,,,,,
snehilsanyal-main__construction-708-_jpg.rf.8412869d37074b8796769c0d431af32e,qwen3-vl,vest,,,,,
snehilsanyal-main__construction-708-_jpg.rf.8412869d37074b8796769c0d431af32e,qwen3-vl,no-helmet,,,,,
snehilsanyal-main__construction-708-_jpg.rf.8412869d37074b8796769c0d431af32e,qwen3-vl,no-gloves,,,,,
snehilsanyal-main__construction-708-_jpg.rf.8412869d37074b8796769c0d431af32e,qwen3-vl,no-boots,,,,,
snehilsanyal-main__construction-708-_jpg.rf.8412869d37074b8796769c0d431af32e,qwen3-vl,no-vest,,,,,
snehilsanyal-main__construction-708-_jpg.rf.8412869d37074b8796769c0d431af32e,gemma4,person,,,,,
snehilsanyal-main__construction-708-_jpg.rf.8412869d37074b8796769c0d431af32e,gemma4,boots,,,,,
snehilsanyal-main__construction-708-_jpg.rf.8412869d37074b8796769c0d431af32e,gemma4,vest,,,,,
snehilsanyal-main__construction-708-_jpg.rf.8412869d37074b8796769c0d431af32e,gemma4,no-helmet,,,,,
snehilsanyal-main__construction-708-_jpg.rf.8412869d37074b8796769c0d431af32e,gemma4,no-gloves,,,,,
snehilsanyal-main__construction-708-_jpg.rf.8412869d37074b8796769c0d431af32e,minicpm-v,person,,,,,
snehilsanyal-main__construction-708-_jpg.rf.8412869d37074b8796769c0d431af32e,minicpm-v,helmet,,,,,
snehilsanyal-main__construction-708-_jpg.rf.8412869d37074b8796769c0d431af32e,minicpm-v,gloves,,,,,
snehilsanyal-main__construction-708-_jpg.rf.8412869d37074b8796769c0d431af32e,minicpm-v,boots,,,,,
snehilsanyal-main__construction-708-_jpg.rf.8412869d37074b8796769c0d431af32e,minicpm-v,vest,,,,,
snehilsanyal-main__image_55_jpg.rf.687fe5037e332ac02eb6cc93310845be,yolo,person,0.92771977186203,0.23376219272613524,0.7542524337768555,0.4105672359466553,1.0
snehilsanyal-main__image_55_jpg.rf.687fe5037e332ac02eb6cc93310845be,yolo,vest,0.9173546433448792,0.03387463688850403,0.8846714973449707,0.1802196979522705,1.0
snehilsanyal-main__image_55_jpg.rf.687fe5037e332ac02eb6cc93310845be,yolo,vest,0.9165419340133667,0.24308407306671143,0.8587603569030762,0.3780555248260498,1.0
snehilsanyal-main__image_55_jpg.rf.687fe5037e332ac02eb6cc93310845be,yolo,person,0.9016188979148865,0.010814356803894042,0.7669929504394531,0.21643829345703125,0.9999263763427735
snehilsanyal-main__image_55_jpg.rf.687fe5037e332ac02eb6cc93310845be,yolo,helmet,0.897208034992218,0.046435394883155824,0.7734436988830566,0.12222497463226319,0.8392128944396973
snehilsanyal-main__image_55_jpg.rf.687fe5037e332ac02eb6cc93310845be,yolo,helmet,0.8889166712760925,0.25459625720977785,0.7617230892181397,0.3155662059783936,0.8167285919189453
snehilsanyal-main__image_55_jpg.rf.687fe5037e332ac02eb6cc93310845be,ollama,person,,,,,
snehilsanyal-main__image_55_jpg.rf.687fe5037e332ac02eb6cc93310845be,ollama,helmet,,,,,
snehilsanyal-main__image_55_jpg.rf.687fe5037e332ac02eb6cc93310845be,ollama,gloves,,,,,
snehilsanyal-main__image_55_jpg.rf.687fe5037e332ac02eb6cc93310845be,ollama,boots,,,,,
snehilsanyal-main__image_55_jpg.rf.687fe5037e332ac02eb6cc93310845be,ollama,vest,,,,,
snehilsanyal-main__image_55_jpg.rf.687fe5037e332ac02eb6cc93310845be,ollama,no-helmet,,,,,
snehilsanyal-main__image_55_jpg.rf.687fe5037e332ac02eb6cc93310845be,ollama,no-gloves,,,,,
snehilsanyal-main__image_55_jpg.rf.687fe5037e332ac02eb6cc93310845be,ollama,no-boots,,,,,
snehilsanyal-main__image_55_jpg.rf.687fe5037e332ac02eb6cc93310845be,ollama,no-vest,,,,,
snehilsanyal-main__image_55_jpg.rf.687fe5037e332ac02eb6cc93310845be,qwen3-vl,person,,,,,
snehilsanyal-main__image_55_jpg.rf.687fe5037e332ac02eb6cc93310845be,qwen3-vl,helmet,,,,,
snehilsanyal-main__image_55_jpg.rf.687fe5037e332ac02eb6cc93310845be,qwen3-vl,vest,,,,,
snehilsanyal-main__image_55_jpg.rf.687fe5037e332ac02eb6cc93310845be,gemma4,person,,,,,
snehilsanyal-main__image_55_jpg.rf.687fe5037e332ac02eb6cc93310845be,gemma4,helmet,,,,,
snehilsanyal-main__image_55_jpg.rf.687fe5037e332ac02eb6cc93310845be,gemma4,boots,,,,,
snehilsanyal-main__image_55_jpg.rf.687fe5037e332ac02eb6cc93310845be,gemma4,vest,,,,,
snehilsanyal-main__image_55_jpg.rf.687fe5037e332ac02eb6cc93310845be,gemma4,no-gloves,,,,,
snehilsanyal-main__image_55_jpg.rf.687fe5037e332ac02eb6cc93310845be,minicpm-v,person,,,,,
snehilsanyal-main__image_55_jpg.rf.687fe5037e332ac02eb6cc93310845be,minicpm-v,helmet,,,,,
snehilsanyal-main__image_55_jpg.rf.687fe5037e332ac02eb6cc93310845be,minicpm-v,boots,,,,,
snehilsanyal-main__image_55_jpg.rf.687fe5037e332ac02eb6cc93310845be,minicpm-v,vest,,,,,
snehilsanyal-main__image_55_jpg.rf.687fe5037e332ac02eb6cc93310845be,minicpm-v,no-gloves,,,,,
snehilsanyal-main__image_560_jpg.rf.cec604e4e8173d635fc4c4170df9d739,yolo,person,0.9441288113594055,0.5615233898162841,0.5407469749450684,0.9036197662353516,0.9999675750732422
snehilsanyal-main__image_560_jpg.rf.cec604e4e8173d635fc4c4170df9d739,yolo,no-vest,0.9413056373596191,0.6345452308654785,0.5391299247741699,0.8529693603515625,0.8506577491760254
snehilsanyal-main__image_560_jpg.rf.cec604e4e8173d635fc4c4170df9d739,yolo,person,0.8919693827629089,0.7559498310089111,0.15393792390823363,0.7779725551605224,0.2274402379989624
snehilsanyal-main__image_560_jpg.rf.cec604e4e8173d635fc4c4170df9d739,yolo,person,0.8869122862815857,0.4293850898742676,0.5379003524780274,0.6284026622772216,1.0
snehilsanyal-main__image_560_jpg.rf.cec604e4e8173d635fc4c4170df9d739,ollama,person,,,,,
snehilsanyal-main__image_560_jpg.rf.cec604e4e8173d635fc4c4170df9d739,ollama,helmet,,,,,
snehilsanyal-main__image_560_jpg.rf.cec604e4e8173d635fc4c4170df9d739,ollama,boots,,,,,
snehilsanyal-main__image_560_jpg.rf.cec604e4e8173d635fc4c4170df9d739,ollama,no-gloves,,,,,
snehilsanyal-main__image_560_jpg.rf.cec604e4e8173d635fc4c4170df9d739,ollama,no-boots,,,,,
snehilsanyal-main__image_560_jpg.rf.cec604e4e8173d635fc4c4170df9d739,qwen3-vl,person,,,,,
snehilsanyal-main__image_560_jpg.rf.cec604e4e8173d635fc4c4170df9d739,qwen3-vl,gloves,,,,,
snehilsanyal-main__image_560_jpg.rf.cec604e4e8173d635fc4c4170df9d739,qwen3-vl,no-helmet,,,,,
snehilsanyal-main__image_560_jpg.rf.cec604e4e8173d635fc4c4170df9d739,qwen3-vl,no-boots,,,,,
snehilsanyal-main__image_560_jpg.rf.cec604e4e8173d635fc4c4170df9d739,gemma4,person,,,,,
snehilsanyal-main__image_560_jpg.rf.cec604e4e8173d635fc4c4170df9d739,gemma4,helmet,,,,,
snehilsanyal-main__image_560_jpg.rf.cec604e4e8173d635fc4c4170df9d739,gemma4,gloves,,,,,
snehilsanyal-main__image_560_jpg.rf.cec604e4e8173d635fc4c4170df9d739,gemma4,boots,,,,,
snehilsanyal-main__image_560_jpg.rf.cec604e4e8173d635fc4c4170df9d739,gemma4,vest,,,,,
snehilsanyal-main__image_560_jpg.rf.cec604e4e8173d635fc4c4170df9d739,minicpm-v,person,,,,,
snehilsanyal-main__image_560_jpg.rf.cec604e4e8173d635fc4c4170df9d739,minicpm-v,gloves,,,,,
snehilsanyal-main__image_560_jpg.rf.cec604e4e8173d635fc4c4170df9d739,minicpm-v,boots,,,,,
snehilsanyal-main__image_560_jpg.rf.cec604e4e8173d635fc4c4170df9d739,minicpm-v,vest,,,,,
snehilsanyal-main__image_560_jpg.rf.cec604e4e8173d635fc4c4170df9d739,minicpm-v,no-helmet,,,,,
snehilsanyal-main__image_560_jpg.rf.cec604e4e8173d635fc4c4170df9d739,minicpm-v,no-gloves,,,,,
snehilsanyal-main__maksssksksss710_png_jpg.rf.faeb1cc9ddc4e6c506648fc7324f54d0,yolo,person,0.9726226925849915,0.3280907869338989,0.0,0.9882794380187988,0.6503575325012207
snehilsanyal-main__maksssksksss710_png_jpg.rf.faeb1cc9ddc4e6c506648fc7324f54d0,yolo,person,0.9646482467651367,0.0,0.06510438919067382,0.3282231330871582,0.6492748260498047
snehilsanyal-main__maksssksksss710_png_jpg.rf.faeb1cc9ddc4e6c506648fc7324f54d0,yolo,no-vest,0.957499623298645,0.41274547576904297,0.26972270011901855,0.828642749786377,0.6497291564941406
snehilsanyal-main__maksssksksss710_png_jpg.rf.faeb1cc9ddc4e6c506648fc7324f54d0,yolo,no-helmet,0.9316245317459106,0.07405129671096802,0.08358099460601806,0.23524045944213867,0.26908373832702637
snehilsanyal-main__maksssksksss710_png_jpg.rf.faeb1cc9ddc4e6c506648fc7324f54d0,yolo,no-vest,0.8797091245651245,0.5374357223510742,0.902956771850586,0.9558120727539062,1.0
snehilsanyal-main__maksssksksss710_png_jpg.rf.faeb1cc9ddc4e6c506648fc7324f54d0,yolo,no-vest,0.785446047782898,0.024214768409729005,0.5514337062835694,0.27652385234832766,0.6497101306915283
snehilsanyal-main__maksssksksss710_png_jpg.rf.faeb1cc9ddc4e6c506648fc7324f54d0,yolo,person,0.572230875492096,0.43137664794921876,0.6502009391784668,1.0,1.0
snehilsanyal-main__maksssksksss710_png_jpg.rf.faeb1cc9ddc4e6c506648fc7324f54d0,yolo,no-helmet,0.4189024865627289,0.40270633697509767,2.6428699493408202e-05,0.63009033203125,0.024509632587432863
snehilsanyal-main__maksssksksss710_png_jpg.rf.faeb1cc9ddc4e6c506648fc7324f54d0,ollama,person,,,,,
snehilsanyal-main__maksssksksss710_png_jpg.rf.faeb1cc9ddc4e6c506648fc7324f54d0,ollama,boots,,,,,
snehilsanyal-main__maksssksksss710_png_jpg.rf.faeb1cc9ddc4e6c506648fc7324f54d0,ollama,vest,,,,,
snehilsanyal-main__maksssksksss710_png_jpg.rf.faeb1cc9ddc4e6c506648fc7324f54d0,qwen3-vl,person,,,,,
snehilsanyal-main__maksssksksss710_png_jpg.rf.faeb1cc9ddc4e6c506648fc7324f54d0,qwen3-vl,no-helmet,,,,,
snehilsanyal-main__maksssksksss710_png_jpg.rf.faeb1cc9ddc4e6c506648fc7324f54d0,qwen3-vl,no-gloves,,,,,
snehilsanyal-main__maksssksksss710_png_jpg.rf.faeb1cc9ddc4e6c506648fc7324f54d0,qwen3-vl,no-boots,,,,,
snehilsanyal-main__maksssksksss710_png_jpg.rf.faeb1cc9ddc4e6c506648fc7324f54d0,qwen3-vl,no-vest,,,,,
snehilsanyal-main__maksssksksss710_png_jpg.rf.faeb1cc9ddc4e6c506648fc7324f54d0,gemma4,person,,,,,
snehilsanyal-main__maksssksksss710_png_jpg.rf.faeb1cc9ddc4e6c506648fc7324f54d0,gemma4,helmet,,,,,
snehilsanyal-main__maksssksksss710_png_jpg.rf.faeb1cc9ddc4e6c506648fc7324f54d0,gemma4,gloves,,,,,
snehilsanyal-main__maksssksksss710_png_jpg.rf.faeb1cc9ddc4e6c506648fc7324f54d0,gemma4,boots,,,,,
snehilsanyal-main__maksssksksss710_png_jpg.rf.faeb1cc9ddc4e6c506648fc7324f54d0,gemma4,vest,,,,,
snehilsanyal-main__maksssksksss710_png_jpg.rf.faeb1cc9ddc4e6c506648fc7324f54d0,minicpm-v,person,,,,,
snehilsanyal-main__maksssksksss710_png_jpg.rf.faeb1cc9ddc4e6c506648fc7324f54d0,minicpm-v,helmet,,,,,
snehilsanyal-main__maksssksksss710_png_jpg.rf.faeb1cc9ddc4e6c506648fc7324f54d0,minicpm-v,no-gloves,,,,,
snehilsanyal-main__maksssksksss710_png_jpg.rf.faeb1cc9ddc4e6c506648fc7324f54d0,minicpm-v,no-boots,,,,,
snehilsanyal-main__maksssksksss710_png_jpg.rf.faeb1cc9ddc4e6c506648fc7324f54d0,minicpm-v,no-vest,,,,,
snehilsanyal-main__mask-wearing-1632933572733_png_jpg.rf.ade0dc53cbb1070b9623428cd6d4ce74,yolo,person,0.9316109418869019,0.22119336128234862,0.0,0.43101820945739744,0.3413052797317505
snehilsanyal-main__mask-wearing-1632933572733_png_jpg.rf.ade0dc53cbb1070b9623428cd6d4ce74,yolo,person,0.9261908531188965,0.39213569164276124,0.009208297729492188,0.6319123268127441,0.32436747550964357
snehilsanyal-main__mask-wearing-1632933572733_png_jpg.rf.ade0dc53cbb1070b9623428cd6d4ce74,yolo,no-vest,0.9245648384094238,0.26186156272888184,0.01924182176589966,0.39950084686279297,0.24028916358947755
snehilsanyal-main__mask-wearing-1632933572733_png_jpg.rf.ade0dc53cbb1070b9623428cd6d4ce74,yolo,no-helmet,0.8375970125198364,0.5314257621765137,0.022171050310134888,0.600880241394043,0.08399879932403564
snehilsanyal-main__mask-wearing-1632933572733_png_jpg.rf.ade0dc53cbb1070b9623428cd6d4ce74,ollama,person,,,,,
snehilsanyal-main__mask-wearing-1632933572733_png_jpg.rf.ade0dc53cbb1070b9623428cd6d4ce74,ollama,boots,,,,,
snehilsanyal-main__mask-wearing-1632933572733_png_jpg.rf.ade0dc53cbb1070b9623428cd6d4ce74,ollama,no-helmet,,,,,
snehilsanyal-main__mask-wearing-1632933572733_png_jpg.rf.ade0dc53cbb1070b9623428cd6d4ce74,ollama,no-gloves,,,,,
snehilsanyal-main__mask-wearing-1632933572733_png_jpg.rf.ade0dc53cbb1070b9623428cd6d4ce74,ollama,no-boots,,,,,
snehilsanyal-main__mask-wearing-1632933572733_png_jpg.rf.ade0dc53cbb1070b9623428cd6d4ce74,qwen3-vl,person,,,,,
snehilsanyal-main__mask-wearing-1632933572733_png_jpg.rf.ade0dc53cbb1070b9623428cd6d4ce74,qwen3-vl,no-helmet,,,,,
snehilsanyal-main__mask-wearing-1632933572733_png_jpg.rf.ade0dc53cbb1070b9623428cd6d4ce74,qwen3-vl,no-gloves,,,,,
snehilsanyal-main__mask-wearing-1632933572733_png_jpg.rf.ade0dc53cbb1070b9623428cd6d4ce74,qwen3-vl,no-boots,,,,,
snehilsanyal-main__mask-wearing-1632933572733_png_jpg.rf.ade0dc53cbb1070b9623428cd6d4ce74,qwen3-vl,no-vest,,,,,
snehilsanyal-main__mask-wearing-1632933572733_png_jpg.rf.ade0dc53cbb1070b9623428cd6d4ce74,gemma4,person,,,,,
snehilsanyal-main__mask-wearing-1632933572733_png_jpg.rf.ade0dc53cbb1070b9623428cd6d4ce74,gemma4,gloves,,,,,
snehilsanyal-main__mask-wearing-1632933572733_png_jpg.rf.ade0dc53cbb1070b9623428cd6d4ce74,gemma4,boots,,,,,
snehilsanyal-main__mask-wearing-1632933572733_png_jpg.rf.ade0dc53cbb1070b9623428cd6d4ce74,gemma4,vest,,,,,
snehilsanyal-main__mask-wearing-1632933572733_png_jpg.rf.ade0dc53cbb1070b9623428cd6d4ce74,gemma4,no-helmet,,,,,
snehilsanyal-main__mask-wearing-1632933572733_png_jpg.rf.ade0dc53cbb1070b9623428cd6d4ce74,minicpm-v,person,,,,,
snehilsanyal-main__mask-wearing-1632933572733_png_jpg.rf.ade0dc53cbb1070b9623428cd6d4ce74,minicpm-v,gloves,,,,,
snehilsanyal-main__mask-wearing-1632933572733_png_jpg.rf.ade0dc53cbb1070b9623428cd6d4ce74,minicpm-v,no-boots,,,,,
snehilsanyal-main__video_CDC-YOUTUBE_mp4-50_jpg.rf.4912d4cb665e1ab8243c28d9c3039ae8,yolo,person,0.9818628430366516,0.539194393157959,0.33286855220794676,0.9989736557006836,1.0
snehilsanyal-main__video_CDC-YOUTUBE_mp4-50_jpg.rf.4912d4cb665e1ab8243c28d9c3039ae8,yolo,person,0.9716074466705322,0.5529861927032471,0.0,0.9993481636047363,0.32983806133270266
snehilsanyal-main__video_CDC-YOUTUBE_mp4-50_jpg.rf.4912d4cb665e1ab8243c28d9c3039ae8,yolo,person,0.9600856304168701,0.0,0.00046646595001220703,0.40561604499816895,0.3301298379898071
snehilsanyal-main__video_CDC-YOUTUBE_mp4-50_jpg.rf.4912d4cb665e1ab8243c28d9c3039ae8,yolo,person,0.9544258117675781,0.2123265266418457,0.0006779789924621582,0.539052677154541,0.3301048278808594
snehilsanyal-main__video_CDC-YOUTUBE_mp4-50_jpg.rf.4912d4cb665e1ab8243c28d9c3039ae8,yolo,no-vest,0.9490164518356323,0.5386585235595703,0.7312387466430664,1.0,0.9998085975646973
snehilsanyal-main__video_CDC-YOUTUBE_mp4-50_jpg.rf.4912d4cb665e1ab8243c28d9c3039ae8,yolo,no-vest,0.9448165893554688,0.6551370620727539,0.001048433780670166,0.9802395820617675,0.3317704200744629
snehilsanyal-main__video_CDC-YOUTUBE_mp4-50_jpg.rf.4912d4cb665e1ab8243c28d9c3039ae8,yolo,no-helmet,0.9190601706504822,0.538446044921875,0.33362255096435545,0.8683005332946777,0.5154582977294921
snehilsanyal-main__video_CDC-YOUTUBE_mp4-50_jpg.rf.4912d4cb665e1ab8243c28d9c3039ae8,yolo,no-helmet,0.9064972996711731,0.016067361831665038,0.007243132591247559,0.2687868595123291,0.11343593597412109
snehilsanyal-main__video_CDC-YOUTUBE_mp4-50_jpg.rf.4912d4cb665e1ab8243c28d9c3039ae8,yolo,person,0.8202689290046692,0.3744200229644775,0.0,0.5409836292266845,0.13969322443008422
snehilsanyal-main__video_CDC-YOUTUBE_mp4-50_jpg.rf.4912d4cb665e1ab8243c28d9c3039ae8,yolo,no-helmet,0.6691216826438904,0.4378056526184082,0.20063428878784179,0.5409462928771973,0.254577112197876
snehilsanyal-main__video_CDC-YOUTUBE_mp4-50_jpg.rf.4912d4cb665e1ab8243c28d9c3039ae8,yolo,person,0.42010459303855896,0.0012151181697845459,0.0006043463945388794,0.11615712642669677,0.09057338833808899
snehilsanyal-main__video_CDC-YOUTUBE_mp4-50_jpg.rf.4912d4cb665e1ab8243c28d9c3039ae8,yolo,no-helmet,0.3849124312400818,0.3761107921600342,0.00019628405570983886,0.5394524574279785,0.08081725835800171
snehilsanyal-main__video_CDC-YOUTUBE_mp4-50_jpg.rf.4912d4cb665e1ab8243c28d9c3039ae8,ollama,person,,,,,
snehilsanyal-main__video_CDC-YOUTUBE_mp4-50_jpg.rf.4912d4cb665e1ab8243c28d9c3039ae8,ollama,helmet,,,,,
snehilsanyal-main__video_CDC-YOUTUBE_mp4-50_jpg.rf.4912d4cb665e1ab8243c28d9c3039ae8,ollama,gloves,,,,,
snehilsanyal-main__video_CDC-YOUTUBE_mp4-50_jpg.rf.4912d4cb665e1ab8243c28d9c3039ae8,ollama,boots,,,,,
snehilsanyal-main__video_CDC-YOUTUBE_mp4-50_jpg.rf.4912d4cb665e1ab8243c28d9c3039ae8,ollama,vest,,,,,
snehilsanyal-main__video_CDC-YOUTUBE_mp4-50_jpg.rf.4912d4cb665e1ab8243c28d9c3039ae8,qwen3-vl,person,,,,,
snehilsanyal-main__video_CDC-YOUTUBE_mp4-50_jpg.rf.4912d4cb665e1ab8243c28d9c3039ae8,qwen3-vl,no-helmet,,,,,
snehilsanyal-main__video_CDC-YOUTUBE_mp4-50_jpg.rf.4912d4cb665e1ab8243c28d9c3039ae8,qwen3-vl,no-gloves,,,,,
snehilsanyal-main__video_CDC-YOUTUBE_mp4-50_jpg.rf.4912d4cb665e1ab8243c28d9c3039ae8,qwen3-vl,no-boots,,,,,
snehilsanyal-main__video_CDC-YOUTUBE_mp4-50_jpg.rf.4912d4cb665e1ab8243c28d9c3039ae8,qwen3-vl,no-vest,,,,,
snehilsanyal-main__video_CDC-YOUTUBE_mp4-50_jpg.rf.4912d4cb665e1ab8243c28d9c3039ae8,gemma4,person,,,,,
snehilsanyal-main__video_CDC-YOUTUBE_mp4-50_jpg.rf.4912d4cb665e1ab8243c28d9c3039ae8,gemma4,no-helmet,,,,,
snehilsanyal-main__video_CDC-YOUTUBE_mp4-50_jpg.rf.4912d4cb665e1ab8243c28d9c3039ae8,gemma4,no-gloves,,,,,
snehilsanyal-main__video_CDC-YOUTUBE_mp4-50_jpg.rf.4912d4cb665e1ab8243c28d9c3039ae8,gemma4,no-boots,,,,,
snehilsanyal-main__video_CDC-YOUTUBE_mp4-50_jpg.rf.4912d4cb665e1ab8243c28d9c3039ae8,gemma4,no-vest,,,,,
snehilsanyal-main__video_CDC-YOUTUBE_mp4-50_jpg.rf.4912d4cb665e1ab8243c28d9c3039ae8,minicpm-v,person,,,,,
snehilsanyal-main__video_CDC-YOUTUBE_mp4-50_jpg.rf.4912d4cb665e1ab8243c28d9c3039ae8,minicpm-v,helmet,,,,,
snehilsanyal-main__video_CDC-YOUTUBE_mp4-50_jpg.rf.4912d4cb665e1ab8243c28d9c3039ae8,minicpm-v,gloves,,,,,
snehilsanyal-main__video_CDC-YOUTUBE_mp4-50_jpg.rf.4912d4cb665e1ab8243c28d9c3039ae8,minicpm-v,boots,,,,,
snehilsanyal-main__video_CDC-YOUTUBE_mp4-50_jpg.rf.4912d4cb665e1ab8243c28d9c3039ae8,minicpm-v,vest,,,,,
snehilsanyal-main__video_CDC-YOUTUBE_mp4-50_jpg.rf.4912d4cb665e1ab8243c28d9c3039ae8,minicpm-v,no-helmet,,,,,
snehilsanyal-main__video_CDC-YOUTUBE_mp4-50_jpg.rf.4912d4cb665e1ab8243c28d9c3039ae8,minicpm-v,no-gloves,,,,,
snehilsanyal-main__video_CDC-YOUTUBE_mp4-50_jpg.rf.4912d4cb665e1ab8243c28d9c3039ae8,minicpm-v,no-boots,,,,,
snehilsanyal-main__video_CDC-YOUTUBE_mp4-50_jpg.rf.4912d4cb665e1ab8243c28d9c3039ae8,minicpm-v,no-vest,,,,,
snehilsanyal-main__youtube-118_jpg.rf.9dc8b46dfbac73d9e4f983964355d7ac,yolo,no-vest,0.9123791456222534,0.7932866096496582,0.2008660316467285,0.9040343284606933,0.4595005512237549
snehilsanyal-main__youtube-118_jpg.rf.9dc8b46dfbac73d9e4f983964355d7ac,yolo,person,0.9090360403060913,0.7518016815185546,0.0854496955871582,0.9420650482177735,0.8553169250488282
snehilsanyal-main__youtube-118_jpg.rf.9dc8b46dfbac73d9e4f983964355d7ac,yolo,helmet,0.8388711214065552,0.8655978202819824,0.08715916872024536,0.9337386131286621,0.19340987205505372
snehilsanyal-main__youtube-118_jpg.rf.9dc8b46dfbac73d9e4f983964355d7ac,ollama,person,,,,,
snehilsanyal-main__youtube-118_jpg.rf.9dc8b46dfbac73d9e4f983964355d7ac,ollama,no-helmet,,,,,
snehilsanyal-main__youtube-118_jpg.rf.9dc8b46dfbac73d9e4f983964355d7ac,ollama,no-gloves,,,,,
snehilsanyal-main__youtube-118_jpg.rf.9dc8b46dfbac73d9e4f983964355d7ac,ollama,no-boots,,,,,
snehilsanyal-main__youtube-118_jpg.rf.9dc8b46dfbac73d9e4f983964355d7ac,ollama,no-vest,,,,,
snehilsanyal-main__youtube-118_jpg.rf.9dc8b46dfbac73d9e4f983964355d7ac,qwen3-vl,person,,,,,
snehilsanyal-main__youtube-118_jpg.rf.9dc8b46dfbac73d9e4f983964355d7ac,qwen3-vl,helmet,,,,,
snehilsanyal-main__youtube-118_jpg.rf.9dc8b46dfbac73d9e4f983964355d7ac,qwen3-vl,boots,,,,,
snehilsanyal-main__youtube-118_jpg.rf.9dc8b46dfbac73d9e4f983964355d7ac,qwen3-vl,no-gloves,,,,,
snehilsanyal-main__youtube-118_jpg.rf.9dc8b46dfbac73d9e4f983964355d7ac,gemma4,person,,,,,
snehilsanyal-main__youtube-118_jpg.rf.9dc8b46dfbac73d9e4f983964355d7ac,gemma4,helmet,,,,,
snehilsanyal-main__youtube-118_jpg.rf.9dc8b46dfbac73d9e4f983964355d7ac,gemma4,gloves,,,,,
snehilsanyal-main__youtube-118_jpg.rf.9dc8b46dfbac73d9e4f983964355d7ac,gemma4,boots,,,,,
snehilsanyal-main__youtube-118_jpg.rf.9dc8b46dfbac73d9e4f983964355d7ac,gemma4,vest,,,,,
snehilsanyal-main__youtube-118_jpg.rf.9dc8b46dfbac73d9e4f983964355d7ac,minicpm-v,person,,,,,
snehilsanyal-main__youtube-118_jpg.rf.9dc8b46dfbac73d9e4f983964355d7ac,minicpm-v,helmet,,,,,
snehilsanyal-main__youtube-118_jpg.rf.9dc8b46dfbac73d9e4f983964355d7ac,minicpm-v,boots,,,,,
snehilsanyal-main__youtube-118_jpg.rf.9dc8b46dfbac73d9e4f983964355d7ac,minicpm-v,no-gloves,,,,,
snehilsanyal-main__youtube-118_jpg.rf.9dc8b46dfbac73d9e4f983964355d7ac,minicpm-v,no-vest,,,,,
snehilsanyal-main__youtube-480_jpg.rf.faf443d4d10cc97074f6a80225f0ac29,yolo,helmet,0.9049988389015198,0.2616555213928223,0.8022804260253906,0.35241074562072755,0.8931773185729981
snehilsanyal-main__youtube-480_jpg.rf.faf443d4d10cc97074f6a80225f0ac29,yolo,vest,0.9011422395706177,0.18974592685699462,0.9287554740905761,0.26903772354125977,1.0
snehilsanyal-main__youtube-480_jpg.rf.faf443d4d10cc97074f6a80225f0ac29,yolo,vest,0.8732684254646301,0.01272522211074829,0.9139228820800781,0.08227204084396363,1.0
snehilsanyal-main__youtube-480_jpg.rf.faf443d4d10cc97074f6a80225f0ac29,yolo,person,0.8565135598182678,0.15065091848373413,0.7949714660644531,0.3777047634124756,0.9995182991027832
snehilsanyal-main__youtube-480_jpg.rf.faf443d4d10cc97074f6a80225f0ac29,yolo,vest,0.8557008504867554,0.15055354833602905,0.935572338104248,0.2112337827682495,0.9999390602111816
snehilsanyal-main__youtube-480_jpg.rf.faf443d4d10cc97074f6a80225f0ac29,yolo,helmet,0.8242169618606567,0.04385969638824463,0.869656753540039,0.08650004863739014,0.9176864624023438
snehilsanyal-main__youtube-480_jpg.rf.faf443d4d10cc97074f6a80225f0ac29,yolo,helmet,0.7952491641044617,0.3847363471984863,0.791127061843872,0.41831212043762206,0.8754339218139648
snehilsanyal-main__youtube-480_jpg.rf.faf443d4d10cc97074f6a80225f0ac29,yolo,vest,0.7650160193443298,3.123655915260315e-06,0.916416072845459,0.023633746802806853,1.0
snehilsanyal-main__youtube-480_jpg.rf.faf443d4d10cc97074f6a80225f0ac29,yolo,helmet,0.764518141746521,0.23715322017669677,0.8918706893920898,0.273166298866272,0.9276276588439941
snehilsanyal-main__youtube-480_jpg.rf.faf443d4d10cc97074f6a80225f0ac29,yolo,helmet,0.7507947087287903,0.18140034675598143,0.8874802589416504,0.2207866430282593,0.9321057319641113
snehilsanyal-main__youtube-480_jpg.rf.faf443d4d10cc97074f6a80225f0ac29,yolo,person,0.7475839257240295,0.006159472465515137,0.8689678192138672,0.09793840646743775,1.0
snehilsanyal-main__youtube-480_jpg.rf.faf443d4d10cc97074f6a80225f0ac29,yolo,helmet,0.7408247590065002,0.002133700251579285,0.8796547889709473,0.037130051851272584,0.9215068817138672
snehilsanyal-main__youtube-480_jpg.rf.faf443d4d10cc97074f6a80225f0ac29,yolo,helmet,0.7307239174842834,0.3290327310562134,0.9197757720947266,0.3595529079437256,0.9556876182556152
snehilsanyal-main__youtube-480_jpg.rf.faf443d4d10cc97074f6a80225f0ac29,yolo,person,0.7280149459838867,0.16419568061828613,0.8887469291687011,0.2768251419067383,1.0
snehilsanyal-main__youtube-480_jpg.rf.faf443d4d10cc97074f6a80225f0ac29,yolo,person,0.6581923961639404,0.12687863111495973,0.8804186820983887,0.22272968292236328,1.0
snehilsanyal-main__youtube-480_jpg.rf.faf443d4d10cc97074f6a80225f0ac29,yolo,helmet,0.6461402773857117,0.0,0.05535424947738647,0.013320630788803101,0.15099847316741943
snehilsanyal-main__youtube-480_jpg.rf.faf443d4d10cc97074f6a80225f0ac29,yolo,person,0.6108437776565552,0.00018371045589447022,0.8749569892883301,0.039977970719337466,0.999694538116455
snehilsanyal-main__youtube-480_jpg.rf.faf443d4d10cc97074f6a80225f0ac29,yolo,vest,0.6081090569496155,0.3461988210678101,0.9314447402954101,0.4185768127441406,1.0
snehilsanyal-main__youtube-480_jpg.rf.faf443d4d10cc97074f6a80225f0ac29,yolo,person,0.5794517993927002,0.45132951736450194,0.6337628841400147,0.46535706520080566,0.6722474575042725
snehilsanyal-main__youtube-480_jpg.rf.faf443d4d10cc97074f6a80225f0ac29,yolo,vest,0.5737164616584778,0.2386296272277832,0.9435532569885254,0.3572205066680908,1.0
snehilsanyal-main__youtube-480_jpg.rf.faf443d4d10cc97074f6a80225f0ac29,yolo,person,0.5544243454933167,0.3089810609817505,0.7871126174926758,0.419356632232666,0.9997125625610351
snehilsanyal-main__youtube-480_jpg.rf.faf443d4d10cc97074f6a80225f0ac29,yolo,helmet,0.47962385416030884,0.027091062068939208,0.8898330688476562,0.055534249544143675,0.9291152954101562
snehilsanyal-main__youtube-480_jpg.rf.faf443d4d10cc97074f6a80225f0ac29,yolo,vest,0.3319777548313141,0.19489624500274658,0.9329675674438477,0.3636920928955078,1.0
snehilsanyal-main__youtube-480_jpg.rf.faf443d4d10cc97074f6a80225f0ac29,yolo,person,0.29114609956741333,0.28253166675567626,0.9166439056396485,0.388462495803833,0.9993179321289063
snehilsanyal-main__youtube-480_jpg.rf.faf443d4d10cc97074f6a80225f0ac29,yolo,helmet,0.27834606170654297,0.027232402563095094,0.8902421951293945,0.05680723190307617,0.9272585868835449
snehilsanyal-main__youtube-480_jpg.rf.faf443d4d10cc97074f6a80225f0ac29,ollama,person,,,,,
snehilsanyal-main__youtube-480_jpg.rf.faf443d4d10cc97074f6a80225f0ac29,ollama,helmet,,,,,
snehilsanyal-main__youtube-480_jpg.rf.faf443d4d10cc97074f6a80225f0ac29,ollama,gloves,,,,,
snehilsanyal-main__youtube-480_jpg.rf.faf443d4d10cc97074f6a80225f0ac29,ollama,boots,,,,,
snehilsanyal-main__youtube-480_jpg.rf.faf443d4d10cc97074f6a80225f0ac29,ollama,vest,,,,,
snehilsanyal-main__youtube-480_jpg.rf.faf443d4d10cc97074f6a80225f0ac29,ollama,no-helmet,,,,,
snehilsanyal-main__youtube-480_jpg.rf.faf443d4d10cc97074f6a80225f0ac29,qwen3-vl,person,,,,,
snehilsanyal-main__youtube-480_jpg.rf.faf443d4d10cc97074f6a80225f0ac29,qwen3-vl,helmet,,,,,
snehilsanyal-main__youtube-480_jpg.rf.faf443d4d10cc97074f6a80225f0ac29,qwen3-vl,vest,,,,,
snehilsanyal-main__youtube-480_jpg.rf.faf443d4d10cc97074f6a80225f0ac29,gemma4,person,,,,,
snehilsanyal-main__youtube-480_jpg.rf.faf443d4d10cc97074f6a80225f0ac29,gemma4,helmet,,,,,
snehilsanyal-main__youtube-480_jpg.rf.faf443d4d10cc97074f6a80225f0ac29,gemma4,gloves,,,,,
snehilsanyal-main__youtube-480_jpg.rf.faf443d4d10cc97074f6a80225f0ac29,gemma4,boots,,,,,
snehilsanyal-main__youtube-480_jpg.rf.faf443d4d10cc97074f6a80225f0ac29,gemma4,vest,,,,,
snehilsanyal-main__youtube-480_jpg.rf.faf443d4d10cc97074f6a80225f0ac29,minicpm-v,person,,,,,
snehilsanyal-main__youtube-480_jpg.rf.faf443d4d10cc97074f6a80225f0ac29,minicpm-v,helmet,,,,,
snehilsanyal-main__youtube-480_jpg.rf.faf443d4d10cc97074f6a80225f0ac29,minicpm-v,gloves,,,,,
snehilsanyal-main__youtube-480_jpg.rf.faf443d4d10cc97074f6a80225f0ac29,minicpm-v,boots,,,,,
snehilsanyal-main__youtube-480_jpg.rf.faf443d4d10cc97074f6a80225f0ac29,minicpm-v,vest,,,,,
snehilsanyal-main__youtube-502_jpg.rf.a17be40a7edd6cd947c24e8902b3abea,yolo,person,0.9734300971031189,0.5825487613677979,0.0008388161659240723,0.9994298934936523,0.4892378330230713
snehilsanyal-main__youtube-502_jpg.rf.a17be40a7edd6cd947c24e8902b3abea,yolo,no-vest,0.9447826743125916,0.18224189281463624,0.00039278268814086915,0.3578087091445923,0.28180527687072754
snehilsanyal-main__youtube-502_jpg.rf.a17be40a7edd6cd947c24e8902b3abea,yolo,person,0.9443569779396057,0.06373989582061768,0.0,0.4507293701171875,0.4875965118408203
snehilsanyal-main__youtube-502_jpg.rf.a17be40a7edd6cd947c24e8902b3abea,yolo,vest,0.8898002505302429,0.5785881042480469,0.0,0.8022897720336915,0.40419716835021974
snehilsanyal-main__youtube-502_jpg.rf.a17be40a7edd6cd947c24e8902b3abea,yolo,person,0.8115721940994263,0.5918886184692382,0.0,1.0,0.48885459899902345
snehilsanyal-main__youtube-502_jpg.rf.a17be40a7edd6cd947c24e8902b3abea,yolo,person,0.6120180487632751,0.5813446044921875,0.00015395879745483398,0.889925479888916,0.4873029708862305
snehilsanyal-main__youtube-502_jpg.rf.a17be40a7edd6cd947c24e8902b3abea,yolo,vest,0.37726715207099915,0.7319357872009278,0.09219503402709961,0.999346923828125,0.4890946388244629
snehilsanyal-main__youtube-502_jpg.rf.a17be40a7edd6cd947c24e8902b3abea,yolo,no-helmet,0.32656416296958923,0.42826113700866697,0.9514624595642089,0.44806971549987795,0.9785506248474121
snehilsanyal-main__youtube-502_jpg.rf.a17be40a7edd6cd947c24e8902b3abea,ollama,person,,,,,
snehilsanyal-main__youtube-502_jpg.rf.a17be40a7edd6cd947c24e8902b3abea,ollama,helmet,,,,,
snehilsanyal-main__youtube-502_jpg.rf.a17be40a7edd6cd947c24e8902b3abea,ollama,gloves,,,,,
snehilsanyal-main__youtube-502_jpg.rf.a17be40a7edd6cd947c24e8902b3abea,ollama,boots,,,,,
snehilsanyal-main__youtube-502_jpg.rf.a17be40a7edd6cd947c24e8902b3abea,ollama,vest,,,,,
snehilsanyal-main__youtube-502_jpg.rf.a17be40a7edd6cd947c24e8902b3abea,qwen3-vl,person,,,,,
snehilsanyal-main__youtube-502_jpg.rf.a17be40a7edd6cd947c24e8902b3abea,qwen3-vl,gloves,,,,,
snehilsanyal-main__youtube-502_jpg.rf.a17be40a7edd6cd947c24e8902b3abea,qwen3-vl,vest,,,,,
snehilsanyal-main__youtube-502_jpg.rf.a17be40a7edd6cd947c24e8902b3abea,qwen3-vl,no-boots,,,,,
snehilsanyal-main__youtube-502_jpg.rf.a17be40a7edd6cd947c24e8902b3abea,gemma4,person,,,,,
snehilsanyal-main__youtube-502_jpg.rf.a17be40a7edd6cd947c24e8902b3abea,gemma4,helmet,,,,,
snehilsanyal-main__youtube-502_jpg.rf.a17be40a7edd6cd947c24e8902b3abea,gemma4,gloves,,,,,
snehilsanyal-main__youtube-502_jpg.rf.a17be40a7edd6cd947c24e8902b3abea,gemma4,boots,,,,,
snehilsanyal-main__youtube-502_jpg.rf.a17be40a7edd6cd947c24e8902b3abea,gemma4,vest,,,,,
snehilsanyal-main__youtube-502_jpg.rf.a17be40a7edd6cd947c24e8902b3abea,minicpm-v,person,,,,,
snehilsanyal-main__youtube-502_jpg.rf.a17be40a7edd6cd947c24e8902b3abea,minicpm-v,gloves,,,,,
snehilsanyal-main__youtube-502_jpg.rf.a17be40a7edd6cd947c24e8902b3abea,minicpm-v,boots,,,,,
snehilsanyal-main__youtube-502_jpg.rf.a17be40a7edd6cd947c24e8902b3abea,minicpm-v,vest,,,,,
snehilsanyal-main__youtube-568_jpg.rf.49f1d5b90378ee7a8dbd85b799bfa32d,yolo,person,0.9590537548065186,0.5044857025146484,0.5384917259216309,0.9071239471435547,1.0
snehilsanyal-main__youtube-568_jpg.rf.49f1d5b90378ee7a8dbd85b799bfa32d,yolo,person,0.9532271027565002,0.40059709548950195,0.00070953369140625,0.8151490211486816,0.5410702705383301
snehilsanyal-main__youtube-568_jpg.rf.49f1d5b90378ee7a8dbd85b799bfa32d,yolo,vest,0.9182804822921753,0.6173643112182617,0.5806204319000244,0.8705720901489258,0.9385303497314453
snehilsanyal-main__youtube-568_jpg.rf.49f1d5b90378ee7a8dbd85b799bfa32d,yolo,no-vest,0.9129690527915955,0.47092528343200685,0.000574880838394165,0.6111091613769531,0.18623600006103516
snehilsanyal-main__youtube-568_jpg.rf.49f1d5b90378ee7a8dbd85b799bfa32d,ollama,person,,,,,
snehilsanyal-main__youtube-568_jpg.rf.49f1d5b90378ee7a8dbd85b799bfa32d,ollama,helmet,,,,,
snehilsanyal-main__youtube-568_jpg.rf.49f1d5b90378ee7a8dbd85b799bfa32d,ollama,gloves,,,,,
snehilsanyal-main__youtube-568_jpg.rf.49f1d5b90378ee7a8dbd85b799bfa32d,ollama,boots,,,,,
snehilsanyal-main__youtube-568_jpg.rf.49f1d5b90378ee7a8dbd85b799bfa32d,ollama,vest,,,,,
snehilsanyal-main__youtube-568_jpg.rf.49f1d5b90378ee7a8dbd85b799bfa32d,ollama,no-helmet,,,,,
snehilsanyal-main__youtube-568_jpg.rf.49f1d5b90378ee7a8dbd85b799bfa32d,ollama,no-gloves,,,,,
snehilsanyal-main__youtube-568_jpg.rf.49f1d5b90378ee7a8dbd85b799bfa32d,ollama,no-boots,,,,,
snehilsanyal-main__youtube-568_jpg.rf.49f1d5b90378ee7a8dbd85b799bfa32d,ollama,no-vest,,,,,
snehilsanyal-main__youtube-568_jpg.rf.49f1d5b90378ee7a8dbd85b799bfa32d,qwen3-vl,person,,,,,
snehilsanyal-main__youtube-568_jpg.rf.49f1d5b90378ee7a8dbd85b799bfa32d,qwen3-vl,boots,,,,,
snehilsanyal-main__youtube-568_jpg.rf.49f1d5b90378ee7a8dbd85b799bfa32d,qwen3-vl,vest,,,,,
snehilsanyal-main__youtube-568_jpg.rf.49f1d5b90378ee7a8dbd85b799bfa32d,gemma4,person,,,,,
snehilsanyal-main__youtube-568_jpg.rf.49f1d5b90378ee7a8dbd85b799bfa32d,gemma4,boots,,,,,
snehilsanyal-main__youtube-568_jpg.rf.49f1d5b90378ee7a8dbd85b799bfa32d,gemma4,vest,,,,,
snehilsanyal-main__youtube-568_jpg.rf.49f1d5b90378ee7a8dbd85b799bfa32d,gemma4,no-helmet,,,,,
snehilsanyal-main__youtube-568_jpg.rf.49f1d5b90378ee7a8dbd85b799bfa32d,gemma4,no-gloves,,,,,
snehilsanyal-main__youtube-568_jpg.rf.49f1d5b90378ee7a8dbd85b799bfa32d,minicpm-v,person,,,,,
snehilsanyal-main__youtube-568_jpg.rf.49f1d5b90378ee7a8dbd85b799bfa32d,minicpm-v,gloves,,,,,
snehilsanyal-main__youtube-568_jpg.rf.49f1d5b90378ee7a8dbd85b799bfa32d,minicpm-v,boots,,,,,
snehilsanyal-main__youtube-568_jpg.rf.49f1d5b90378ee7a8dbd85b799bfa32d,minicpm-v,vest,,,,,
snehilsanyal-main__youtube-617_jpg.rf.309ef116f1d9074886d61bb0816b6b9e,yolo,person,0.9465668797492981,0.5727718830108642,0.08340966701507568,0.7120072364807128,0.8589328765869141
snehilsanyal-main__youtube-617_jpg.rf.309ef116f1d9074886d61bb0816b6b9e,yolo,vest,0.943413257598877,0.5907505035400391,0.20957884788513184,0.7053286552429199,0.5080827713012696
snehilsanyal-main__youtube-617_jpg.rf.309ef116f1d9074886d61bb0816b6b9e,yolo,person,0.9417118430137634,0.37517590522766114,0.14981987476348876,0.5167872428894043,0.8503172874450684
snehilsanyal-main__youtube-617_jpg.rf.309ef116f1d9074886d61bb0816b6b9e,yolo,vest,0.9379726052284241,0.39381041526794436,0.23789772987365723,0.49706854820251467,0.5012937545776367
snehilsanyal-main__youtube-617_jpg.rf.309ef116f1d9074886d61bb0816b6b9e,yolo,helmet,0.9258135557174683,0.5878030776977539,0.08393068313598633,0.6533811092376709,0.1824231505393982
snehilsanyal-main__youtube-617_jpg.rf.309ef116f1d9074886d61bb0816b6b9e,yolo,helmet,0.9086320996284485,0.4589045524597168,0.1537692666053772,0.5133724689483643,0.254091215133667
snehilsanyal-main__youtube-617_jpg.rf.309ef116f1d9074886d61bb0816b6b9e,ollama,person,,,,,
snehilsanyal-main__youtube-617_jpg.rf.309ef116f1d9074886d61bb0816b6b9e,ollama,helmet,,,,,
snehilsanyal-main__youtube-617_jpg.rf.309ef116f1d9074886d61bb0816b6b9e,ollama,gloves,,,,,
snehilsanyal-main__youtube-617_jpg.rf.309ef116f1d9074886d61bb0816b6b9e,ollama,boots,,,,,
snehilsanyal-main__youtube-617_jpg.rf.309ef116f1d9074886d61bb0816b6b9e,ollama,vest,,,,,
snehilsanyal-main__youtube-617_jpg.rf.309ef116f1d9074886d61bb0816b6b9e,qwen3-vl,person,,,,,
snehilsanyal-main__youtube-617_jpg.rf.309ef116f1d9074886d61bb0816b6b9e,qwen3-vl,helmet,,,,,
snehilsanyal-main__youtube-617_jpg.rf.309ef116f1d9074886d61bb0816b6b9e,qwen3-vl,gloves,,,,,
snehilsanyal-main__youtube-617_jpg.rf.309ef116f1d9074886d61bb0816b6b9e,qwen3-vl,boots,,,,,
snehilsanyal-main__youtube-617_jpg.rf.309ef116f1d9074886d61bb0816b6b9e,qwen3-vl,vest,,,,,
snehilsanyal-main__youtube-617_jpg.rf.309ef116f1d9074886d61bb0816b6b9e,gemma4,person,,,,,
snehilsanyal-main__youtube-617_jpg.rf.309ef116f1d9074886d61bb0816b6b9e,gemma4,helmet,,,,,
snehilsanyal-main__youtube-617_jpg.rf.309ef116f1d9074886d61bb0816b6b9e,gemma4,gloves,,,,,
snehilsanyal-main__youtube-617_jpg.rf.309ef116f1d9074886d61bb0816b6b9e,gemma4,boots,,,,,
snehilsanyal-main__youtube-617_jpg.rf.309ef116f1d9074886d61bb0816b6b9e,gemma4,vest,,,,,
snehilsanyal-main__youtube-617_jpg.rf.309ef116f1d9074886d61bb0816b6b9e,minicpm-v,person,,,,,
snehilsanyal-main__youtube-617_jpg.rf.309ef116f1d9074886d61bb0816b6b9e,minicpm-v,helmet,,,,,
snehilsanyal-main__youtube-617_jpg.rf.309ef116f1d9074886d61bb0816b6b9e,minicpm-v,gloves,,,,,
snehilsanyal-main__youtube-617_jpg.rf.309ef116f1d9074886d61bb0816b6b9e,minicpm-v,boots,,,,,
snehilsanyal-main__youtube-617_jpg.rf.309ef116f1d9074886d61bb0816b6b9e,minicpm-v,vest,,,,,
snehilsanyal-main__youtube-682_jpg.rf.1b6032eab51a0902f1d56ff7425c5f2a,yolo,person,0.9444035887718201,3.3301115036010745e-05,0.13650692701339723,0.1551521062850952,0.5104977130889893
snehilsanyal-main__youtube-682_jpg.rf.1b6032eab51a0902f1d56ff7425c5f2a,yolo,person,0.9435609579086304,0.030141687393188475,0.5091641902923584,0.2683234453201294,0.9794668197631836
snehilsanyal-main__youtube-682_jpg.rf.1b6032eab51a0902f1d56ff7425c5f2a,yolo,person,0.9376410245895386,0.16791751384735107,0.508467435836792,0.37007110118865966,0.9380052566528321
snehilsanyal-main__youtube-682_jpg.rf.1b6032eab51a0902f1d56ff7425c5f2a,yolo,vest,0.9277727007865906,0.33904874324798584,0.5094490051269531,0.46403956413269043,0.6581821918487549
snehilsanyal-main__youtube-682_jpg.rf.1b6032eab51a0902f1d56ff7425c5f2a,yolo,vest,0.9230840802192688,0.054447174072265625,0.5227036952972413,0.20801100730895997,0.7361576557159424
snehilsanyal-main__youtube-682_jpg.rf.1b6032eab51a0902f1d56ff7425c5f2a,yolo,vest,0.9147330522537231,0.13407545089721679,0.2528733253479004,0.26307404041290283,0.45605125427246096
snehilsanyal-main__youtube-682_jpg.rf.1b6032eab51a0902f1d56ff7425c5f2a,yolo,vest,0.9109606146812439,0.2557451486587524,0.509211254119873,0.36670520305633547,0.6501317501068116
snehilsanyal-main__youtube-682_jpg.rf.1b6032eab51a0902f1d56ff7425c5f2a,yolo,vest,0.910526692867279,0.0004925131797790527,0.21814472675323487,0.12352132797241211,0.40256052017211913
snehilsanyal-main__youtube-682_jpg.rf.1b6032eab51a0902f1d56ff7425c5f2a,yolo,person,0.9066157341003418,0.3791302442550659,0.11871681213378907,0.499252462387085,0.5084043025970459
snehilsanyal-main__youtube-682_jpg.rf.1b6032eab51a0902f1d56ff7425c5f2a,yolo,person,0.9053701758384705,0.2770956754684448,0.07470104694366456,0.4361396312713623,0.28148765563964845
snehilsanyal-main__youtube-682_jpg.rf.1b6032eab51a0902f1d56ff7425c5f2a,yolo,person,0.8987310528755188,0.10979052782058715,0.19207824468612672,0.32980823516845703,0.5092686176300049
snehilsanyal-main__youtube-682_jpg.rf.1b6032eab51a0902f1d56ff7425c5f2a,yolo,vest,0.8973298072814941,0.08652922511100769,0.21210570335388185,0.19318199157714844,0.3832526683807373
snehilsanyal-main__youtube-682_jpg.rf.1b6032eab51a0902f1d56ff7425c5f2a,yolo,helmet,0.8947288393974304,0.2093275785446167,0.19259837865829468,0.2719379186630249,0.2748275279998779
snehilsanyal-main__youtube-682_jpg.rf.1b6032eab51a0902f1d56ff7425c5f2a,yolo,vest,0.8933591842651367,0.19062893390655516,0.5189677238464355,0.316312837600708,0.7051845073699952
snehilsanyal-main__youtube-682_jpg.rf.1b6032eab51a0902f1d56ff7425c5f2a,yolo,person,0.8835408687591553,0.3273768424987793,0.5083059310913086,0.49577784538269043,0.859162712097168
snehilsanyal-main__youtube-682_jpg.rf.1b6032eab51a0902f1d56ff7425c5f2a,yolo,helmet,0.8767215609550476,0.09808316230773925,0.13432643413543702,0.14625885486602783,0.19376566410064697
snehilsanyal-main__youtube-682_jpg.rf.1b6032eab51a0902f1d56ff7425c5f2a,yolo,helmet,0.8604869842529297,0.30314319133758544,0.08393304347991944,0.35212857723236085,0.1416790246963501
snehilsanyal-main__youtube-682_jpg.rf.1b6032eab51a0902f1d56ff7425c5f2a,yolo,person,0.8579999208450317,0.06786496043205262,0.11847352981567383,0.22157669067382812,0.508307933807373
snehilsanyal-main__youtube-682_jpg.rf.1b6032eab51a0902f1d56ff7425c5f2a,yolo,helmet,0.8546284437179565,0.37929511070251465,0.13683178424835205,0.44034576416015625,0.23112046718597412
snehilsanyal-main__youtube-682_jpg.rf.1b6032eab51a0902f1d56ff7425c5f2a,yolo,vest,0.8522245287895203,0.42463245391845705,0.5097409725189209,0.5002779006958008,0.6403957366943359
snehilsanyal-main__youtube-682_jpg.rf.1b6032eab51a0902f1d56ff7425c5f2a,yolo,vest,0.8295223116874695,0.42276954650878906,0.1863628625869751,0.5000423908233642,0.4099565982818604
snehilsanyal-main__youtube-682_jpg.rf.1b6032eab51a0902f1d56ff7425c5f2a,yolo,helmet,0.8210654258728027,0.015883901715278627,0.15261882543563843,0.06386128067970276,0.21500117778778077
snehilsanyal-main__youtube-682_jpg.rf.1b6032eab51a0902f1d56ff7425c5f2a,yolo,person,0.7884623408317566,0.7604767322540283,0.30901670455932617,0.7786723613739014,0.3500891923904419
snehilsanyal-main__youtube-682_jpg.rf.1b6032eab51a0902f1d56ff7425c5f2a,yolo,person,0.7806352972984314,0.25237240791320803,0.5063299179077149,0.4150745391845703,0.8864623069763183
snehilsanyal-main__youtube-682_jpg.rf.1b6032eab51a0902f1d56ff7425c5f2a,yolo,vest,0.7790831327438354,0.28999853134155273,0.15876340866088867,0.4025746822357178,0.264183497428894
snehilsanyal-main__youtube-682_jpg.rf.1b6032eab51a0902f1d56ff7425c5f2a,yolo,person,0.7624544501304626,0.40017051696777345,0.511029052734375,0.500344705581665,0.8069889068603515
snehilsanyal-main__youtube-682_jpg.rf.1b6032eab51a0902f1d56ff7425c5f2a,yolo,person,0.7284224629402161,0.1328360080718994,0.5029082298278809,0.2721066951751709,0.8712035179138183
snehilsanyal-main__youtube-682_jpg.rf.1b6032eab51a0902f1d56ff7425c5f2a,yolo,helmet,0.7262272834777832,0.2877434015274048,0.12069246768951417,0.3242205619812012,0.16691627502441406
snehilsanyal-main__youtube-682_jpg.rf.1b6032eab51a0902f1d56ff7425c5f2a,yolo,vest,0.6826316118240356,0.2868653774261475,0.1551748991012573,0.4075937747955322,0.27337398529052737
snehilsanyal-main__youtube-682_jpg.rf.1b6032eab51a0902f1d56ff7425c5f2a,yolo,person,0.6765495538711548,0.25269651412963867,0.5065689086914062,0.4144721031188965,0.8987103462219238
snehilsanyal-main__youtube-682_jpg.rf.1b6032eab51a0902f1d56ff7425c5f2a,yolo,vest,0.6652799248695374,0.14386520385742188,0.5123632907867431,0.21906776428222657,0.5961363792419434
snehilsanyal-main__youtube-682_jpg.rf.1b6032eab51a0902f1d56ff7425c5f2a,yolo,person,0.538245439529419,0.4083523750305176,0.5073320388793945,0.5003026008605957,0.8416966438293457
snehilsanyal-main__youtube-682_jpg.rf.1b6032eab51a0902f1d56ff7425c5f2a,yolo,vest,0.534842312335968,0.13931009769439698,0.5199108123779297,0.22648849487304687,0.68284912109375
snehilsanyal-main__youtube-682_jpg.rf.1b6032eab51a0902f1d56ff7425c5f2a,yolo,vest,0.4356430768966675,0.16528024673461914,0.5205705642700196,0.24234583377838134,0.6976398944854736
snehilsanyal-main__youtube-682_jpg.rf.1b6032eab51a0902f1d56ff7425c5f2a,yolo,vest,0.33123183250427246,0.22588663101196288,0.5096556663513183,0.2849339246749878,0.5429435729980469
snehilsanyal-main__youtube-682_jpg.rf.1b6032eab51a0902f1d56ff7425c5f2a,yolo,helmet,0.2786175012588501,0.01007923185825348,0.11169173717498779,0.058803224563598634,0.16485081911087035
snehilsanyal-main__youtube-682_jpg.rf.1b6032eab51a0902f1d56ff7425c5f2a,ollama,person,,,,,
snehilsanyal-main__youtube-682_jpg.rf.1b6032eab51a0902f1d56ff7425c5f2a,ollama,helmet,,,,,
snehilsanyal-main__youtube-682_jpg.rf.1b6032eab51a0902f1d56ff7425c5f2a,ollama,gloves,,,,,
snehilsanyal-main__youtube-682_jpg.rf.1b6032eab51a0902f1d56ff7425c5f2a,ollama,boots,,,,,
snehilsanyal-main__youtube-682_jpg.rf.1b6032eab51a0902f1d56ff7425c5f2a,ollama,vest,,,,,
snehilsanyal-main__youtube-682_jpg.rf.1b6032eab51a0902f1d56ff7425c5f2a,ollama,no-helmet,,,,,
snehilsanyal-main__youtube-682_jpg.rf.1b6032eab51a0902f1d56ff7425c5f2a,ollama,no-gloves,,,,,
snehilsanyal-main__youtube-682_jpg.rf.1b6032eab51a0902f1d56ff7425c5f2a,ollama,no-boots,,,,,
snehilsanyal-main__youtube-682_jpg.rf.1b6032eab51a0902f1d56ff7425c5f2a,qwen3-vl,person,,,,,
snehilsanyal-main__youtube-682_jpg.rf.1b6032eab51a0902f1d56ff7425c5f2a,qwen3-vl,helmet,,,,,
snehilsanyal-main__youtube-682_jpg.rf.1b6032eab51a0902f1d56ff7425c5f2a,qwen3-vl,gloves,,,,,
snehilsanyal-main__youtube-682_jpg.rf.1b6032eab51a0902f1d56ff7425c5f2a,qwen3-vl,boots,,,,,
snehilsanyal-main__youtube-682_jpg.rf.1b6032eab51a0902f1d56ff7425c5f2a,qwen3-vl,vest,,,,,
snehilsanyal-main__youtube-682_jpg.rf.1b6032eab51a0902f1d56ff7425c5f2a,gemma4,person,,,,,
snehilsanyal-main__youtube-682_jpg.rf.1b6032eab51a0902f1d56ff7425c5f2a,gemma4,helmet,,,,,
snehilsanyal-main__youtube-682_jpg.rf.1b6032eab51a0902f1d56ff7425c5f2a,gemma4,gloves,,,,,
snehilsanyal-main__youtube-682_jpg.rf.1b6032eab51a0902f1d56ff7425c5f2a,gemma4,boots,,,,,
snehilsanyal-main__youtube-682_jpg.rf.1b6032eab51a0902f1d56ff7425c5f2a,gemma4,vest,,,,,
snehilsanyal-main__youtube-682_jpg.rf.1b6032eab51a0902f1d56ff7425c5f2a,minicpm-v,person,,,,,
snehilsanyal-main__youtube-682_jpg.rf.1b6032eab51a0902f1d56ff7425c5f2a,minicpm-v,helmet,,,,,
snehilsanyal-main__youtube-682_jpg.rf.1b6032eab51a0902f1d56ff7425c5f2a,minicpm-v,gloves,,,,,
snehilsanyal-main__youtube-682_jpg.rf.1b6032eab51a0902f1d56ff7425c5f2a,minicpm-v,boots,,,,,
snehilsanyal-main__youtube-682_jpg.rf.1b6032eab51a0902f1d56ff7425c5f2a,minicpm-v,vest,,,,,
snehilsanyal-main__youtube-824_jpg.rf.66d684a9888bb29ffe83793dd2ed3528,yolo,person,0.9871693849563599,0.6683930397033692,0.0,1.0,0.6406056404113769
snehilsanyal-main__youtube-824_jpg.rf.66d684a9888bb29ffe83793dd2ed3528,yolo,no-vest,0.9572389125823975,0.6691740036010743,0.29337642192840574,0.9985029220581054,0.6392342567443847
snehilsanyal-main__youtube-824_jpg.rf.66d684a9888bb29ffe83793dd2ed3528,yolo,person,0.9405775666236877,0.06179485321044922,0.6396154403686524,0.4888044834136963,1.0
snehilsanyal-main__youtube-824_jpg.rf.66d684a9888bb29ffe83793dd2ed3528,yolo,vest,0.920246958732605,0.14497250318527222,0.6395356178283691,0.33925442695617675,0.7588118553161621
snehilsanyal-main__youtube-824_jpg.rf.66d684a9888bb29ffe83793dd2ed3528,ollama,person,,,,,
snehilsanyal-main__youtube-824_jpg.rf.66d684a9888bb29ffe83793dd2ed3528,ollama,helmet,,,,,
snehilsanyal-main__youtube-824_jpg.rf.66d684a9888bb29ffe83793dd2ed3528,ollama,gloves,,,,,
snehilsanyal-main__youtube-824_jpg.rf.66d684a9888bb29ffe83793dd2ed3528,ollama,boots,,,,,
snehilsanyal-main__youtube-824_jpg.rf.66d684a9888bb29ffe83793dd2ed3528,ollama,vest,,,,,
snehilsanyal-main__youtube-824_jpg.rf.66d684a9888bb29ffe83793dd2ed3528,ollama,no-gloves,,,,,
snehilsanyal-main__youtube-824_jpg.rf.66d684a9888bb29ffe83793dd2ed3528,qwen3-vl,person,,,,,
snehilsanyal-main__youtube-824_jpg.rf.66d684a9888bb29ffe83793dd2ed3528,qwen3-vl,gloves,,,,,
snehilsanyal-main__youtube-824_jpg.rf.66d684a9888bb29ffe83793dd2ed3528,qwen3-vl,vest,,,,,
snehilsanyal-main__youtube-824_jpg.rf.66d684a9888bb29ffe83793dd2ed3528,gemma4,person,,,,,
snehilsanyal-main__youtube-824_jpg.rf.66d684a9888bb29ffe83793dd2ed3528,gemma4,helmet,,,,,
snehilsanyal-main__youtube-824_jpg.rf.66d684a9888bb29ffe83793dd2ed3528,gemma4,gloves,,,,,
snehilsanyal-main__youtube-824_jpg.rf.66d684a9888bb29ffe83793dd2ed3528,gemma4,boots,,,,,
snehilsanyal-main__youtube-824_jpg.rf.66d684a9888bb29ffe83793dd2ed3528,gemma4,vest,,,,,
snehilsanyal-main__youtube-824_jpg.rf.66d684a9888bb29ffe83793dd2ed3528,minicpm-v,person,,,,,
snehilsanyal-main__youtube-824_jpg.rf.66d684a9888bb29ffe83793dd2ed3528,minicpm-v,gloves,,,,,
snehilsanyal-main__youtube-824_jpg.rf.66d684a9888bb29ffe83793dd2ed3528,minicpm-v,boots,,,,,
snehilsanyal-main__youtube-824_jpg.rf.66d684a9888bb29ffe83793dd2ed3528,minicpm-v,vest,,,,,
snehilsanyal-main__youtube-824_jpg.rf.66d684a9888bb29ffe83793dd2ed3528,minicpm-v,no-helmet,,,,,
