file,model,class_name,present,parse_error
anuragraj03__Nhh_img_193_jpg.rf.2efe1377c575fad6e5632a99ea769798,yolo,person,False,False
anuragraj03__Nhh_img_193_jpg.rf.2efe1377c575fad6e5632a99ea769798,yolo,helmet,True,False
anuragraj03__Nhh_img_193_jpg.rf.2efe1377c575fad6e5632a99ea769798,yolo,gloves,False,False
anuragraj03__Nhh_img_193_jpg.rf.2efe1377c575fad6e5632a99ea769798,yolo,boots,False,False
anuragraj03__Nhh_img_193_jpg.rf.2efe1377c575fad6e5632a99ea769798,yolo,vest,False,False
anuragraj03__Nhh_img_193_jpg.rf.2efe1377c575fad6e5632a99ea769798,yolo,no-helmet,False,False
anuragraj03__Nhh_img_193_jpg.rf.2efe1377c575fad6e5632a99ea769798,yolo,no-gloves,False,False
anuragraj03__Nhh_img_193_jpg.rf.2efe1377c575fad6e5632a99ea769798,yolo,no-boots,False,False
anuragraj03__Nhh_img_193_jpg.rf.2efe1377c575fad6e5632a99ea769798,yolo,no-vest,False,False
anuragraj03__Nhh_img_193_jpg.rf.2efe1377c575fad6e5632a99ea769798,ollama,person,True,False
anuragraj03__Nhh_img_193_jpg.rf.2efe1377c575fad6e5632a99ea769798,ollama,helmet,True,False
anuragraj03__Nhh_img_193_jpg.rf.2efe1377c575fad6e5632a99ea769798,ollama,gloves,False,False
anuragraj03__Nhh_img_193_jpg.rf.2efe1377c575fad6e5632a99ea769798,ollama,boots,False,False
anuragraj03__Nhh_img_193_jpg.rf.2efe1377c575fad6e5632a99ea769798,ollama,vest,True,False
anuragraj03__Nhh_img_193_jpg.rf.2efe1377c575fad6e5632a99ea769798,ollama,no-helmet,False,False
anuragraj03__Nhh_img_193_jpg.rf.2efe1377c575fad6e5632a99ea769798,ollama,no-gloves,True,False
anuragraj03__Nhh_img_193_jpg.rf.2efe1377c575fad6e5632a99ea769798,ollama,no-boots,True,False
anuragraj03__Nhh_img_193_jpg.rf.2efe1377c575fad6e5632a99ea769798,ollama,no-vest,False,False
anuragraj03__Nhh_img_193_jpg.rf.2efe1377c575fad6e5632a99ea769798,qwen3-vl,person,True,False
anuragraj03__Nhh_img_193_jpg.rf.2efe1377c575fad6e5632a99ea769798,qwen3-vl,helmet,True,False
anuragraj03__Nhh_img_193_jpg.rf.2efe1377c575fad6e5632a99ea769798,qwen3-vl,gloves,False,False
anuragraj03__Nhh_img_193_jpg.rf.2efe1377c575fad6e5632a99ea769798,qwen3-vl,boots,True,False
anuragraj03__Nhh_img_193_jpg.rf.2efe1377c575fad6e5632a99ea769798,qwen3-vl,vest,False,False
anuragraj03__Nhh_img_193_jpg.rf.2efe1377c575fad6e5632a99ea769798,qwen3-vl,no-helmet,False,False
anuragraj03__Nhh_img_193_jpg.rf.2efe1377c575fad6e5632a99ea769798,qwen3-vl,no-gloves,True,False
anuragraj03__Nhh_img_193_jpg.rf.2efe1377c575fad6e5632a99ea769798,qwen3-vl,no-boots,False,False
anuragraj03__Nhh_img_193_jpg.rf.2efe1377c575fad6e5632a99ea769798,qwen3-vl,no-vest,False,False
anuragraj03__Nhh_img_193_jpg.rf.2efe1377c575fad6e5632a99ea769798,gemma4,person,True,False
anuragraj03__Nhh_img_193_jpg.rf.2efe1377c575fad6e5632a99ea769798,gemma4,helmet,True,False
anuragraj03__Nhh_img_193_jpg.rf.2efe1377c575fad6e5632a99ea769798,gemma4,gloves,False,False
anuragraj03__Nhh_img_193_jpg.rf.2efe1377c575fad6e5632a99ea769798,gemma4,boots,True,False
anuragraj03__Nhh_img_193_jpg.rf.2efe1377c575fad6e5632a99ea769798,gemma4,vest,False,False
anuragraj03__Nhh_img_193_jpg.rf.2efe1377c575fad6e5632a99ea769798,gemma4,no-helmet,False,False
anuragraj03__Nhh_img_193_jpg.rf.2efe1377c575fad6e5632a99ea769798,gemma4,no-gloves,True,False
anuragraj03__Nhh_img_193_jpg.rf.2efe1377c575fad6e5632a99ea769798,gemma4,no-boots,False,False
anuragraj03__Nhh_img_193_jpg.rf.2efe1377c575fad6e5632a99ea769798,gemma4,no-vest,True,False
anuragraj03__Nhh_img_193_jpg.rf.2efe1377c575fad6e5632a99ea769798,minicpm-v,person,True,False
anuragraj03__Nhh_img_193_jpg.rf.2efe1377c575fad6e5632a99ea769798,minicpm-v,helmet,True,False
anuragraj03__Nhh_img_193_jpg.rf.2efe1377c575fad6e5632a99ea769798,minicpm-v,gloves,True,False
anuragraj03__Nhh_img_193_jpg.rf.2efe1377c575fad6e5632a99ea769798,minicpm-v,boots,False,False
anuragraj03__Nhh_img_193_jpg.rf.2efe1377c575fad6e5632a99ea769798,minicpm-v,vest,False,False
anuragraj03__Nhh_img_193_jpg.rf.2efe1377c575fad6e5632a99ea769798,minicpm-v,no-helmet,False,False
anuragraj03__Nhh_img_193_jpg.rf.2efe1377c575fad6e5632a99ea769798,minicpm-v,no-gloves,False,False
anuragraj03__Nhh_img_193_jpg.rf.2efe1377c575fad6e5632a99ea769798,minicpm-v,no-boots,True,False
anuragraj03__Nhh_img_193_jpg.rf.2efe1377c575fad6e5632a99ea769798,minicpm-v,no-vest,False,False
anuragraj03__PP02img1002_jpg.rf.62e25de0e2eeb6b0861ca6a12222ad20,yolo,person,False,False
anuragraj03__PP02img1002_jpg.rf.62e25de0e2eeb6b0861ca6a12222ad20,yolo,helmet,False,False
anuragraj03__PP02img1002_jpg.rf.62e25de0e2eeb6b0861ca6a12222ad20,yolo,gloves,True,False
anuragraj03__PP02img1002_jpg.rf.62e25de0e2eeb6b0861ca6a12222ad20,yolo,boots,False,False
anuragraj03__PP02img1002_jpg.rf.62e25de0e2eeb6b0861ca6a12222ad20,yolo,vest,False,False
anuragraj03__PP02img1002_jpg.rf.62e25de0e2eeb6b0861ca6a12222ad20,yolo,no-helmet,False,False
anuragraj03__PP02img1002_jpg.rf.62e25de0e2eeb6b0861ca6a12222ad20,yolo,no-gloves,True,False
anuragraj03__PP02img1002_jpg.rf.62e25de0e2eeb6b0861ca6a12222ad20,yolo,no-boots,False,False
anuragraj03__PP02img1002_jpg.rf.62e25de0e2eeb6b0861ca6a12222ad20,yolo,no-vest,False,False
anuragraj03__PP02img1002_jpg.rf.62e25de0e2eeb6b0861ca6a12222ad20,ollama,person,True,False
anuragraj03__PP02img1002_jpg.rf.62e25de0e2eeb6b0861ca6a12222ad20,ollama,helmet,False,False
anuragraj03__PP02img1002_jpg.rf.62e25de0e2eeb6b0861ca6a12222ad20,ollama,gloves,False,False
anuragraj03__PP02img1002_jpg.rf.62e25de0e2eeb6b0861ca6a12222ad20,ollama,boots,False,False
anuragraj03__PP02img1002_jpg.rf.62e25de0e2eeb6b0861ca6a12222ad20,ollama,vest,False,False
anuragraj03__PP02img1002_jpg.rf.62e25de0e2eeb6b0861ca6a12222ad20,ollama,no-helmet,False,False
anuragraj03__PP02img1002_jpg.rf.62e25de0e2eeb6b0861ca6a12222ad20,ollama,no-gloves,False,False
anuragraj03__PP02img1002_jpg.rf.62e25de0e2eeb6b0861ca6a12222ad20,ollama,no-boots,False,False
anuragraj03__PP02img1002_jpg.rf.62e25de0e2eeb6b0861ca6a12222ad20,ollama,no-vest,False,False
anuragraj03__PP02img1002_jpg.rf.62e25de0e2eeb6b0861ca6a12222ad20,qwen3-vl,person,True,False
anuragraj03__PP02img1002_jpg.rf.62e25de0e2eeb6b0861ca6a12222ad20,qwen3-vl,helmet,False,False
anuragraj03__PP02img1002_jpg.rf.62e25de0e2eeb6b0861ca6a12222ad20,qwen3-vl,gloves,True,False
anuragraj03__PP02img1002_jpg.rf.62e25de0e2eeb6b0861ca6a12222ad20,qwen3-vl,boots,False,False
anuragraj03__PP02img1002_jpg.rf.62e25de0e2eeb6b0861ca6a12222ad20,qwen3-vl,vest,False,False
anuragraj03__PP02img1002_jpg.rf.62e25de0e2eeb6b0861ca6a12222ad20,qwen3-vl,no-helmet,True,False
anuragraj03__PP02img1002_jpg.rf.62e25de0e2eeb6b0861ca6a12222ad20,qwen3-vl,no-gloves,False,False
anuragraj03__PP02img1002_jpg.rf.62e25de0e2eeb6b0861ca6a12222ad20,qwen3-vl,no-boots,True,False
anuragraj03__PP02img1002_jpg.rf.62e25de0e2eeb6b0861ca6a12222ad20,qwen3-vl,no-vest,True,False
anuragraj03__PP02img1002_jpg.rf.62e25de0e2eeb6b0861ca6a12222ad20,gemma4,person,True,False
anuragraj03__PP02img1002_jpg.rf.62e25de0e2eeb6b0861ca6a12222ad20,gemma4,helmet,True,False
anuragraj03__PP02img1002_jpg.rf.62e25de0e2eeb6b0861ca6a12222ad20,gemma4,gloves,True,False
anuragraj03__PP02img1002_jpg.rf.62e25de0e2eeb6b0861ca6a12222ad20,gemma4,boots,True,False
anuragraj03__PP02img1002_jpg.rf.62e25de0e2eeb6b0861ca6a12222ad20,gemma4,vest,True,False
anuragraj03__PP02img1002_jpg.rf.62e25de0e2eeb6b0861ca6a12222ad20,gemma4,no-helmet,False,False
anuragraj03__PP02img1002_jpg.rf.62e25de0e2eeb6b0861ca6a12222ad20,gemma4,no-gloves,False,False
anuragraj03__PP02img1002_jpg.rf.62e25de0e2eeb6b0861ca6a12222ad20,gemma4,no-boots,False,False
anuragraj03__PP02img1002_jpg.rf.62e25de0e2eeb6b0861ca6a12222ad20,gemma4,no-vest,False,False
anuragraj03__PP02img1002_jpg.rf.62e25de0e2eeb6b0861ca6a12222ad20,minicpm-v,person,True,False
anuragraj03__PP02img1002_jpg.rf.62e25de0e2eeb6b0861ca6a12222ad20,minicpm-v,helmet,False,False
anuragraj03__PP02img1002_jpg.rf.62e25de0e2eeb6b0861ca6a12222ad20,minicpm-v,gloves,True,False
anuragraj03__PP02img1002_jpg.rf.62e25de0e2eeb6b0861ca6a12222ad20,minicpm-v,boots,True,False
anuragraj03__PP02img1002_jpg.rf.62e25de0e2eeb6b0861ca6a12222ad20,minicpm-v,vest,False,False
anuragraj03__PP02img1002_jpg.rf.62e25de0e2eeb6b0861ca6a12222ad20,minicpm-v,no-helmet,False,False
anuragraj03__PP02img1002_jpg.rf.62e25de0e2eeb6b0861ca6a12222ad20,minicpm-v,no-gloves,False,False
anuragraj03__PP02img1002_jpg.rf.62e25de0e2eeb6b0861ca6a12222ad20,minicpm-v,no-boots,False,False
anuragraj03__PP02img1002_jpg.rf.62e25de0e2eeb6b0861ca6a12222ad20,minicpm-v,no-vest,False,False
anuragraj03__PP02img471_jpg.rf.1677e50491967a23c5f760cea6600487,yolo,person,False,False
anuragraj03__PP02img471_jpg.rf.1677e50491967a23c5f760cea6600487,yolo,helmet,False,False
anuragraj03__PP02img471_jpg.rf.1677e50491967a23c5f760cea6600487,yolo,gloves,True,False
anuragraj03__PP02img471_jpg.rf.1677e50491967a23c5f760cea6600487,yolo,boots,False,False
anuragraj03__PP02img471_jpg.rf.1677e50491967a23c5f760cea6600487,yolo,vest,False,False
anuragraj03__PP02img471_jpg.rf.1677e50491967a23c5f760cea6600487,yolo,no-helmet,False,False
anuragraj03__PP02img471_jpg.rf.1677e50491967a23c5f760cea6600487,yolo,no-gloves,True,False
anuragraj03__PP02img471_jpg.rf.1677e50491967a23c5f760cea6600487,yolo,no-boots,False,False
anuragraj03__PP02img471_jpg.rf.1677e50491967a23c5f760cea6600487,yolo,no-vest,False,False
anuragraj03__PP02img471_jpg.rf.1677e50491967a23c5f760cea6600487,ollama,person,True,False
anuragraj03__PP02img471_jpg.rf.1677e50491967a23c5f760cea6600487,ollama,helmet,True,False
anuragraj03__PP02img471_jpg.rf.1677e50491967a23c5f760cea6600487,ollama,gloves,False,False
anuragraj03__PP02img471_jpg.rf.1677e50491967a23c5f760cea6600487,ollama,boots,True,False
anuragraj03__PP02img471_jpg.rf.1677e50491967a23c5f760cea6600487,ollama,vest,True,False
anuragraj03__PP02img471_jpg.rf.1677e50491967a23c5f760cea6600487,ollama,no-helmet,True,False
anuragraj03__PP02img471_jpg.rf.1677e50491967a23c5f760cea6600487,ollama,no-gloves,True,False
anuragraj03__PP02img471_jpg.rf.1677e50491967a23c5f760cea6600487,ollama,no-boots,False,False
anuragraj03__PP02img471_jpg.rf.1677e50491967a23c5f760cea6600487,ollama,no-vest,False,False
anuragraj03__PP02img471_jpg.rf.1677e50491967a23c5f760cea6600487,qwen3-vl,person,True,False
anuragraj03__PP02img471_jpg.rf.1677e50491967a23c5f760cea6600487,qwen3-vl,helmet,False,False
anuragraj03__PP02img471_jpg.rf.1677e50491967a23c5f760cea6600487,qwen3-vl,gloves,True,False
anuragraj03__PP02img471_jpg.rf.1677e50491967a23c5f760cea6600487,qwen3-vl,boots,False,False
anuragraj03__PP02img471_jpg.rf.1677e50491967a23c5f760cea6600487,qwen3-vl,vest,False,False
anuragraj03__PP02img471_jpg.rf.1677e50491967a23c5f760cea6600487,qwen3-vl,no-helmet,True,False
anuragraj03__PP02img471_jpg.rf.1677e50491967a23c5f760cea6600487,qwen3-vl,no-gloves,False,False
anuragraj03__PP02img471_jpg.rf.1677e50491967a23c5f760cea6600487,qwen3-vl,no-boots,True,False
anuragraj03__PP02img471_jpg.rf.1677e50491967a23c5f760cea6600487,qwen3-vl,no-vest,False,False
anuragraj03__PP02img471_jpg.rf.1677e50491967a23c5f760cea6600487,gemma4,person,True,False
anuragraj03__PP02img471_jpg.rf.1677e50491967a23c5f760cea6600487,gemma4,helmet,True,False
anuragraj03__PP02img471_jpg.rf.1677e50491967a23c5f760cea6600487,gemma4,gloves,True,False
anuragraj03__PP02img471_jpg.rf.1677e50491967a23c5f760cea6600487,gemma4,boots,True,False
anuragraj03__PP02img471_jpg.rf.1677e50491967a23c5f760cea6600487,gemma4,vest,True,False
anuragraj03__PP02img471_jpg.rf.1677e50491967a23c5f760cea6600487,gemma4,no-helmet,False,False
anuragraj03__PP02img471_jpg.rf.1677e50491967a23c5f760cea6600487,gemma4,no-gloves,False,False
anuragraj03__PP02img471_jpg.rf.1677e50491967a23c5f760cea6600487,gemma4,no-boots,False,False
anuragraj03__PP02img471_jpg.rf.1677e50491967a23c5f760cea6600487,gemma4,no-vest,False,False
anuragraj03__PP02img471_jpg.rf.1677e50491967a23c5f760cea6600487,minicpm-v,person,True,False
anuragraj03__PP02img471_jpg.rf.1677e50491967a23c5f760cea6600487,minicpm-v,helmet,False,False
anuragraj03__PP02img471_jpg.rf.1677e50491967a23c5f760cea6600487,minicpm-v,gloves,False,False
anuragraj03__PP02img471_jpg.rf.1677e50491967a23c5f760cea6600487,minicpm-v,boots,True,False
anuragraj03__PP02img471_jpg.rf.1677e50491967a23c5f760cea6600487,minicpm-v,vest,False,False
anuragraj03__PP02img471_jpg.rf.1677e50491967a23c5f760cea6600487,minicpm-v,no-helmet,True,False
anuragraj03__PP02img471_jpg.rf.1677e50491967a23c5f760cea6600487,minicpm-v,no-gloves,True,False
anuragraj03__PP02img471_jpg.rf.1677e50491967a23c5f760cea6600487,minicpm-v,no-boots,False,False
anuragraj03__PP02img471_jpg.rf.1677e50491967a23c5f760cea6600487,minicpm-v,no-vest,True,False
anuragraj03__PP02img667_jpg.rf.614a317243fabb7bd326e8d6437b42e4,yolo,person,False,False
anuragraj03__PP02img667_jpg.rf.614a317243fabb7bd326e8d6437b42e4,yolo,helmet,False,False
anuragraj03__PP02img667_jpg.rf.614a317243fabb7bd326e8d6437b42e4,yolo,gloves,False,False
anuragraj03__PP02img667_jpg.rf.614a317243fabb7bd326e8d6437b42e4,yolo,boots,False,False
anuragraj03__PP02img667_jpg.rf.614a317243fabb7bd326e8d6437b42e4,yolo,vest,False,False
anuragraj03__PP02img667_jpg.rf.614a317243fabb7bd326e8d6437b42e4,yolo,no-helmet,False,False
anuragraj03__PP02img667_jpg.rf.614a317243fabb7bd326e8d6437b42e4,yolo,no-gloves,True,False
anuragraj03__PP02img667_jpg.rf.614a317243fabb7bd326e8d6437b42e4,yolo,no-boots,False,False
anuragraj03__PP02img667_jpg.rf.614a317243fabb7bd326e8d6437b42e4,yolo,no-vest,False,False
anuragraj03__PP02img667_jpg.rf.614a317243fabb7bd326e8d6437b42e4,ollama,person,True,False
anuragraj03__PP02img667_jpg.rf.614a317243fabb7bd326e8d6437b42e4,ollama,helmet,False,False
anuragraj03__PP02img667_jpg.rf.614a317243fabb7bd326e8d6437b42e4,ollama,gloves,False,False
anuragraj03__PP02img667_jpg.rf.614a317243fabb7bd326e8d6437b42e4,ollama,boots,False,False
anuragraj03__PP02img667_jpg.rf.614a317243fabb7bd326e8d6437b42e4,ollama,vest,True,False
anuragraj03__PP02img667_jpg.rf.614a317243fabb7bd326e8d6437b42e4,ollama,no-helmet,True,False
anuragraj03__PP02img667_jpg.rf.614a317243fabb7bd326e8d6437b42e4,ollama,no-gloves,True,False
anuragraj03__PP02img667_jpg.rf.614a317243fabb7bd326e8d6437b42e4,ollama,no-boots,True,False
anuragraj03__PP02img667_jpg.rf.614a317243fabb7bd326e8d6437b42e4,ollama,no-vest,False,False
anuragraj03__PP02img667_jpg.rf.614a317243fabb7bd326e8d6437b42e4,qwen3-vl,person,True,False
anuragraj03__PP02img667_jpg.rf.614a317243fabb7bd326e8d6437b42e4,qwen3-vl,helmet,False,False
anuragraj03__PP02img667_jpg.rf.614a317243fabb7bd326e8d6437b42e4,qwen3-vl,gloves,False,False
anuragraj03__PP02img667_jpg.rf.614a317243fabb7bd326e8d6437b42e4,qwen3-vl,boots,False,False
anuragraj03__PP02img667_jpg.rf.614a317243fabb7bd326e8d6437b42e4,qwen3-vl,vest,False,False
anuragraj03__PP02img667_jpg.rf.614a317243fabb7bd326e8d6437b42e4,qwen3-vl,no-helmet,True,False
anuragraj03__PP02img667_jpg.rf.614a317243fabb7bd326e8d6437b42e4,qwen3-vl,no-gloves,True,False
anuragraj03__PP02img667_jpg.rf.614a317243fabb7bd326e8d6437b42e4,qwen3-vl,no-boots,True,False
anuragraj03__PP02img667_jpg.rf.614a317243fabb7bd326e8d6437b42e4,qwen3-vl,no-vest,True,False
anuragraj03__PP02img667_jpg.rf.614a317243fabb7bd326e8d6437b42e4,gemma4,person,True,False
anuragraj03__PP02img667_jpg.rf.614a317243fabb7bd326e8d6437b42e4,gemma4,helmet,True,False
anuragraj03__PP02img667_jpg.rf.614a317243fabb7bd326e8d6437b42e4,gemma4,gloves,True,False
anuragraj03__PP02img667_jpg.rf.614a317243fabb7bd326e8d6437b42e4,gemma4,boots,True,False
anuragraj03__PP02img667_jpg.rf.614a317243fabb7bd326e8d6437b42e4,gemma4,vest,True,False
anuragraj03__PP02img667_jpg.rf.614a317243fabb7bd326e8d6437b42e4,gemma4,no-helmet,False,False
anuragraj03__PP02img667_jpg.rf.614a317243fabb7bd326e8d6437b42e4,gemma4,no-gloves,False,False
anuragraj03__PP02img667_jpg.rf.614a317243fabb7bd326e8d6437b42e4,gemma4,no-boots,False,False
anuragraj03__PP02img667_jpg.rf.614a317243fabb7bd326e8d6437b42e4,gemma4,no-vest,False,False
anuragraj03__PP02img667_jpg.rf.614a317243fabb7bd326e8d6437b42e4,minicpm-v,person,True,False
anuragraj03__PP02img667_jpg.rf.614a317243fabb7bd326e8d6437b42e4,minicpm-v,helmet,False,False
anuragraj03__PP02img667_jpg.rf.614a317243fabb7bd326e8d6437b42e4,minicpm-v,gloves,False,False
anuragraj03__PP02img667_jpg.rf.614a317243fabb7bd326e8d6437b42e4,minicpm-v,boots,False,False
anuragraj03__PP02img667_jpg.rf.614a317243fabb7bd326e8d6437b42e4,minicpm-v,vest,False,False
anuragraj03__PP02img667_jpg.rf.614a317243fabb7bd326e8d6437b42e4,minicpm-v,no-helmet,False,False
anuragraj03__PP02img667_jpg.rf.614a317243fabb7bd326e8d6437b42e4,minicpm-v,no-gloves,True,False
anuragraj03__PP02img667_jpg.rf.614a317243fabb7bd326e8d6437b42e4,minicpm-v,no-boots,True,False
anuragraj03__PP02img667_jpg.rf.614a317243fabb7bd326e8d6437b42e4,minicpm-v,no-vest,True,False
anuragraj03__PPE_Data_181_jpg.rf.33359be7c33dbdaf16c2007f9092286a,yolo,person,False,False
anuragraj03__PPE_Data_181_jpg.rf.33359be7c33dbdaf16c2007f9092286a,yolo,helmet,False,False
anuragraj03__PPE_Data_181_jpg.rf.33359be7c33dbdaf16c2007f9092286a,yolo,gloves,False,False
anuragraj03__PPE_Data_181_jpg.rf.33359be7c33dbdaf16c2007f9092286a,yolo,boots,True,False
anuragraj03__PPE_Data_181_jpg.rf.33359be7c33dbdaf16c2007f9092286a,yolo,vest,False,False
anuragraj03__PPE_Data_181_jpg.rf.33359be7c33dbdaf16c2007f9092286a,yolo,no-helmet,False,False
anuragraj03__PPE_Data_181_jpg.rf.33359be7c33dbdaf16c2007f9092286a,yolo,no-gloves,True,False
anuragraj03__PPE_Data_181_jpg.rf.33359be7c33dbdaf16c2007f9092286a,yolo,no-boots,False,False
anuragraj03__PPE_Data_181_jpg.rf.33359be7c33dbdaf16c2007f9092286a,yolo,no-vest,False,False
anuragraj03__PPE_Data_181_jpg.rf.33359be7c33dbdaf16c2007f9092286a,ollama,person,True,False
anuragraj03__PPE_Data_181_jpg.rf.33359be7c33dbdaf16c2007f9092286a,ollama,helmet,False,False
anuragraj03__PPE_Data_181_jpg.rf.33359be7c33dbdaf16c2007f9092286a,ollama,gloves,False,False
anuragraj03__PPE_Data_181_jpg.rf.33359be7c33dbdaf16c2007f9092286a,ollama,boots,True,False
anuragraj03__PPE_Data_181_jpg.rf.33359be7c33dbdaf16c2007f9092286a,ollama,vest,False,False
anuragraj03__PPE_Data_181_jpg.rf.33359be7c33dbdaf16c2007f9092286a,ollama,no-helmet,False,False
anuragraj03__PPE_Data_181_jpg.rf.33359be7c33dbdaf16c2007f9092286a,ollama,no-gloves,False,False
anuragraj03__PPE_Data_181_jpg.rf.33359be7c33dbdaf16c2007f9092286a,ollama,no-boots,False,False
anuragraj03__PPE_Data_181_jpg.rf.33359be7c33dbdaf16c2007f9092286a,ollama,no-vest,False,False
anuragraj03__PPE_Data_181_jpg.rf.33359be7c33dbdaf16c2007f9092286a,qwen3-vl,person,True,False
anuragraj03__PPE_Data_181_jpg.rf.33359be7c33dbdaf16c2007f9092286a,qwen3-vl,helmet,False,False
anuragraj03__PPE_Data_181_jpg.rf.33359be7c33dbdaf16c2007f9092286a,qwen3-vl,gloves,False,False
anuragraj03__PPE_Data_181_jpg.rf.33359be7c33dbdaf16c2007f9092286a,qwen3-vl,boots,True,False
anuragraj03__PPE_Data_181_jpg.rf.33359be7c33dbdaf16c2007f9092286a,qwen3-vl,vest,False,False
anuragraj03__PPE_Data_181_jpg.rf.33359be7c33dbdaf16c2007f9092286a,qwen3-vl,no-helmet,False,False
anuragraj03__PPE_Data_181_jpg.rf.33359be7c33dbdaf16c2007f9092286a,qwen3-vl,no-gloves,True,False
anuragraj03__PPE_Data_181_jpg.rf.33359be7c33dbdaf16c2007f9092286a,qwen3-vl,no-boots,False,False
anuragraj03__PPE_Data_181_jpg.rf.33359be7c33dbdaf16c2007f9092286a,qwen3-vl,no-vest,False,False
anuragraj03__PPE_Data_181_jpg.rf.33359be7c33dbdaf16c2007f9092286a,gemma4,person,True,False
anuragraj03__PPE_Data_181_jpg.rf.33359be7c33dbdaf16c2007f9092286a,gemma4,helmet,False,False
anuragraj03__PPE_Data_181_jpg.rf.33359be7c33dbdaf16c2007f9092286a,gemma4,gloves,False,False
anuragraj03__PPE_Data_181_jpg.rf.33359be7c33dbdaf16c2007f9092286a,gemma4,boots,True,False
anuragraj03__PPE_Data_181_jpg.rf.33359be7c33dbdaf16c2007f9092286a,gemma4,vest,True,False
anuragraj03__PPE_Data_181_jpg.rf.33359be7c33dbdaf16c2007f9092286a,gemma4,no-helmet,False,False
anuragraj03__PPE_Data_181_jpg.rf.33359be7c33dbdaf16c2007f9092286a,gemma4,no-gloves,True,False
anuragraj03__PPE_Data_181_jpg.rf.33359be7c33dbdaf16c2007f9092286a,gemma4,no-boots,False,False
anuragraj03__PPE_Data_181_jpg.rf.33359be7c33dbdaf16c2007f9092286a,gemma4,no-vest,False,False
anuragraj03__PPE_Data_181_jpg.rf.33359be7c33dbdaf16c2007f9092286a,minicpm-v,person,True,False
anuragraj03__PPE_Data_181_jpg.rf.33359be7c33dbdaf16c2007f9092286a,minicpm-v,helmet,True,False
anuragraj03__PPE_Data_181_jpg.rf.33359be7c33dbdaf16c2007f9092286a,minicpm-v,gloves,True,False
anuragraj03__PPE_Data_181_jpg.rf.33359be7c33dbdaf16c2007f9092286a,minicpm-v,boots,True,False
anuragraj03__PPE_Data_181_jpg.rf.33359be7c33dbdaf16c2007f9092286a,minicpm-v,vest,False,False
anuragraj03__PPE_Data_181_jpg.rf.33359be7c33dbdaf16c2007f9092286a,minicpm-v,no-helmet,False,False
anuragraj03__PPE_Data_181_jpg.rf.33359be7c33dbdaf16c2007f9092286a,minicpm-v,no-gloves,False,False
anuragraj03__PPE_Data_181_jpg.rf.33359be7c33dbdaf16c2007f9092286a,minicpm-v,no-boots,False,False
anuragraj03__PPE_Data_181_jpg.rf.33359be7c33dbdaf16c2007f9092286a,minicpm-v,no-vest,True,False
anuragraj03__fglov146_jpg.rf.bcbaf7ab2a974cb248a8c723a7d499e5,yolo,person,False,False
anuragraj03__fglov146_jpg.rf.bcbaf7ab2a974cb248a8c723a7d499e5,yolo,helmet,False,False
anuragraj03__fglov146_jpg.rf.bcbaf7ab2a974cb248a8c723a7d499e5,yolo,gloves,True,False
anuragraj03__fglov146_jpg.rf.bcbaf7ab2a974cb248a8c723a7d499e5,yolo,boots,False,False
anuragraj03__fglov146_jpg.rf.bcbaf7ab2a974cb248a8c723a7d499e5,yolo,vest,False,False
anuragraj03__fglov146_jpg.rf.bcbaf7ab2a974cb248a8c723a7d499e5,yolo,no-helmet,False,False
anuragraj03__fglov146_jpg.rf.bcbaf7ab2a974cb248a8c723a7d499e5,yolo,no-gloves,True,False
anuragraj03__fglov146_jpg.rf.bcbaf7ab2a974cb248a8c723a7d499e5,yolo,no-boots,False,False
anuragraj03__fglov146_jpg.rf.bcbaf7ab2a974cb248a8c723a7d499e5,yolo,no-vest,False,False
anuragraj03__fglov146_jpg.rf.bcbaf7ab2a974cb248a8c723a7d499e5,ollama,person,True,False
anuragraj03__fglov146_jpg.rf.bcbaf7ab2a974cb248a8c723a7d499e5,ollama,helmet,False,False
anuragraj03__fglov146_jpg.rf.bcbaf7ab2a974cb248a8c723a7d499e5,ollama,gloves,True,False
anuragraj03__fglov146_jpg.rf.bcbaf7ab2a974cb248a8c723a7d499e5,ollama,boots,False,False
anuragraj03__fglov146_jpg.rf.bcbaf7ab2a974cb248a8c723a7d499e5,ollama,vest,False,False
anuragraj03__fglov146_jpg.rf.bcbaf7ab2a974cb248a8c723a7d499e5,ollama,no-helmet,True,False
anuragraj03__fglov146_jpg.rf.bcbaf7ab2a974cb248a8c723a7d499e5,ollama,no-gloves,True,False
anuragraj03__fglov146_jpg.rf.bcbaf7ab2a974cb248a8c723a7d499e5,ollama,no-boots,True,False
anuragraj03__fglov146_jpg.rf.bcbaf7ab2a974cb248a8c723a7d499e5,ollama,no-vest,True,False
anuragraj03__fglov146_jpg.rf.bcbaf7ab2a974cb248a8c723a7d499e5,qwen3-vl,person,True,False
anuragraj03__fglov146_jpg.rf.bcbaf7ab2a974cb248a8c723a7d499e5,qwen3-vl,helmet,False,False
anuragraj03__fglov146_jpg.rf.bcbaf7ab2a974cb248a8c723a7d499e5,qwen3-vl,gloves,True,False
anuragraj03__fglov146_jpg.rf.bcbaf7ab2a974cb248a8c723a7d499e5,qwen3-vl,boots,False,False
anuragraj03__fglov146_jpg.rf.bcbaf7ab2a974cb248a8c723a7d499e5,qwen3-vl,vest,False,False
anuragraj03__fglov146_jpg.rf.bcbaf7ab2a974cb248a8c723a7d499e5,qwen3-vl,no-helmet,False,False
anuragraj03__fglov146_jpg.rf.bcbaf7ab2a974cb248a8c723a7d499e5,qwen3-vl,no-gloves,False,False
anuragraj03__fglov146_jpg.rf.bcbaf7ab2a974cb248a8c723a7d499e5,qwen3-vl,no-boots,False,False
anuragraj03__fglov146_jpg.rf.bcbaf7ab2a974cb248a8c723a7d499e5,qwen3-vl,no-vest,False,False
anuragraj03__fglov146_jpg.rf.bcbaf7ab2a974cb248a8c723a7d499e5,gemma4,person,True,False
anuragraj03__fglov146_jpg.rf.bcbaf7ab2a974cb248a8c723a7d499e5,gemma4,helmet,True,False
anuragraj03__fglov146_jpg.rf.bcbaf7ab2a974cb248a8c723a7d499e5,gemma4,gloves,True,False
anuragraj03__fglov146_jpg.rf.bcbaf7ab2a974cb248a8c723a7d499e5,gemma4,boots,True,False
anuragraj03__fglov146_jpg.rf.bcbaf7ab2a974cb248a8c723a7d499e5,gemma4,vest,True,False
anuragraj03__fglov146_jpg.rf.bcbaf7ab2a974cb248a8c723a7d499e5,gemma4,no-helmet,False,False
anuragraj03__fglov146_jpg.rf.bcbaf7ab2a974cb248a8c723a7d499e5,gemma4,no-gloves,False,False
anuragraj03__fglov146_jpg.rf.bcbaf7ab2a974cb248a8c723a7d499e5,gemma4,no-boots,False,False
anuragraj03__fglov146_jpg.rf.bcbaf7ab2a974cb248a8c723a7d499e5,gemma4,no-vest,False,False
anuragraj03__fglov146_jpg.rf.bcbaf7ab2a974cb248a8c723a7d499e5,minicpm-v,person,True,False
anuragraj03__fglov146_jpg.rf.bcbaf7ab2a974cb248a8c723a7d499e5,minicpm-v,helmet,False,False
anuragraj03__fglov146_jpg.rf.bcbaf7ab2a974cb248a8c723a7d499e5,minicpm-v,gloves,True,False
anuragraj03__fglov146_jpg.rf.bcbaf7ab2a974cb248a8c723a7d499e5,minicpm-v,boots,True,False
anuragraj03__fglov146_jpg.rf.bcbaf7ab2a974cb248a8c723a7d499e5,minicpm-v,vest,False,False
anuragraj03__fglov146_jpg.rf.bcbaf7ab2a974cb248a8c723a7d499e5,minicpm-v,no-helmet,True,False
anuragraj03__fglov146_jpg.rf.bcbaf7ab2a974cb248a8c723a7d499e5,minicpm-v,no-gloves,False,False
anuragraj03__fglov146_jpg.rf.bcbaf7ab2a974cb248a8c723a7d499e5,minicpm-v,no-boots,False,False
anuragraj03__fglov146_jpg.rf.bcbaf7ab2a974cb248a8c723a7d499e5,minicpm-v,no-vest,True,False
anuragraj03__frame00001_png.rf.29c19a377463f435a3438130aca75f85,yolo,person,False,False
anuragraj03__frame00001_png.rf.29c19a377463f435a3438130aca75f85,yolo,helmet,True,False
anuragraj03__frame00001_png.rf.29c19a377463f435a3438130aca75f85,yolo,gloves,True,False
anuragraj03__frame00001_png.rf.29c19a377463f435a3438130aca75f85,yolo,boots,True,False
anuragraj03__frame00001_png.rf.29c19a377463f435a3438130aca75f85,yolo,vest,False,False
anuragraj03__frame00001_png.rf.29c19a377463f435a3438130aca75f85,yolo,no-helmet,False,False
anuragraj03__frame00001_png.rf.29c19a377463f435a3438130aca75f85,yolo,no-gloves,False,False
anuragraj03__frame00001_png.rf.29c19a377463f435a3438130aca75f85,yolo,no-boots,True,False
anuragraj03__frame00001_png.rf.29c19a377463f435a3438130aca75f85,yolo,no-vest,False,False
anuragraj03__frame00001_png.rf.29c19a377463f435a3438130aca75f85,ollama,person,True,False
anuragraj03__frame00001_png.rf.29c19a377463f435a3438130aca75f85,ollama,helmet,True,False
anuragraj03__frame00001_png.rf.29c19a377463f435a3438130aca75f85,ollama,gloves,True,False
anuragraj03__frame00001_png.rf.29c19a377463f435a3438130aca75f85,ollama,boots,True,False
anuragraj03__frame00001_png.rf.29c19a377463f435a3438130aca75f85,ollama,vest,True,False
anuragraj03__frame00001_png.rf.29c19a377463f435a3438130aca75f85,ollama,no-helmet,True,False
anuragraj03__frame00001_png.rf.29c19a377463f435a3438130aca75f85,ollama,no-gloves,True,False
anuragraj03__frame00001_png.rf.29c19a377463f435a3438130aca75f85,ollama,no-boots,True,False
anuragraj03__frame00001_png.rf.29c19a377463f435a3438130aca75f85,ollama,no-vest,False,False
anuragraj03__frame00001_png.rf.29c19a377463f435a3438130aca75f85,qwen3-vl,person,True,False
anuragraj03__frame00001_png.rf.29c19a377463f435a3438130aca75f85,qwen3-vl,helmet,True,False
anuragraj03__frame00001_png.rf.29c19a377463f435a3438130aca75f85,qwen3-vl,gloves,True,False
anuragraj03__frame00001_png.rf.29c19a377463f435a3438130aca75f85,qwen3-vl,boots,True,False
anuragraj03__frame00001_png.rf.29c19a377463f435a3438130aca75f85,qwen3-vl,vest,False,False
anuragraj03__frame00001_png.rf.29c19a377463f435a3438130aca75f85,qwen3-vl,no-helmet,False,False
anuragraj03__frame00001_png.rf.29c19a377463f435a3438130aca75f85,qwen3-vl,no-gloves,False,False
anuragraj03__frame00001_png.rf.29c19a377463f435a3438130aca75f85,qwen3-vl,no-boots,False,False
anuragraj03__frame00001_png.rf.29c19a377463f435a3438130aca75f85,qwen3-vl,no-vest,True,False
anuragraj03__frame00001_png.rf.29c19a377463f435a3438130aca75f85,gemma4,person,True,False
anuragraj03__frame00001_png.rf.29c19a377463f435a3438130aca75f85,gemma4,helmet,True,False
anuragraj03__frame00001_png.rf.29c19a377463f435a3438130aca75f85,gemma4,gloves,True,False
anuragraj03__frame00001_png.rf.29c19a377463f435a3438130aca75f85,gemma4,boots,True,False
anuragraj03__frame00001_png.rf.29c19a377463f435a3438130aca75f85,gemma4,vest,True,False
anuragraj03__frame00001_png.rf.29c19a377463f435a3438130aca75f85,gemma4,no-helmet,False,False
anuragraj03__frame00001_png.rf.29c19a377463f435a3438130aca75f85,gemma4,no-gloves,False,False
anuragraj03__frame00001_png.rf.29c19a377463f435a3438130aca75f85,gemma4,no-boots,False,False
anuragraj03__frame00001_png.rf.29c19a377463f435a3438130aca75f85,gemma4,no-vest,False,False
anuragraj03__frame00001_png.rf.29c19a377463f435a3438130aca75f85,minicpm-v,person,True,False
anuragraj03__frame00001_png.rf.29c19a377463f435a3438130aca75f85,minicpm-v,helmet,True,False
anuragraj03__frame00001_png.rf.29c19a377463f435a3438130aca75f85,minicpm-v,gloves,True,False
anuragraj03__frame00001_png.rf.29c19a377463f435a3438130aca75f85,minicpm-v,boots,True,False
anuragraj03__frame00001_png.rf.29c19a377463f435a3438130aca75f85,minicpm-v,vest,True,False
anuragraj03__frame00001_png.rf.29c19a377463f435a3438130aca75f85,minicpm-v,no-helmet,False,False
anuragraj03__frame00001_png.rf.29c19a377463f435a3438130aca75f85,minicpm-v,no-gloves,False,False
anuragraj03__frame00001_png.rf.29c19a377463f435a3438130aca75f85,minicpm-v,no-boots,False,False
anuragraj03__frame00001_png.rf.29c19a377463f435a3438130aca75f85,minicpm-v,no-vest,False,False
anuragraj03__frame00001_png.rf.8a0f5fb1d652ceb2340042962c04011a,yolo,person,False,False
anuragraj03__frame00001_png.rf.8a0f5fb1d652ceb2340042962c04011a,yolo,helmet,True,False
anuragraj03__frame00001_png.rf.8a0f5fb1d652ceb2340042962c04011a,yolo,gloves,True,False
anuragraj03__frame00001_png.rf.8a0f5fb1d652ceb2340042962c04011a,yolo,boots,True,False
anuragraj03__frame00001_png.rf.8a0f5fb1d652ceb2340042962c04011a,yolo,vest,False,False
anuragraj03__frame00001_png.rf.8a0f5fb1d652ceb2340042962c04011a,yolo,no-helmet,False,False
anuragraj03__frame00001_png.rf.8a0f5fb1d652ceb2340042962c04011a,yolo,no-gloves,False,False
anuragraj03__frame00001_png.rf.8a0f5fb1d652ceb2340042962c04011a,yolo,no-boots,False,False
anuragraj03__frame00001_png.rf.8a0f5fb1d652ceb2340042962c04011a,yolo,no-vest,False,False
anuragraj03__frame00001_png.rf.8a0f5fb1d652ceb2340042962c04011a,ollama,person,True,False
anuragraj03__frame00001_png.rf.8a0f5fb1d652ceb2340042962c04011a,ollama,helmet,True,False
anuragraj03__frame00001_png.rf.8a0f5fb1d652ceb2340042962c04011a,ollama,gloves,False,False
anuragraj03__frame00001_png.rf.8a0f5fb1d652ceb2340042962c04011a,ollama,boots,False,False
anuragraj03__frame00001_png.rf.8a0f5fb1d652ceb2340042962c04011a,ollama,vest,True,False
anuragraj03__frame00001_png.rf.8a0f5fb1d652ceb2340042962c04011a,ollama,no-helmet,False,False
anuragraj03__frame00001_png.rf.8a0f5fb1d652ceb2340042962c04011a,ollama,no-gloves,True,False
anuragraj03__frame00001_png.rf.8a0f5fb1d652ceb2340042962c04011a,ollama,no-boots,True,False
anuragraj03__frame00001_png.rf.8a0f5fb1d652ceb2340042962c04011a,ollama,no-vest,False,False
anuragraj03__frame00001_png.rf.8a0f5fb1d652ceb2340042962c04011a,qwen3-vl,person,True,False
anuragraj03__frame00001_png.rf.8a0f5fb1d652ceb2340042962c04011a,qwen3-vl,helmet,True,False
anuragraj03__frame00001_png.rf.8a0f5fb1d652ceb2340042962c04011a,qwen3-vl,gloves,False,False
anuragraj03__frame00001_png.rf.8a0f5fb1d652ceb2340042962c04011a,qwen3-vl,boots,False,False
anuragraj03__frame00001_png.rf.8a0f5fb1d652ceb2340042962c04011a,qwen3-vl,vest,False,False
anuragraj03__frame00001_png.rf.8a0f5fb1d652ceb2340042962c04011a,qwen3-vl,no-helmet,False,False
anuragraj03__frame00001_png.rf.8a0f5fb1d652ceb2340042962c04011a,qwen3-vl,no-gloves,True,False
anuragraj03__frame00001_png.rf.8a0f5fb1d652ceb2340042962c04011a,qwen3-vl,no-boots,True,False
anuragraj03__frame00001_png.rf.8a0f5fb1d652ceb2340042962c04011a,qwen3-vl,no-vest,True,False
anuragraj03__frame00001_png.rf.8a0f5fb1d652ceb2340042962c04011a,gemma4,person,True,False
anuragraj03__frame00001_png.rf.8a0f5fb1d652ceb2340042962c04011a,gemma4,helmet,True,False
anuragraj03__frame00001_png.rf.8a0f5fb1d652ceb2340042962c04011a,gemma4,gloves,True,False
anuragraj03__frame00001_png.rf.8a0f5fb1d652ceb2340042962c04011a,gemma4,boots,True,False
anuragraj03__frame00001_png.rf.8a0f5fb1d652ceb2340042962c04011a,gemma4,vest,True,False
anuragraj03__frame00001_png.rf.8a0f5fb1d652ceb2340042962c04011a,gemma4,no-helmet,True,False
anuragraj03__frame00001_png.rf.8a0f5fb1d652ceb2340042962c04011a,gemma4,no-gloves,True,False
anuragraj03__frame00001_png.rf.8a0f5fb1d652ceb2340042962c04011a,gemma4,no-boots,False,False
anuragraj03__frame00001_png.rf.8a0f5fb1d652ceb2340042962c04011a,gemma4,no-vest,False,False
anuragraj03__frame00001_png.rf.8a0f5fb1d652ceb2340042962c04011a,minicpm-v,person,True,False
anuragraj03__frame00001_png.rf.8a0f5fb1d652ceb2340042962c04011a,minicpm-v,helmet,True,False
anuragraj03__frame00001_png.rf.8a0f5fb1d652ceb2340042962c04011a,minicpm-v,gloves,False,False
anuragraj03__frame00001_png.rf.8a0f5fb1d652ceb2340042962c04011a,minicpm-v,boots,True,False
anuragraj03__frame00001_png.rf.8a0f5fb1d652ceb2340042962c04011a,minicpm-v,vest,False,False
anuragraj03__frame00001_png.rf.8a0f5fb1d652ceb2340042962c04011a,minicpm-v,no-helmet,False,False
anuragraj03__frame00001_png.rf.8a0f5fb1d652ceb2340042962c04011a,minicpm-v,no-gloves,True,False
anuragraj03__frame00001_png.rf.8a0f5fb1d652ceb2340042962c04011a,minicpm-v,no-boots,False,False
anuragraj03__frame00001_png.rf.8a0f5fb1d652ceb2340042962c04011a,minicpm-v,no-vest,True,False
anuragraj03__frame00001_png.rf.fdb6042a4dd9b2618e766ed3dcda2b7d,yolo,person,False,False
anuragraj03__frame00001_png.rf.fdb6042a4dd9b2618e766ed3dcda2b7d,yolo,helmet,False,False
anuragraj03__frame00001_png.rf.fdb6042a4dd9b2618e766ed3dcda2b7d,yolo,gloves,False,False
anuragraj03__frame00001_png.rf.fdb6042a4dd9b2618e766ed3dcda2b7d,yolo,boots,True,False
anuragraj03__frame00001_png.rf.fdb6042a4dd9b2618e766ed3dcda2b7d,yolo,vest,False,False
anuragraj03__frame00001_png.rf.fdb6042a4dd9b2618e766ed3dcda2b7d,yolo,no-helmet,True,False
anuragraj03__frame00001_png.rf.fdb6042a4dd9b2618e766ed3dcda2b7d,yolo,no-gloves,False,False
anuragraj03__frame00001_png.rf.fdb6042a4dd9b2618e766ed3dcda2b7d,yolo,no-boots,False,False
anuragraj03__frame00001_png.rf.fdb6042a4dd9b2618e766ed3dcda2b7d,yolo,no-vest,False,False
anuragraj03__frame00001_png.rf.fdb6042a4dd9b2618e766ed3dcda2b7d,ollama,person,True,False
anuragraj03__frame00001_png.rf.fdb6042a4dd9b2618e766ed3dcda2b7d,ollama,helmet,False,False
anuragraj03__frame00001_png.rf.fdb6042a4dd9b2618e766ed3dcda2b7d,ollama,gloves,False,False
anuragraj03__frame00001_png.rf.fdb6042a4dd9b2618e766ed3dcda2b7d,ollama,boots,True,False
anuragraj03__frame00001_png.rf.fdb6042a4dd9b2618e766ed3dcda2b7d,ollama,vest,True,False
anuragraj03__frame00001_png.rf.fdb6042a4dd9b2618e766ed3dcda2b7d,ollama,no-helmet,False,False
anuragraj03__frame00001_png.rf.fdb6042a4dd9b2618e766ed3dcda2b7d,ollama,no-gloves,True,False
anuragraj03__frame00001_png.rf.fdb6042a4dd9b2618e766ed3dcda2b7d,ollama,no-boots,False,False
anuragraj03__frame00001_png.rf.fdb6042a4dd9b2618e766ed3dcda2b7d,ollama,no-vest,False,False
anuragraj03__frame00001_png.rf.fdb6042a4dd9b2618e766ed3dcda2b7d,qwen3-vl,person,True,False
anuragraj03__frame00001_png.rf.fdb6042a4dd9b2618e766ed3dcda2b7d,qwen3-vl,helmet,False,False
anuragraj03__frame00001_png.rf.fdb6042a4dd9b2618e766ed3dcda2b7d,qwen3-vl,gloves,False,False
anuragraj03__frame00001_png.rf.fdb6042a4dd9b2618e766ed3dcda2b7d,qwen3-vl,boots,False,False
anuragraj03__frame00001_png.rf.fdb6042a4dd9b2618e766ed3dcda2b7d,qwen3-vl,vest,False,False
anuragraj03__frame00001_png.rf.fdb6042a4dd9b2618e766ed3dcda2b7d,qwen3-vl,no-helmet,True,False
anuragraj03__frame00001_png.rf.fdb6042a4dd9b2618e766ed3dcda2b7d,qwen3-vl,no-gloves,True,False
anuragraj03__frame00001_png.rf.fdb6042a4dd9b2618e766ed3dcda2b7d,qwen3-vl,no-boots,True,False
anuragraj03__frame00001_png.rf.fdb6042a4dd9b2618e766ed3dcda2b7d,qwen3-vl,no-vest,True,False
anuragraj03__frame00001_png.rf.fdb6042a4dd9b2618e766ed3dcda2b7d,gemma4,person,True,False
anuragraj03__frame00001_png.rf.fdb6042a4dd9b2618e766ed3dcda2b7d,gemma4,helmet,True,False
anuragraj03__frame00001_png.rf.fdb6042a4dd9b2618e766ed3dcda2b7d,gemma4,gloves,True,False
anuragraj03__frame00001_png.rf.fdb6042a4dd9b2618e766ed3dcda2b7d,gemma4,boots,True,False
anuragraj03__frame00001_png.rf.fdb6042a4dd9b2618e766ed3dcda2b7d,gemma4,vest,True,False
anuragraj03__frame00001_png.rf.fdb6042a4dd9b2618e766ed3dcda2b7d,gemma4,no-helmet,False,False
anuragraj03__frame00001_png.rf.fdb6042a4dd9b2618e766ed3dcda2b7d,gemma4,no-gloves,False,False
anuragraj03__frame00001_png.rf.fdb6042a4dd9b2618e766ed3dcda2b7d,gemma4,no-boots,False,False
anuragraj03__frame00001_png.rf.fdb6042a4dd9b2618e766ed3dcda2b7d,gemma4,no-vest,False,False
anuragraj03__frame00001_png.rf.fdb6042a4dd9b2618e766ed3dcda2b7d,minicpm-v,person,True,False
anuragraj03__frame00001_png.rf.fdb6042a4dd9b2618e766ed3dcda2b7d,minicpm-v,helmet,False,False
anuragraj03__frame00001_png.rf.fdb6042a4dd9b2618e766ed3dcda2b7d,minicpm-v,gloves,True,False
anuragraj03__frame00001_png.rf.fdb6042a4dd9b2618e766ed3dcda2b7d,minicpm-v,boots,True,False
anuragraj03__frame00001_png.rf.fdb6042a4dd9b2618e766ed3dcda2b7d,minicpm-v,vest,False,False
anuragraj03__frame00001_png.rf.fdb6042a4dd9b2618e766ed3dcda2b7d,minicpm-v,no-helmet,True,False
anuragraj03__frame00001_png.rf.fdb6042a4dd9b2618e766ed3dcda2b7d,minicpm-v,no-gloves,False,False
anuragraj03__frame00001_png.rf.fdb6042a4dd9b2618e766ed3dcda2b7d,minicpm-v,no-boots,False,False
anuragraj03__frame00001_png.rf.fdb6042a4dd9b2618e766ed3dcda2b7d,minicpm-v,no-vest,True,False
anuragraj03__frame00021_png.rf.38d421896f6c4c90266c4580f83c69e1,yolo,person,False,False
anuragraj03__frame00021_png.rf.38d421896f6c4c90266c4580f83c69e1,yolo,helmet,False,False
anuragraj03__frame00021_png.rf.38d421896f6c4c90266c4580f83c69e1,yolo,gloves,False,False
anuragraj03__frame00021_png.rf.38d421896f6c4c90266c4580f83c69e1,yolo,boots,False,False
anuragraj03__frame00021_png.rf.38d421896f6c4c90266c4580f83c69e1,yolo,vest,False,False
anuragraj03__frame00021_png.rf.38d421896f6c4c90266c4580f83c69e1,yolo,no-helmet,True,False
anuragraj03__frame00021_png.rf.38d421896f6c4c90266c4580f83c69e1,yolo,no-gloves,False,False
anuragraj03__frame00021_png.rf.38d421896f6c4c90266c4580f83c69e1,yolo,no-boots,True,False
anuragraj03__frame00021_png.rf.38d421896f6c4c90266c4580f83c69e1,yolo,no-vest,False,False
anuragraj03__frame00021_png.rf.38d421896f6c4c90266c4580f83c69e1,ollama,person,True,False
anuragraj03__frame00021_png.rf.38d421896f6c4c90266c4580f83c69e1,ollama,helmet,False,False
anuragraj03__frame00021_png.rf.38d421896f6c4c90266c4580f83c69e1,ollama,gloves,False,False
anuragraj03__frame00021_png.rf.38d421896f6c4c90266c4580f83c69e1,ollama,boots,False,False
anuragraj03__frame00021_png.rf.38d421896f6c4c90266c4580f83c69e1,ollama,vest,True,False
anuragraj03__frame00021_png.rf.38d421896f6c4c90266c4580f83c69e1,ollama,no-helmet,True,False
anuragraj03__frame00021_png.rf.38d421896f6c4c90266c4580f83c69e1,ollama,no-gloves,True,False
anuragraj03__frame00021_png.rf.38d421896f6c4c90266c4580f83c69e1,ollama,no-boots,True,False
anuragraj03__frame00021_png.rf.38d421896f6c4c90266c4580f83c69e1,ollama,no-vest,False,False
anuragraj03__frame00021_png.rf.38d421896f6c4c90266c4580f83c69e1,qwen3-vl,person,True,False
anuragraj03__frame00021_png.rf.38d421896f6c4c90266c4580f83c69e1,qwen3-vl,helmet,False,False
anuragraj03__frame00021_png.rf.38d421896f6c4c90266c4580f83c69e1,qwen3-vl,gloves,False,False
anuragraj03__frame00021_png.rf.38d421896f6c4c90266c4580f83c69e1,qwen3-vl,boots,False,False
anuragraj03__frame00021_png.rf.38d421896f6c4c90266c4580f83c69e1,qwen3-vl,vest,False,False
anuragraj03__frame00021_png.rf.38d421896f6c4c90266c4580f83c69e1,qwen3-vl,no-helmet,True,False
anuragraj03__frame00021_png.rf.38d421896f6c4c90266c4580f83c69e1,qwen3-vl,no-gloves,True,False
anuragraj03__frame00021_png.rf.38d421896f6c4c90266c4580f83c69e1,qwen3-vl,no-boots,True,False
anuragraj03__frame00021_png.rf.38d421896f6c4c90266c4580f83c69e1,qwen3-vl,no-vest,True,False
anuragraj03__frame00021_png.rf.38d421896f6c4c90266c4580f83c69e1,gemma4,person,True,False
anuragraj03__frame00021_png.rf.38d421896f6c4c90266c4580f83c69e1,gemma4,helmet,True,False
anuragraj03__frame00021_png.rf.38d421896f6c4c90266c4580f83c69e1,gemma4,gloves,False,False
anuragraj03__frame00021_png.rf.38d421896f6c4c90266c4580f83c69e1,gemma4,boots,True,False
anuragraj03__frame00021_png.rf.38d421896f6c4c90266c4580f83c69e1,gemma4,vest,False,False
anuragraj03__frame00021_png.rf.38d421896f6c4c90266c4580f83c69e1,gemma4,no-helmet,False,False
anuragraj03__frame00021_png.rf.38d421896f6c4c90266c4580f83c69e1,gemma4,no-gloves,True,False
anuragraj03__frame00021_png.rf.38d421896f6c4c90266c4580f83c69e1,gemma4,no-boots,False,False
anuragraj03__frame00021_png.rf.38d421896f6c4c90266c4580f83c69e1,gemma4,no-vest,True,False
anuragraj03__frame00021_png.rf.38d421896f6c4c90266c4580f83c69e1,minicpm-v,person,True,False
anuragraj03__frame00021_png.rf.38d421896f6c4c90266c4580f83c69e1,minicpm-v,helmet,False,False
anuragraj03__frame00021_png.rf.38d421896f6c4c90266c4580f83c69e1,minicpm-v,gloves,True,False
anuragraj03__frame00021_png.rf.38d421896f6c4c90266c4580f83c69e1,minicpm-v,boots,True,False
anuragraj03__frame00021_png.rf.38d421896f6c4c90266c4580f83c69e1,minicpm-v,vest,True,False
anuragraj03__frame00021_png.rf.38d421896f6c4c90266c4580f83c69e1,minicpm-v,no-helmet,False,False
anuragraj03__frame00021_png.rf.38d421896f6c4c90266c4580f83c69e1,minicpm-v,no-gloves,False,False
anuragraj03__frame00021_png.rf.38d421896f6c4c90266c4580f83c69e1,minicpm-v,no-boots,False,False
anuragraj03__frame00021_png.rf.38d421896f6c4c90266c4580f83c69e1,minicpm-v,no-vest,False,False
anuragraj03__frame00021_png.rf.645602dd7237ea2e6be17c088a456432,yolo,person,False,False
anuragraj03__frame00021_png.rf.645602dd7237ea2e6be17c088a456432,yolo,helmet,False,False
anuragraj03__frame00021_png.rf.645602dd7237ea2e6be17c088a456432,yolo,gloves,False,False
anuragraj03__frame00021_png.rf.645602dd7237ea2e6be17c088a456432,yolo,boots,True,False
anuragraj03__frame00021_png.rf.645602dd7237ea2e6be17c088a456432,yolo,vest,False,False
anuragraj03__frame00021_png.rf.645602dd7237ea2e6be17c088a456432,yolo,no-helmet,True,False
anuragraj03__frame00021_png.rf.645602dd7237ea2e6be17c088a456432,yolo,no-gloves,False,False
anuragraj03__frame00021_png.rf.645602dd7237ea2e6be17c088a456432,yolo,no-boots,False,False
anuragraj03__frame00021_png.rf.645602dd7237ea2e6be17c088a456432,yolo,no-vest,False,False
anuragraj03__frame00021_png.rf.645602dd7237ea2e6be17c088a456432,ollama,person,True,False
anuragraj03__frame00021_png.rf.645602dd7237ea2e6be17c088a456432,ollama,helmet,False,False
anuragraj03__frame00021_png.rf.645602dd7237ea2e6be17c088a456432,ollama,gloves,False,False
anuragraj03__frame00021_png.rf.645602dd7237ea2e6be17c088a456432,ollama,boots,False,False
anuragraj03__frame00021_png.rf.645602dd7237ea2e6be17c088a456432,ollama,vest,False,False
anuragraj03__frame00021_png.rf.645602dd7237ea2e6be17c088a456432,ollama,no-helmet,False,False
anuragraj03__frame00021_png.rf.645602dd7237ea2e6be17c088a456432,ollama,no-gloves,False,False
anuragraj03__frame00021_png.rf.645602dd7237ea2e6be17c088a456432,ollama,no-boots,False,False
anuragraj03__frame00021_png.rf.645602dd7237ea2e6be17c088a456432,ollama,no-vest,False,False
anuragraj03__frame00021_png.rf.645602dd7237ea2e6be17c088a456432,qwen3-vl,person,True,False
anuragraj03__frame00021_png.rf.645602dd7237ea2e6be17c088a456432,qwen3-vl,helmet,False,False
anuragraj03__frame00021_png.rf.645602dd7237ea2e6be17c088a456432,qwen3-vl,gloves,False,False
anuragraj03__frame00021_png.rf.645602dd7237ea2e6be17c088a456432,qwen3-vl,boots,True,False
anuragraj03__frame00021_png.rf.645602dd7237ea2e6be17c088a456432,qwen3-vl,vest,False,False
anuragraj03__frame00021_png.rf.645602dd7237ea2e6be17c088a456432,qwen3-vl,no-helmet,False,False
anuragraj03__frame00021_png.rf.645602dd7237ea2e6be17c088a456432,qwen3-vl,no-gloves,True,False
anuragraj03__frame00021_png.rf.645602dd7237ea2e6be17c088a456432,qwen3-vl,no-boots,False,False
anuragraj03__frame00021_png.rf.645602dd7237ea2e6be17c088a456432,qwen3-vl,no-vest,False,False
anuragraj03__frame00021_png.rf.645602dd7237ea2e6be17c088a456432,gemma4,person,True,False
anuragraj03__frame00021_png.rf.645602dd7237ea2e6be17c088a456432,gemma4,helmet,False,False
anuragraj03__frame00021_png.rf.645602dd7237ea2e6be17c088a456432,gemma4,gloves,False,False
anuragraj03__frame00021_png.rf.645602dd7237ea2e6be17c088a456432,gemma4,boots,True,False
anuragraj03__frame00021_png.rf.645602dd7237ea2e6be17c088a456432,gemma4,vest,True,False
anuragraj03__frame00021_png.rf.645602dd7237ea2e6be17c088a456432,gemma4,no-helmet,False,False
anuragraj03__frame00021_png.rf.645602dd7237ea2e6be17c088a456432,gemma4,no-gloves,True,False
anuragraj03__frame00021_png.rf.645602dd7237ea2e6be17c088a456432,gemma4,no-boots,False,False
anuragraj03__frame00021_png.rf.645602dd7237ea2e6be17c088a456432,gemma4,no-vest,False,False
anuragraj03__frame00021_png.rf.645602dd7237ea2e6be17c088a456432,minicpm-v,person,True,False
anuragraj03__frame00021_png.rf.645602dd7237ea2e6be17c088a456432,minicpm-v,helmet,False,False
anuragraj03__frame00021_png.rf.645602dd7237ea2e6be17c088a456432,minicpm-v,gloves,False,False
anuragraj03__frame00021_png.rf.645602dd7237ea2e6be17c088a456432,minicpm-v,boots,True,False
anuragraj03__frame00021_png.rf.645602dd7237ea2e6be17c088a456432,minicpm-v,vest,False,False
anuragraj03__frame00021_png.rf.645602dd7237ea2e6be17c088a456432,minicpm-v,no-helmet,True,False
anuragraj03__frame00021_png.rf.645602dd7237ea2e6be17c088a456432,minicpm-v,no-gloves,True,False
anuragraj03__frame00021_png.rf.645602dd7237ea2e6be17c088a456432,minicpm-v,no-boots,False,False
anuragraj03__frame00021_png.rf.645602dd7237ea2e6be17c088a456432,minicpm-v,no-vest,True,False
anuragraj03__frame00021_png.rf.6f750430bf2c2ad4d0d34dd36a9377d0,yolo,person,False,False
anuragraj03__frame00021_png.rf.6f750430bf2c2ad4d0d34dd36a9377d0,yolo,helmet,True,False
anuragraj03__frame00021_png.rf.6f750430bf2c2ad4d0d34dd36a9377d0,yolo,gloves,False,False
anuragraj03__frame00021_png.rf.6f750430bf2c2ad4d0d34dd36a9377d0,yolo,boots,True,False
anuragraj03__frame00021_png.rf.6f750430bf2c2ad4d0d34dd36a9377d0,yolo,vest,False,False
anuragraj03__frame00021_png.rf.6f750430bf2c2ad4d0d34dd36a9377d0,yolo,no-helmet,False,False
anuragraj03__frame00021_png.rf.6f750430bf2c2ad4d0d34dd36a9377d0,yolo,no-gloves,False,False
anuragraj03__frame00021_png.rf.6f750430bf2c2ad4d0d34dd36a9377d0,yolo,no-boots,True,False
anuragraj03__frame00021_png.rf.6f750430bf2c2ad4d0d34dd36a9377d0,yolo,no-vest,False,False
anuragraj03__frame00021_png.rf.6f750430bf2c2ad4d0d34dd36a9377d0,ollama,person,True,False
anuragraj03__frame00021_png.rf.6f750430bf2c2ad4d0d34dd36a9377d0,ollama,helmet,False,False
anuragraj03__frame00021_png.rf.6f750430bf2c2ad4d0d34dd36a9377d0,ollama,gloves,False,False
anuragraj03__frame00021_png.rf.6f750430bf2c2ad4d0d34dd36a9377d0,ollama,boots,False,False
anuragraj03__frame00021_png.rf.6f750430bf2c2ad4d0d34dd36a9377d0,ollama,vest,False,False
anuragraj03__frame00021_png.rf.6f750430bf2c2ad4d0d34dd36a9377d0,ollama,no-helmet,False,False
anuragraj03__frame00021_png.rf.6f750430bf2c2ad4d0d34dd36a9377d0,ollama,no-gloves,True,False
anuragraj03__frame00021_png.rf.6f750430bf2c2ad4d0d34dd36a9377d0,ollama,no-boots,True,False
anuragraj03__frame00021_png.rf.6f750430bf2c2ad4d0d34dd36a9377d0,ollama,no-vest,True,False
anuragraj03__frame00021_png.rf.6f750430bf2c2ad4d0d34dd36a9377d0,qwen3-vl,person,True,False
anuragraj03__frame00021_png.rf.6f750430bf2c2ad4d0d34dd36a9377d0,qwen3-vl,helmet,True,False
anuragraj03__frame00021_png.rf.6f750430bf2c2ad4d0d34dd36a9377d0,qwen3-vl,gloves,True,False
anuragraj03__frame00021_png.rf.6f750430bf2c2ad4d0d34dd36a9377d0,qwen3-vl,boots,True,False
anuragraj03__frame00021_png.rf.6f750430bf2c2ad4d0d34dd36a9377d0,qwen3-vl,vest,False,False
anuragraj03__frame00021_png.rf.6f750430bf2c2ad4d0d34dd36a9377d0,qwen3-vl,no-helmet,False,False
anuragraj03__frame00021_png.rf.6f750430bf2c2ad4d0d34dd36a9377d0,qwen3-vl,no-gloves,False,False
anuragraj03__frame00021_png.rf.6f750430bf2c2ad4d0d34dd36a9377d0,qwen3-vl,no-boots,False,False
anuragraj03__frame00021_png.rf.6f750430bf2c2ad4d0d34dd36a9377d0,qwen3-vl,no-vest,True,False
anuragraj03__frame00021_png.rf.6f750430bf2c2ad4d0d34dd36a9377d0,gemma4,person,True,False
anuragraj03__frame00021_png.rf.6f750430bf2c2ad4d0d34dd36a9377d0,gemma4,helmet,True,False
anuragraj03__frame00021_png.rf.6f750430bf2c2ad4d0d34dd36a9377d0,gemma4,gloves,True,False
anuragraj03__frame00021_png.rf.6f750430bf2c2ad4d0d34dd36a9377d0,gemma4,boots,True,False
anuragraj03__frame00021_png.rf.6f750430bf2c2ad4d0d34dd36a9377d0,gemma4,vest,True,False
anuragraj03__frame00021_png.rf.6f750430bf2c2ad4d0d34dd36a9377d0,gemma4,no-helmet,False,False
anuragraj03__frame00021_png.rf.6f750430bf2c2ad4d0d34dd36a9377d0,gemma4,no-gloves,False,False
anuragraj03__frame00021_png.rf.6f750430bf2c2ad4d0d34dd36a9377d0,gemma4,no-boots,False,False
anuragraj03__frame00021_png.rf.6f750430bf2c2ad4d0d34dd36a9377d0,gemma4,no-vest,False,False
anuragraj03__frame00021_png.rf.6f750430bf2c2ad4d0d34dd36a9377d0,minicpm-v,person,True,False
anuragraj03__frame00021_png.rf.6f750430bf2c2ad4d0d34dd36a9377d0,minicpm-v,helmet,True,False
anuragraj03__frame00021_png.rf.6f750430bf2c2ad4d0d34dd36a9377d0,minicpm-v,gloves,True,False
anuragraj03__frame00021_png.rf.6f750430bf2c2ad4d0d34dd36a9377d0,minicpm-v,boots,True,False
anuragraj03__frame00021_png.rf.6f750430bf2c2ad4d0d34dd36a9377d0,minicpm-v,vest,True,False
anuragraj03__frame00021_png.rf.6f750430bf2c2ad4d0d34dd36a9377d0,minicpm-v,no-helmet,False,False
anuragraj03__frame00021_png.rf.6f750430bf2c2ad4d0d34dd36a9377d0,minicpm-v,no-gloves,False,False
anuragraj03__frame00021_png.rf.6f750430bf2c2ad4d0d34dd36a9377d0,minicpm-v,no-boots,False,False
anuragraj03__frame00021_png.rf.6f750430bf2c2ad4d0d34dd36a9377d0,minicpm-v,no-vest,False,False
anuragraj03__frame00021_png.rf.9253ef57996b2acf0ee20fd0bdde9c18,yolo,person,False,False
anuragraj03__frame00021_png.rf.9253ef57996b2acf0ee20fd0bdde9c18,yolo,helmet,False,False
anuragraj03__frame00021_png.rf.9253ef57996b2acf0ee20fd0bdde9c18,yolo,gloves,False,False
anuragraj03__frame00021_png.rf.9253ef57996b2acf0ee20fd0bdde9c18,yolo,boots,False,False
anuragraj03__frame00021_png.rf.9253ef57996b2acf0ee20fd0bdde9c18,yolo,vest,False,False
anuragraj03__frame00021_png.rf.9253ef57996b2acf0ee20fd0bdde9c18,yolo,no-helmet,True,False
anuragraj03__frame00021_png.rf.9253ef57996b2acf0ee20fd0bdde9c18,yolo,no-gloves,False,False
anuragraj03__frame00021_png.rf.9253ef57996b2acf0ee20fd0bdde9c18,yolo,no-boots,False,False
anuragraj03__frame00021_png.rf.9253ef57996b2acf0ee20fd0bdde9c18,yolo,no-vest,False,False
anuragraj03__frame00021_png.rf.9253ef57996b2acf0ee20fd0bdde9c18,ollama,person,True,False
anuragraj03__frame00021_png.rf.9253ef57996b2acf0ee20fd0bdde9c18,ollama,helmet,False,False
anuragraj03__frame00021_png.rf.9253ef57996b2acf0ee20fd0bdde9c18,ollama,gloves,False,False
anuragraj03__frame00021_png.rf.9253ef57996b2acf0ee20fd0bdde9c18,ollama,boots,False,False
anuragraj03__frame00021_png.rf.9253ef57996b2acf0ee20fd0bdde9c18,ollama,vest,True,False
anuragraj03__frame00021_png.rf.9253ef57996b2acf0ee20fd0bdde9c18,ollama,no-helmet,True,False
anuragraj03__frame00021_png.rf.9253ef57996b2acf0ee20fd0bdde9c18,ollama,no-gloves,True,False
anuragraj03__frame00021_png.rf.9253ef57996b2acf0ee20fd0bdde9c18,ollama,no-boots,True,False
anuragraj03__frame00021_png.rf.9253ef57996b2acf0ee20fd0bdde9c18,ollama,no-vest,False,False
anuragraj03__frame00021_png.rf.9253ef57996b2acf0ee20fd0bdde9c18,qwen3-vl,person,True,False
anuragraj03__frame00021_png.rf.9253ef57996b2acf0ee20fd0bdde9c18,qwen3-vl,helmet,False,False
anuragraj03__frame00021_png.rf.9253ef57996b2acf0ee20fd0bdde9c18,qwen3-vl,gloves,False,False
anuragraj03__frame00021_png.rf.9253ef57996b2acf0ee20fd0bdde9c18,qwen3-vl,boots,False,False
anuragraj03__frame00021_png.rf.9253ef57996b2acf0ee20fd0bdde9c18,qwen3-vl,vest,False,False
anuragraj03__frame00021_png.rf.9253ef57996b2acf0ee20fd0bdde9c18,qwen3-vl,no-helmet,True,False
anuragraj03__frame00021_png.rf.9253ef57996b2acf0ee20fd0bdde9c18,qwen3-vl,no-gloves,True,False
anuragraj03__frame00021_png.rf.9253ef57996b2acf0ee20fd0bdde9c18,qwen3-vl,no-boots,True,False
anuragraj03__frame00021_png.rf.9253ef57996b2acf0ee20fd0bdde9c18,qwen3-vl,no-vest,True,False
anuragraj03__frame00021_png.rf.9253ef57996b2acf0ee20fd0bdde9c18,gemma4,person,True,False
anuragraj03__frame00021_png.rf.9253ef57996b2acf0ee20fd0bdde9c18,gemma4,helmet,False,False
anuragraj03__frame00021_png.rf.9253ef57996b2acf0ee20fd0bdde9c18,gemma4,gloves,False,False
anuragraj03__frame00021_png.rf.9253ef57996b2acf0ee20fd0bdde9c18,gemma4,boots,False,False
anuragraj03__frame00021_png.rf.9253ef57996b2acf0ee20fd0bdde9c18,gemma4,vest,False,False
anuragraj03__frame00021_png.rf.9253ef57996b2acf0ee20fd0bdde9c18,gemma4,no-helmet,True,False
anuragraj03__frame00021_png.rf.9253ef57996b2acf0ee20fd0bdde9c18,gemma4,no-gloves,True,False
anuragraj03__frame00021_png.rf.9253ef57996b2acf0ee20fd0bdde9c18,gemma4,no-boots,True,False
anuragraj03__frame00021_png.rf.9253ef57996b2acf0ee20fd0bdde9c18,gemma4,no-vest,True,False
anuragraj03__frame00021_png.rf.9253ef57996b2acf0ee20fd0bdde9c18,minicpm-v,person,True,False
anuragraj03__frame00021_png.rf.9253ef57996b2acf0ee20fd0bdde9c18,minicpm-v,helmet,False,False
anuragraj03__frame00021_png.rf.9253ef57996b2acf0ee20fd0bdde9c18,minicpm-v,gloves,False,False
anuragraj03__frame00021_png.rf.9253ef57996b2acf0ee20fd0bdde9c18,minicpm-v,boots,True,False
anuragraj03__frame00021_png.rf.9253ef57996b2acf0ee20fd0bdde9c18,minicpm-v,vest,False,False
anuragraj03__frame00021_png.rf.9253ef57996b2acf0ee20fd0bdde9c18,minicpm-v,no-helmet,True,False
anuragraj03__frame00021_png.rf.9253ef57996b2acf0ee20fd0bdde9c18,minicpm-v,no-gloves,True,False
anuragraj03__frame00021_png.rf.9253ef57996b2acf0ee20fd0bdde9c18,minicpm-v,no-boots,False,False
anuragraj03__frame00021_png.rf.9253ef57996b2acf0ee20fd0bdde9c18,minicpm-v,no-vest,True,False
anuragraj03__frame00031_png.rf.f8f689368c7eef9c9d98724ffa09857c,yolo,person,False,False
anuragraj03__frame00031_png.rf.f8f689368c7eef9c9d98724ffa09857c,yolo,helmet,True,False
anuragraj03__frame00031_png.rf.f8f689368c7eef9c9d98724ffa09857c,yolo,gloves,True,False
anuragraj03__frame00031_png.rf.f8f689368c7eef9c9d98724ffa09857c,yolo,boots,True,False
anuragraj03__frame00031_png.rf.f8f689368c7eef9c9d98724ffa09857c,yolo,vest,False,False
anuragraj03__frame00031_png.rf.f8f689368c7eef9c9d98724ffa09857c,yolo,no-helmet,True,False
anuragraj03__frame00031_png.rf.f8f689368c7eef9c9d98724ffa09857c,yolo,no-gloves,False,False
anuragraj03__frame00031_png.rf.f8f689368c7eef9c9d98724ffa09857c,yolo,no-boots,True,False
anuragraj03__frame00031_png.rf.f8f689368c7eef9c9d98724ffa09857c,yolo,no-vest,False,False
anuragraj03__frame00031_png.rf.f8f689368c7eef9c9d98724ffa09857c,ollama,person,True,False
anuragraj03__frame00031_png.rf.f8f689368c7eef9c9d98724ffa09857c,ollama,helmet,False,False
anuragraj03__frame00031_png.rf.f8f689368c7eef9c9d98724ffa09857c,ollama,gloves,False,False
anuragraj03__frame00031_png.rf.f8f689368c7eef9c9d98724ffa09857c,ollama,boots,False,False
anuragraj03__frame00031_png.rf.f8f689368c7eef9c9d98724ffa09857c,ollama,vest,False,False
anuragraj03__frame00031_png.rf.f8f689368c7eef9c9d98724ffa09857c,ollama,no-helmet,False,False
anuragraj03__frame00031_png.rf.f8f689368c7eef9c9d98724ffa09857c,ollama,no-gloves,False,False
anuragraj03__frame00031_png.rf.f8f689368c7eef9c9d98724ffa09857c,ollama,no-boots,False,False
anuragraj03__frame00031_png.rf.f8f689368c7eef9c9d98724ffa09857c,ollama,no-vest,True,False
anuragraj03__frame00031_png.rf.f8f689368c7eef9c9d98724ffa09857c,qwen3-vl,person,True,False
anuragraj03__frame00031_png.rf.f8f689368c7eef9c9d98724ffa09857c,qwen3-vl,helmet,True,False
anuragraj03__frame00031_png.rf.f8f689368c7eef9c9d98724ffa09857c,qwen3-vl,gloves,True,False
anuragraj03__frame00031_png.rf.f8f689368c7eef9c9d98724ffa09857c,qwen3-vl,boots,True,False
anuragraj03__frame00031_png.rf.f8f689368c7eef9c9d98724ffa09857c,qwen3-vl,vest,True,False
anuragraj03__frame00031_png.rf.f8f689368c7eef9c9d98724ffa09857c,qwen3-vl,no-helmet,False,False
anuragraj03__frame00031_png.rf.f8f689368c7eef9c9d98724ffa09857c,qwen3-vl,no-gloves,False,False
anuragraj03__frame00031_png.rf.f8f689368c7eef9c9d98724ffa09857c,qwen3-vl,no-boots,False,False
anuragraj03__frame00031_png.rf.f8f689368c7eef9c9d98724ffa09857c,qwen3-vl,no-vest,False,False
anuragraj03__frame00031_png.rf.f8f689368c7eef9c9d98724ffa09857c,gemma4,person,True,False
anuragraj03__frame00031_png.rf.f8f689368c7eef9c9d98724ffa09857c,gemma4,helmet,True,False
anuragraj03__frame00031_png.rf.f8f689368c7eef9c9d98724ffa09857c,gemma4,gloves,True,False
anuragraj03__frame00031_png.rf.f8f689368c7eef9c9d98724ffa09857c,gemma4,boots,True,False
anuragraj03__frame00031_png.rf.f8f689368c7eef9c9d98724ffa09857c,gemma4,vest,True,False
anuragraj03__frame00031_png.rf.f8f689368c7eef9c9d98724ffa09857c,gemma4,no-helmet,False,False
anuragraj03__frame00031_png.rf.f8f689368c7eef9c9d98724ffa09857c,gemma4,no-gloves,False,False
anuragraj03__frame00031_png.rf.f8f689368c7eef9c9d98724ffa09857c,gemma4,no-boots,False,False
anuragraj03__frame00031_png.rf.f8f689368c7eef9c9d98724ffa09857c,gemma4,no-vest,False,False
anuragraj03__frame00031_png.rf.f8f689368c7eef9c9d98724ffa09857c,minicpm-v,person,True,False
anuragraj03__frame00031_png.rf.f8f689368c7eef9c9d98724ffa09857c,minicpm-v,helmet,True,False
anuragraj03__frame00031_png.rf.f8f689368c7eef9c9d98724ffa09857c,minicpm-v,gloves,False,False
anuragraj03__frame00031_png.rf.f8f689368c7eef9c9d98724ffa09857c,minicpm-v,boots,True,False
anuragraj03__frame00031_png.rf.f8f689368c7eef9c9d98724ffa09857c,minicpm-v,vest,False,False
anuragraj03__frame00031_png.rf.f8f689368c7eef9c9d98724ffa09857c,minicpm-v,no-helmet,False,False
anuragraj03__frame00031_png.rf.f8f689368c7eef9c9d98724ffa09857c,minicpm-v,no-gloves,True,False
anuragraj03__frame00031_png.rf.f8f689368c7eef9c9d98724ffa09857c,minicpm-v,no-boots,False,False
anuragraj03__frame00031_png.rf.f8f689368c7eef9c9d98724ffa09857c,minicpm-v,no-vest,False,False
anuragraj03__frame00041_png.rf.20386a3122f9dc43dca0512ae6a6ea7c,yolo,person,False,False
anuragraj03__frame00041_png.rf.20386a3122f9dc43dca0512ae6a6ea7c,yolo,helmet,False,False
anuragraj03__frame00041_png.rf.20386a3122f9dc43dca0512ae6a6ea7c,yolo,gloves,False,False
anuragraj03__frame00041_png.rf.20386a3122f9dc43dca0512ae6a6ea7c,yolo,boots,True,False
anuragraj03__frame00041_png.rf.20386a3122f9dc43dca0512ae6a6ea7c,yolo,vest,False,False
anuragraj03__frame00041_png.rf.20386a3122f9dc43dca0512ae6a6ea7c,yolo,no-helmet,True,False
anuragraj03__frame00041_png.rf.20386a3122f9dc43dca0512ae6a6ea7c,yolo,no-gloves,False,False
anuragraj03__frame00041_png.rf.20386a3122f9dc43dca0512ae6a6ea7c,yolo,no-boots,True,False
anuragraj03__frame00041_png.rf.20386a3122f9dc43dca0512ae6a6ea7c,yolo,no-vest,False,False
anuragraj03__frame00041_png.rf.20386a3122f9dc43dca0512ae6a6ea7c,ollama,person,True,False
anuragraj03__frame00041_png.rf.20386a3122f9dc43dca0512ae6a6ea7c,ollama,helmet,False,False
anuragraj03__frame00041_png.rf.20386a3122f9dc43dca0512ae6a6ea7c,ollama,gloves,False,False
anuragraj03__frame00041_png.rf.20386a3122f9dc43dca0512ae6a6ea7c,ollama,boots,False,False
anuragraj03__frame00041_png.rf.20386a3122f9dc43dca0512ae6a6ea7c,ollama,vest,False,False
anuragraj03__frame00041_png.rf.20386a3122f9dc43dca0512ae6a6ea7c,ollama,no-helmet,True,False
anuragraj03__frame00041_png.rf.20386a3122f9dc43dca0512ae6a6ea7c,ollama,no-gloves,True,False
anuragraj03__frame00041_png.rf.20386a3122f9dc43dca0512ae6a6ea7c,ollama,no-boots,True,False
anuragraj03__frame00041_png.rf.20386a3122f9dc43dca0512ae6a6ea7c,ollama,no-vest,True,False
anuragraj03__frame00041_png.rf.20386a3122f9dc43dca0512ae6a6ea7c,qwen3-vl,person,True,False
anuragraj03__frame00041_png.rf.20386a3122f9dc43dca0512ae6a6ea7c,qwen3-vl,helmet,False,False
anuragraj03__frame00041_png.rf.20386a3122f9dc43dca0512ae6a6ea7c,qwen3-vl,gloves,False,False
anuragraj03__frame00041_png.rf.20386a3122f9dc43dca0512ae6a6ea7c,qwen3-vl,boots,True,False
anuragraj03__frame00041_png.rf.20386a3122f9dc43dca0512ae6a6ea7c,qwen3-vl,vest,False,False
anuragraj03__frame00041_png.rf.20386a3122f9dc43dca0512ae6a6ea7c,qwen3-vl,no-helmet,True,False
anuragraj03__frame00041_png.rf.20386a3122f9dc43dca0512ae6a6ea7c,qwen3-vl,no-gloves,True,False
anuragraj03__frame00041_png.rf.20386a3122f9dc43dca0512ae6a6ea7c,qwen3-vl,no-boots,False,False
anuragraj03__frame00041_png.rf.20386a3122f9dc43dca0512ae6a6ea7c,qwen3-vl,no-vest,True,False
anuragraj03__frame00041_png.rf.20386a3122f9dc43dca0512ae6a6ea7c,gemma4,person,True,False
anuragraj03__frame00041_png.rf.20386a3122f9dc43dca0512ae6a6ea7c,gemma4,helmet,True,False
anuragraj03__frame00041_png.rf.20386a3122f9dc43dca0512ae6a6ea7c,gemma4,gloves,True,False
anuragraj03__frame00041_png.rf.20386a3122f9dc43dca0512ae6a6ea7c,gemma4,boots,True,False
anuragraj03__frame00041_png.rf.20386a3122f9dc43dca0512ae6a6ea7c,gemma4,vest,True,False
anuragraj03__frame00041_png.rf.20386a3122f9dc43dca0512ae6a6ea7c,gemma4,no-helmet,False,False
anuragraj03__frame00041_png.rf.20386a3122f9dc43dca0512ae6a6ea7c,gemma4,no-gloves,False,False
anuragraj03__frame00041_png.rf.20386a3122f9dc43dca0512ae6a6ea7c,gemma4,no-boots,False,False
anuragraj03__frame00041_png.rf.20386a3122f9dc43dca0512ae6a6ea7c,gemma4,no-vest,False,False
anuragraj03__frame00041_png.rf.20386a3122f9dc43dca0512ae6a6ea7c,minicpm-v,person,True,False
anuragraj03__frame00041_png.rf.20386a3122f9dc43dca0512ae6a6ea7c,minicpm-v,helmet,False,False
anuragraj03__frame00041_png.rf.20386a3122f9dc43dca0512ae6a6ea7c,minicpm-v,gloves,True,False
anuragraj03__frame00041_png.rf.20386a3122f9dc43dca0512ae6a6ea7c,minicpm-v,boots,True,False
anuragraj03__frame00041_png.rf.20386a3122f9dc43dca0512ae6a6ea7c,minicpm-v,vest,False,False
anuragraj03__frame00041_png.rf.20386a3122f9dc43dca0512ae6a6ea7c,minicpm-v,no-helmet,False,False
anuragraj03__frame00041_png.rf.20386a3122f9dc43dca0512ae6a6ea7c,minicpm-v,no-gloves,False,False
anuragraj03__frame00041_png.rf.20386a3122f9dc43dca0512ae6a6ea7c,minicpm-v,no-boots,False,False
anuragraj03__frame00041_png.rf.20386a3122f9dc43dca0512ae6a6ea7c,minicpm-v,no-vest,False,False
anuragraj03__frame00041_png.rf.2c3b0815a3d136b18bfaf7f73548bfc8,yolo,person,False,False
anuragraj03__frame00041_png.rf.2c3b0815a3d136b18bfaf7f73548bfc8,yolo,helmet,True,False
anuragraj03__frame00041_png.rf.2c3b0815a3d136b18bfaf7f73548bfc8,yolo,gloves,False,False
anuragraj03__frame00041_png.rf.2c3b0815a3d136b18bfaf7f73548bfc8,yolo,boots,True,False
anuragraj03__frame00041_png.rf.2c3b0815a3d136b18bfaf7f73548bfc8,yolo,vest,False,False
anuragraj03__frame00041_png.rf.2c3b0815a3d136b18bfaf7f73548bfc8,yolo,no-helmet,False,False
anuragraj03__frame00041_png.rf.2c3b0815a3d136b18bfaf7f73548bfc8,yolo,no-gloves,True,False
anuragraj03__frame00041_png.rf.2c3b0815a3d136b18bfaf7f73548bfc8,yolo,no-boots,True,False
anuragraj03__frame00041_png.rf.2c3b0815a3d136b18bfaf7f73548bfc8,yolo,no-vest,False,False
anuragraj03__frame00041_png.rf.2c3b0815a3d136b18bfaf7f73548bfc8,ollama,person,True,False
anuragraj03__frame00041_png.rf.2c3b0815a3d136b18bfaf7f73548bfc8,ollama,helmet,True,False
anuragraj03__frame00041_png.rf.2c3b0815a3d136b18bfaf7f73548bfc8,ollama,gloves,True,False
anuragraj03__frame00041_png.rf.2c3b0815a3d136b18bfaf7f73548bfc8,ollama,boots,True,False
anuragraj03__frame00041_png.rf.2c3b0815a3d136b18bfaf7f73548bfc8,ollama,vest,True,False
anuragraj03__frame00041_png.rf.2c3b0815a3d136b18bfaf7f73548bfc8,ollama,no-helmet,True,False
anuragraj03__frame00041_png.rf.2c3b0815a3d136b18bfaf7f73548bfc8,ollama,no-gloves,True,False
anuragraj03__frame00041_png.rf.2c3b0815a3d136b18bfaf7f73548bfc8,ollama,no-boots,True,False
anuragraj03__frame00041_png.rf.2c3b0815a3d136b18bfaf7f73548bfc8,ollama,no-vest,True,False
anuragraj03__frame00041_png.rf.2c3b0815a3d136b18bfaf7f73548bfc8,qwen3-vl,person,True,False
anuragraj03__frame00041_png.rf.2c3b0815a3d136b18bfaf7f73548bfc8,qwen3-vl,helmet,True,False
anuragraj03__frame00041_png.rf.2c3b0815a3d136b18bfaf7f73548bfc8,qwen3-vl,gloves,False,False
anuragraj03__frame00041_png.rf.2c3b0815a3d136b18bfaf7f73548bfc8,qwen3-vl,boots,False,False
anuragraj03__frame00041_png.rf.2c3b0815a3d136b18bfaf7f73548bfc8,qwen3-vl,vest,False,False
anuragraj03__frame00041_png.rf.2c3b0815a3d136b18bfaf7f73548bfc8,qwen3-vl,no-helmet,False,False
anuragraj03__frame00041_png.rf.2c3b0815a3d136b18bfaf7f73548bfc8,qwen3-vl,no-gloves,False,False
anuragraj03__frame00041_png.rf.2c3b0815a3d136b18bfaf7f73548bfc8,qwen3-vl,no-boots,False,False
anuragraj03__frame00041_png.rf.2c3b0815a3d136b18bfaf7f73548bfc8,qwen3-vl,no-vest,False,False
anuragraj03__frame00041_png.rf.2c3b0815a3d136b18bfaf7f73548bfc8,gemma4,person,True,False
anuragraj03__frame00041_png.rf.2c3b0815a3d136b18bfaf7f73548bfc8,gemma4,helmet,True,False
anuragraj03__frame00041_png.rf.2c3b0815a3d136b18bfaf7f73548bfc8,gemma4,gloves,True,False
anuragraj03__frame00041_png.rf.2c3b0815a3d136b18bfaf7f73548bfc8,gemma4,boots,True,False
anuragraj03__frame00041_png.rf.2c3b0815a3d136b18bfaf7f73548bfc8,gemma4,vest,True,False
anuragraj03__frame00041_png.rf.2c3b0815a3d136b18bfaf7f73548bfc8,gemma4,no-helmet,True,False
anuragraj03__frame00041_png.rf.2c3b0815a3d136b18bfaf7f73548bfc8,gemma4,no-gloves,True,False
anuragraj03__frame00041_png.rf.2c3b0815a3d136b18bfaf7f73548bfc8,gemma4,no-boots,True,False
anuragraj03__frame00041_png.rf.2c3b0815a3d136b18bfaf7f73548bfc8,gemma4,no-vest,True,False
anuragraj03__frame00041_png.rf.2c3b0815a3d136b18bfaf7f73548bfc8,minicpm-v,person,True,False
anuragraj03__frame00041_png.rf.2c3b0815a3d136b18bfaf7f73548bfc8,minicpm-v,helmet,True,False
anuragraj03__frame00041_png.rf.2c3b0815a3d136b18bfaf7f73548bfc8,minicpm-v,gloves,True,False
anuragraj03__frame00041_png.rf.2c3b0815a3d136b18bfaf7f73548bfc8,minicpm-v,boots,True,False
anuragraj03__frame00041_png.rf.2c3b0815a3d136b18bfaf7f73548bfc8,minicpm-v,vest,True,False
anuragraj03__frame00041_png.rf.2c3b0815a3d136b18bfaf7f73548bfc8,minicpm-v,no-helmet,False,False
anuragraj03__frame00041_png.rf.2c3b0815a3d136b18bfaf7f73548bfc8,minicpm-v,no-gloves,False,False
anuragraj03__frame00041_png.rf.2c3b0815a3d136b18bfaf7f73548bfc8,minicpm-v,no-boots,False,False
anuragraj03__frame00041_png.rf.2c3b0815a3d136b18bfaf7f73548bfc8,minicpm-v,no-vest,False,False
anuragraj03__frame00041_png.rf.6aef4165528a5eadb807bdc84365aa8d,yolo,person,False,False
anuragraj03__frame00041_png.rf.6aef4165528a5eadb807bdc84365aa8d,yolo,helmet,True,False
anuragraj03__frame00041_png.rf.6aef4165528a5eadb807bdc84365aa8d,yolo,gloves,True,False
anuragraj03__frame00041_png.rf.6aef4165528a5eadb807bdc84365aa8d,yolo,boots,True,False
anuragraj03__frame00041_png.rf.6aef4165528a5eadb807bdc84365aa8d,yolo,vest,False,False
anuragraj03__frame00041_png.rf.6aef4165528a5eadb807bdc84365aa8d,yolo,no-helmet,False,False
anuragraj03__frame00041_png.rf.6aef4165528a5eadb807bdc84365aa8d,yolo,no-gloves,True,False
anuragraj03__frame00041_png.rf.6aef4165528a5eadb807bdc84365aa8d,yolo,no-boots,False,False
anuragraj03__frame00041_png.rf.6aef4165528a5eadb807bdc84365aa8d,yolo,no-vest,False,False
anuragraj03__frame00041_png.rf.6aef4165528a5eadb807bdc84365aa8d,ollama,person,True,False
anuragraj03__frame00041_png.rf.6aef4165528a5eadb807bdc84365aa8d,ollama,helmet,True,False
anuragraj03__frame00041_png.rf.6aef4165528a5eadb807bdc84365aa8d,ollama,gloves,False,False
anuragraj03__frame00041_png.rf.6aef4165528a5eadb807bdc84365aa8d,ollama,boots,False,False
anuragraj03__frame00041_png.rf.6aef4165528a5eadb807bdc84365aa8d,ollama,vest,False,False
anuragraj03__frame00041_png.rf.6aef4165528a5eadb807bdc84365aa8d,ollama,no-helmet,False,False
anuragraj03__frame00041_png.rf.6aef4165528a5eadb807bdc84365aa8d,ollama,no-gloves,False,False
anuragraj03__frame00041_png.rf.6aef4165528a5eadb807bdc84365aa8d,ollama,no-boots,False,False
anuragraj03__frame00041_png.rf.6aef4165528a5eadb807bdc84365aa8d,ollama,no-vest,False,False
anuragraj03__frame00041_png.rf.6aef4165528a5eadb807bdc84365aa8d,qwen3-vl,person,True,False
anuragraj03__frame00041_png.rf.6aef4165528a5eadb807bdc84365aa8d,qwen3-vl,helmet,True,False
anuragraj03__frame00041_png.rf.6aef4165528a5eadb807bdc84365aa8d,qwen3-vl,gloves,False,False
anuragraj03__frame00041_png.rf.6aef4165528a5eadb807bdc84365aa8d,qwen3-vl,boots,True,False
anuragraj03__frame00041_png.rf.6aef4165528a5eadb807bdc84365aa8d,qwen3-vl,vest,False,False
anuragraj03__frame00041_png.rf.6aef4165528a5eadb807bdc84365aa8d,qwen3-vl,no-helmet,False,False
anuragraj03__frame00041_png.rf.6aef4165528a5eadb807bdc84365aa8d,qwen3-vl,no-gloves,True,False
anuragraj03__frame00041_png.rf.6aef4165528a5eadb807bdc84365aa8d,qwen3-vl,no-boots,False,False
anuragraj03__frame00041_png.rf.6aef4165528a5eadb807bdc84365aa8d,qwen3-vl,no-vest,False,False
anuragraj03__frame00041_png.rf.6aef4165528a5eadb807bdc84365aa8d,gemma4,person,True,False
anuragraj03__frame00041_png.rf.6aef4165528a5eadb807bdc84365aa8d,gemma4,helmet,True,False
anuragraj03__frame00041_png.rf.6aef4165528a5eadb807bdc84365aa8d,gemma4,gloves,True,False
anuragraj03__frame00041_png.rf.6aef4165528a5eadb807bdc84365aa8d,gemma4,boots,True,False
anuragraj03__frame00041_png.rf.6aef4165528a5eadb807bdc84365aa8d,gemma4,vest,True,False
anuragraj03__frame00041_png.rf.6aef4165528a5eadb807bdc84365aa8d,gemma4,no-helmet,False,False
anuragraj03__frame00041_png.rf.6aef4165528a5eadb807bdc84365aa8d,gemma4,no-gloves,False,False
anuragraj03__frame00041_png.rf.6aef4165528a5eadb807bdc84365aa8d,gemma4,no-boots,False,False
anuragraj03__frame00041_png.rf.6aef4165528a5eadb807bdc84365aa8d,gemma4,no-vest,False,False
anuragraj03__frame00041_png.rf.6aef4165528a5eadb807bdc84365aa8d,minicpm-v,person,True,False
anuragraj03__frame00041_png.rf.6aef4165528a5eadb807bdc84365aa8d,minicpm-v,helmet,True,False
anuragraj03__frame00041_png.rf.6aef4165528a5eadb807bdc84365aa8d,minicpm-v,gloves,True,False
anuragraj03__frame00041_png.rf.6aef4165528a5eadb807bdc84365aa8d,minicpm-v,boots,True,False
anuragraj03__frame00041_png.rf.6aef4165528a5eadb807bdc84365aa8d,minicpm-v,vest,False,False
anuragraj03__frame00041_png.rf.6aef4165528a5eadb807bdc84365aa8d,minicpm-v,no-helmet,False,False
anuragraj03__frame00041_png.rf.6aef4165528a5eadb807bdc84365aa8d,minicpm-v,no-gloves,False,False
anuragraj03__frame00041_png.rf.6aef4165528a5eadb807bdc84365aa8d,minicpm-v,no-boots,False,False
anuragraj03__frame00041_png.rf.6aef4165528a5eadb807bdc84365aa8d,minicpm-v,no-vest,True,False
anuragraj03__frame00041_png.rf.a1666ddcfc4a74c60a3e590953e20318,yolo,person,False,False
anuragraj03__frame00041_png.rf.a1666ddcfc4a74c60a3e590953e20318,yolo,helmet,False,False
anuragraj03__frame00041_png.rf.a1666ddcfc4a74c60a3e590953e20318,yolo,gloves,False,False
anuragraj03__frame00041_png.rf.a1666ddcfc4a74c60a3e590953e20318,yolo,boots,False,False
anuragraj03__frame00041_png.rf.a1666ddcfc4a74c60a3e590953e20318,yolo,vest,False,False
anuragraj03__frame00041_png.rf.a1666ddcfc4a74c60a3e590953e20318,yolo,no-helmet,True,False
anuragraj03__frame00041_png.rf.a1666ddcfc4a74c60a3e590953e20318,yolo,no-gloves,False,False
anuragraj03__frame00041_png.rf.a1666ddcfc4a74c60a3e590953e20318,yolo,no-boots,True,False
anuragraj03__frame00041_png.rf.a1666ddcfc4a74c60a3e590953e20318,yolo,no-vest,False,False
anuragraj03__frame00041_png.rf.a1666ddcfc4a74c60a3e590953e20318,ollama,person,True,False
anuragraj03__frame00041_png.rf.a1666ddcfc4a74c60a3e590953e20318,ollama,helmet,False,False
anuragraj03__frame00041_png.rf.a1666ddcfc4a74c60a3e590953e20318,ollama,gloves,True,False
anuragraj03__frame00041_png.rf.a1666ddcfc4a74c60a3e590953e20318,ollama,boots,True,False
anuragraj03__frame00041_png.rf.a1666ddcfc4a74c60a3e590953e20318,ollama,vest,False,False
anuragraj03__frame00041_png.rf.a1666ddcfc4a74c60a3e590953e20318,ollama,no-helmet,True,False
anuragraj03__frame00041_png.rf.a1666ddcfc4a74c60a3e590953e20318,ollama,no-gloves,False,False
anuragraj03__frame00041_png.rf.a1666ddcfc4a74c60a3e590953e20318,ollama,no-boots,False,False
anuragraj03__frame00041_png.rf.a1666ddcfc4a74c60a3e590953e20318,ollama,no-vest,True,False
anuragraj03__frame00041_png.rf.a1666ddcfc4a74c60a3e590953e20318,qwen3-vl,person,True,False
anuragraj03__frame00041_png.rf.a1666ddcfc4a74c60a3e590953e20318,qwen3-vl,helmet,False,False
anuragraj03__frame00041_png.rf.a1666ddcfc4a74c60a3e590953e20318,qwen3-vl,gloves,False,False
anuragraj03__frame00041_png.rf.a1666ddcfc4a74c60a3e590953e20318,qwen3-vl,boots,False,False
anuragraj03__frame00041_png.rf.a1666ddcfc4a74c60a3e590953e20318,qwen3-vl,vest,False,False
anuragraj03__frame00041_png.rf.a1666ddcfc4a74c60a3e590953e20318,qwen3-vl,no-helmet,False,False
anuragraj03__frame00041_png.rf.a1666ddcfc4a74c60a3e590953e20318,qwen3-vl,no-gloves,False,False
anuragraj03__frame00041_png.rf.a1666ddcfc4a74c60a3e590953e20318,qwen3-vl,no-boots,False,False
anuragraj03__frame00041_png.rf.a1666ddcfc4a74c60a3e590953e20318,qwen3-vl,no-vest,False,False
anuragraj03__frame00041_png.rf.a1666ddcfc4a74c60a3e590953e20318,gemma4,person,True,False
anuragraj03__frame00041_png.rf.a1666ddcfc4a74c60a3e590953e20318,gemma4,helmet,False,False
anuragraj03__frame00041_png.rf.a1666ddcfc4a74c60a3e590953e20318,gemma4,gloves,False,False
anuragraj03__frame00041_png.rf.a1666ddcfc4a74c60a3e590953e20318,gemma4,boots,True,False
anuragraj03__frame00041_png.rf.a1666ddcfc4a74c60a3e590953e20318,gemma4,vest,True,False
anuragraj03__frame00041_png.rf.a1666ddcfc4a74c60a3e590953e20318,gemma4,no-helmet,True,False
anuragraj03__frame00041_png.rf.a1666ddcfc4a74c60a3e590953e20318,gemma4,no-gloves,True,False
anuragraj03__frame00041_png.rf.a1666ddcfc4a74c60a3e590953e20318,gemma4,no-boots,False,False
anuragraj03__frame00041_png.rf.a1666ddcfc4a74c60a3e590953e20318,gemma4,no-vest,False,False
anuragraj03__frame00041_png.rf.a1666ddcfc4a74c60a3e590953e20318,minicpm-v,person,True,False
anuragraj03__frame00041_png.rf.a1666ddcfc4a74c60a3e590953e20318,minicpm-v,helmet,False,False
anuragraj03__frame00041_png.rf.a1666ddcfc4a74c60a3e590953e20318,minicpm-v,gloves,False,False
anuragraj03__frame00041_png.rf.a1666ddcfc4a74c60a3e590953e20318,minicpm-v,boots,True,False
anuragraj03__frame00041_png.rf.a1666ddcfc4a74c60a3e590953e20318,minicpm-v,vest,False,False
anuragraj03__frame00041_png.rf.a1666ddcfc4a74c60a3e590953e20318,minicpm-v,no-helmet,False,False
anuragraj03__frame00041_png.rf.a1666ddcfc4a74c60a3e590953e20318,minicpm-v,no-gloves,True,False
anuragraj03__frame00041_png.rf.a1666ddcfc4a74c60a3e590953e20318,minicpm-v,no-boots,False,False
anuragraj03__frame00041_png.rf.a1666ddcfc4a74c60a3e590953e20318,minicpm-v,no-vest,True,False
anuragraj03__frame00071_png.rf.d2098802276bd36181998e478d8a36d6,yolo,person,False,False
anuragraj03__frame00071_png.rf.d2098802276bd36181998e478d8a36d6,yolo,helmet,True,False
anuragraj03__frame00071_png.rf.d2098802276bd36181998e478d8a36d6,yolo,gloves,False,False
anuragraj03__frame00071_png.rf.d2098802276bd36181998e478d8a36d6,yolo,boots,False,False
anuragraj03__frame00071_png.rf.d2098802276bd36181998e478d8a36d6,yolo,vest,False,False
anuragraj03__frame00071_png.rf.d2098802276bd36181998e478d8a36d6,yolo,no-helmet,True,False
anuragraj03__frame00071_png.rf.d2098802276bd36181998e478d8a36d6,yolo,no-gloves,False,False
anuragraj03__frame00071_png.rf.d2098802276bd36181998e478d8a36d6,yolo,no-boots,True,False
anuragraj03__frame00071_png.rf.d2098802276bd36181998e478d8a36d6,yolo,no-vest,False,False
anuragraj03__frame00071_png.rf.d2098802276bd36181998e478d8a36d6,ollama,person,True,False
anuragraj03__frame00071_png.rf.d2098802276bd36181998e478d8a36d6,ollama,helmet,True,False
anuragraj03__frame00071_png.rf.d2098802276bd36181998e478d8a36d6,ollama,gloves,False,False
anuragraj03__frame00071_png.rf.d2098802276bd36181998e478d8a36d6,ollama,boots,False,False
anuragraj03__frame00071_png.rf.d2098802276bd36181998e478d8a36d6,ollama,vest,False,False
anuragraj03__frame00071_png.rf.d2098802276bd36181998e478d8a36d6,ollama,no-helmet,False,False
anuragraj03__frame00071_png.rf.d2098802276bd36181998e478d8a36d6,ollama,no-gloves,False,False
anuragraj03__frame00071_png.rf.d2098802276bd36181998e478d8a36d6,ollama,no-boots,False,False
anuragraj03__frame00071_png.rf.d2098802276bd36181998e478d8a36d6,ollama,no-vest,False,False
anuragraj03__frame00071_png.rf.d2098802276bd36181998e478d8a36d6,qwen3-vl,person,True,False
anuragraj03__frame00071_png.rf.d2098802276bd36181998e478d8a36d6,qwen3-vl,helmet,True,False
anuragraj03__frame00071_png.rf.d2098802276bd36181998e478d8a36d6,qwen3-vl,gloves,False,False
anuragraj03__frame00071_png.rf.d2098802276bd36181998e478d8a36d6,qwen3-vl,boots,False,False
anuragraj03__frame00071_png.rf.d2098802276bd36181998e478d8a36d6,qwen3-vl,vest,False,False
anuragraj03__frame00071_png.rf.d2098802276bd36181998e478d8a36d6,qwen3-vl,no-helmet,False,False
anuragraj03__frame00071_png.rf.d2098802276bd36181998e478d8a36d6,qwen3-vl,no-gloves,True,False
anuragraj03__frame00071_png.rf.d2098802276bd36181998e478d8a36d6,qwen3-vl,no-boots,True,False
anuragraj03__frame00071_png.rf.d2098802276bd36181998e478d8a36d6,qwen3-vl,no-vest,False,False
anuragraj03__frame00071_png.rf.d2098802276bd36181998e478d8a36d6,gemma4,person,True,False
anuragraj03__frame00071_png.rf.d2098802276bd36181998e478d8a36d6,gemma4,helmet,False,False
anuragraj03__frame00071_png.rf.d2098802276bd36181998e478d8a36d6,gemma4,gloves,False,False
anuragraj03__frame00071_png.rf.d2098802276bd36181998e478d8a36d6,gemma4,boots,True,False
anuragraj03__frame00071_png.rf.d2098802276bd36181998e478d8a36d6,gemma4,vest,True,False
anuragraj03__frame00071_png.rf.d2098802276bd36181998e478d8a36d6,gemma4,no-helmet,True,False
anuragraj03__frame00071_png.rf.d2098802276bd36181998e478d8a36d6,gemma4,no-gloves,True,False
anuragraj03__frame00071_png.rf.d2098802276bd36181998e478d8a36d6,gemma4,no-boots,False,False
anuragraj03__frame00071_png.rf.d2098802276bd36181998e478d8a36d6,gemma4,no-vest,False,False
anuragraj03__frame00071_png.rf.d2098802276bd36181998e478d8a36d6,minicpm-v,person,True,False
anuragraj03__frame00071_png.rf.d2098802276bd36181998e478d8a36d6,minicpm-v,helmet,True,False
anuragraj03__frame00071_png.rf.d2098802276bd36181998e478d8a36d6,minicpm-v,gloves,True,False
anuragraj03__frame00071_png.rf.d2098802276bd36181998e478d8a36d6,minicpm-v,boots,True,False
anuragraj03__frame00071_png.rf.d2098802276bd36181998e478d8a36d6,minicpm-v,vest,True,False
anuragraj03__frame00071_png.rf.d2098802276bd36181998e478d8a36d6,minicpm-v,no-helmet,False,False
anuragraj03__frame00071_png.rf.d2098802276bd36181998e478d8a36d6,minicpm-v,no-gloves,False,False
anuragraj03__frame00071_png.rf.d2098802276bd36181998e478d8a36d6,minicpm-v,no-boots,False,False
anuragraj03__frame00071_png.rf.d2098802276bd36181998e478d8a36d6,minicpm-v,no-vest,False,False
anuragraj03__frame00101_png.rf.dedcbdb6f20ebbd255876c87c03bb245,yolo,person,False,False
anuragraj03__frame00101_png.rf.dedcbdb6f20ebbd255876c87c03bb245,yolo,helmet,True,False
anuragraj03__frame00101_png.rf.dedcbdb6f20ebbd255876c87c03bb245,yolo,gloves,True,False
anuragraj03__frame00101_png.rf.dedcbdb6f20ebbd255876c87c03bb245,yolo,boots,True,False
anuragraj03__frame00101_png.rf.dedcbdb6f20ebbd255876c87c03bb245,yolo,vest,False,False
anuragraj03__frame00101_png.rf.dedcbdb6f20ebbd255876c87c03bb245,yolo,no-helmet,False,False
anuragraj03__frame00101_png.rf.dedcbdb6f20ebbd255876c87c03bb245,yolo,no-gloves,False,False
anuragraj03__frame00101_png.rf.dedcbdb6f20ebbd255876c87c03bb245,yolo,no-boots,False,False
anuragraj03__frame00101_png.rf.dedcbdb6f20ebbd255876c87c03bb245,yolo,no-vest,False,False
anuragraj03__frame00101_png.rf.dedcbdb6f20ebbd255876c87c03bb245,ollama,person,True,False
anuragraj03__frame00101_png.rf.dedcbdb6f20ebbd255876c87c03bb245,ollama,helmet,True,False
anuragraj03__frame00101_png.rf.dedcbdb6f20ebbd255876c87c03bb245,ollama,gloves,True,False
anuragraj03__frame00101_png.rf.dedcbdb6f20ebbd255876c87c03bb245,ollama,boots,True,False
anuragraj03__frame00101_png.rf.dedcbdb6f20ebbd255876c87c03bb245,ollama,vest,True,False
anuragraj03__frame00101_png.rf.dedcbdb6f20ebbd255876c87c03bb245,ollama,no-helmet,False,False
anuragraj03__frame00101_png.rf.dedcbdb6f20ebbd255876c87c03bb245,ollama,no-gloves,False,False
anuragraj03__frame00101_png.rf.dedcbdb6f20ebbd255876c87c03bb245,ollama,no-boots,False,False
anuragraj03__frame00101_png.rf.dedcbdb6f20ebbd255876c87c03bb245,ollama,no-vest,False,False
anuragraj03__frame00101_png.rf.dedcbdb6f20ebbd255876c87c03bb245,qwen3-vl,person,True,False
anuragraj03__frame00101_png.rf.dedcbdb6f20ebbd255876c87c03bb245,qwen3-vl,helmet,True,False
anuragraj03__frame00101_png.rf.dedcbdb6f20ebbd255876c87c03bb245,qwen3-vl,gloves,False,False
anuragraj03__frame00101_png.rf.dedcbdb6f20ebbd255876c87c03bb245,qwen3-vl,boots,False,False
anuragraj03__frame00101_png.rf.dedcbdb6f20ebbd255876c87c03bb245,qwen3-vl,vest,False,False
anuragraj03__frame00101_png.rf.dedcbdb6f20ebbd255876c87c03bb245,qwen3-vl,no-helmet,False,False
anuragraj03__frame00101_png.rf.dedcbdb6f20ebbd255876c87c03bb245,qwen3-vl,no-gloves,False,False
anuragraj03__frame00101_png.rf.dedcbdb6f20ebbd255876c87c03bb245,qwen3-vl,no-boots,False,False
anuragraj03__frame00101_png.rf.dedcbdb6f20ebbd255876c87c03bb245,qwen3-vl,no-vest,False,False
anuragraj03__frame00101_png.rf.dedcbdb6f20ebbd255876c87c03bb245,gemma4,person,True,False
anuragraj03__frame00101_png.rf.dedcbdb6f20ebbd255876c87c03bb245,gemma4,helmet,True,False
anuragraj03__frame00101_png.rf.dedcbdb6f20ebbd255876c87c03bb245,gemma4,gloves,True,False
anuragraj03__frame00101_png.rf.dedcbdb6f20ebbd255876c87c03bb245,gemma4,boots,True,False
anuragraj03__frame00101_png.rf.dedcbdb6f20ebbd255876c87c03bb245,gemma4,vest,True,False
anuragraj03__frame00101_png.rf.dedcbdb6f20ebbd255876c87c03bb245,gemma4,no-helmet,True,False
anuragraj03__frame00101_png.rf.dedcbdb6f20ebbd255876c87c03bb245,gemma4,no-gloves,False,False
anuragraj03__frame00101_png.rf.dedcbdb6f20ebbd255876c87c03bb245,gemma4,no-boots,False,False
anuragraj03__frame00101_png.rf.dedcbdb6f20ebbd255876c87c03bb245,gemma4,no-vest,False,False
anuragraj03__frame00101_png.rf.dedcbdb6f20ebbd255876c87c03bb245,minicpm-v,person,True,False
anuragraj03__frame00101_png.rf.dedcbdb6f20ebbd255876c87c03bb245,minicpm-v,helmet,True,False
anuragraj03__frame00101_png.rf.dedcbdb6f20ebbd255876c87c03bb245,minicpm-v,gloves,False,False
anuragraj03__frame00101_png.rf.dedcbdb6f20ebbd255876c87c03bb245,minicpm-v,boots,True,False
anuragraj03__frame00101_png.rf.dedcbdb6f20ebbd255876c87c03bb245,minicpm-v,vest,True,False
anuragraj03__frame00101_png.rf.dedcbdb6f20ebbd255876c87c03bb245,minicpm-v,no-helmet,False,False
anuragraj03__frame00101_png.rf.dedcbdb6f20ebbd255876c87c03bb245,minicpm-v,no-gloves,True,False
anuragraj03__frame00101_png.rf.dedcbdb6f20ebbd255876c87c03bb245,minicpm-v,no-boots,False,False
anuragraj03__frame00101_png.rf.dedcbdb6f20ebbd255876c87c03bb245,minicpm-v,no-vest,False,False
anuragraj03__frame00131_png.rf.1f9f207521e3854473cce027585e31b7,yolo,person,False,False
anuragraj03__frame00131_png.rf.1f9f207521e3854473cce027585e31b7,yolo,helmet,False,False
anuragraj03__frame00131_png.rf.1f9f207521e3854473cce027585e31b7,yolo,gloves,False,False
anuragraj03__frame00131_png.rf.1f9f207521e3854473cce027585e31b7,yolo,boots,True,False
anuragraj03__frame00131_png.rf.1f9f207521e3854473cce027585e31b7,yolo,vest,False,False
anuragraj03__frame00131_png.rf.1f9f207521e3854473cce027585e31b7,yolo,no-helmet,True,False
anuragraj03__frame00131_png.rf.1f9f207521e3854473cce027585e31b7,yolo,no-gloves,False,False
anuragraj03__frame00131_png.rf.1f9f207521e3854473cce027585e31b7,yolo,no-boots,False,False
anuragraj03__frame00131_png.rf.1f9f207521e3854473cce027585e31b7,yolo,no-vest,False,False
anuragraj03__frame00131_png.rf.1f9f207521e3854473cce027585e31b7,ollama,person,True,False
anuragraj03__frame00131_png.rf.1f9f207521e3854473cce027585e31b7,ollama,helmet,False,False
anuragraj03__frame00131_png.rf.1f9f207521e3854473cce027585e31b7,ollama,gloves,False,False
anuragraj03__frame00131_png.rf.1f9f207521e3854473cce027585e31b7,ollama,boots,False,False
anuragraj03__frame00131_png.rf.1f9f207521e3854473cce027585e31b7,ollama,vest,False,False
anuragraj03__frame00131_png.rf.1f9f207521e3854473cce027585e31b7,ollama,no-helmet,True,False
anuragraj03__frame00131_png.rf.1f9f207521e3854473cce027585e31b7,ollama,no-gloves,True,False
anuragraj03__frame00131_png.rf.1f9f207521e3854473cce027585e31b7,ollama,no-boots,True,False
anuragraj03__frame00131_png.rf.1f9f207521e3854473cce027585e31b7,ollama,no-vest,True,False
anuragraj03__frame00131_png.rf.1f9f207521e3854473cce027585e31b7,qwen3-vl,person,True,False
anuragraj03__frame00131_png.rf.1f9f207521e3854473cce027585e31b7,qwen3-vl,helmet,False,False
anuragraj03__frame00131_png.rf.1f9f207521e3854473cce027585e31b7,qwen3-vl,gloves,False,False
anuragraj03__frame00131_png.rf.1f9f207521e3854473cce027585e31b7,qwen3-vl,boots,True,False
anuragraj03__frame00131_png.rf.1f9f207521e3854473cce027585e31b7,qwen3-vl,vest,False,False
anuragraj03__frame00131_png.rf.1f9f207521e3854473cce027585e31b7,qwen3-vl,no-helmet,True,False
anuragraj03__frame00131_png.rf.1f9f207521e3854473cce027585e31b7,qwen3-vl,no-gloves,True,False
anuragraj03__frame00131_png.rf.1f9f207521e3854473cce027585e31b7,qwen3-vl,no-boots,False,False
anuragraj03__frame00131_png.rf.1f9f207521e3854473cce027585e31b7,qwen3-vl,no-vest,True,False
anuragraj03__frame00131_png.rf.1f9f207521e3854473cce027585e31b7,gemma4,person,True,False
anuragraj03__frame00131_png.rf.1f9f207521e3854473cce027585e31b7,gemma4,helmet,True,False
anuragraj03__frame00131_png.rf.1f9f207521e3854473cce027585e31b7,gemma4,gloves,True,False
anuragraj03__frame00131_png.rf.1f9f207521e3854473cce027585e31b7,gemma4,boots,True,False
anuragraj03__frame00131_png.rf.1f9f207521e3854473cce027585e31b7,gemma4,vest,True,False
anuragraj03__frame00131_png.rf.1f9f207521e3854473cce027585e31b7,gemma4,no-helmet,False,False
anuragraj03__frame00131_png.rf.1f9f207521e3854473cce027585e31b7,gemma4,no-gloves,False,False
anuragraj03__frame00131_png.rf.1f9f207521e3854473cce027585e31b7,gemma4,no-boots,False,False
anuragraj03__frame00131_png.rf.1f9f207521e3854473cce027585e31b7,gemma4,no-vest,False,False
anuragraj03__frame00131_png.rf.1f9f207521e3854473cce027585e31b7,minicpm-v,person,True,False
anuragraj03__frame00131_png.rf.1f9f207521e3854473cce027585e31b7,minicpm-v,helmet,False,False
anuragraj03__frame00131_png.rf.1f9f207521e3854473cce027585e31b7,minicpm-v,gloves,False,False
anuragraj03__frame00131_png.rf.1f9f207521e3854473cce027585e31b7,minicpm-v,boots,True,False
anuragraj03__frame00131_png.rf.1f9f207521e3854473cce027585e31b7,minicpm-v,vest,False,False
anuragraj03__frame00131_png.rf.1f9f207521e3854473cce027585e31b7,minicpm-v,no-helmet,True,False
anuragraj03__frame00131_png.rf.1f9f207521e3854473cce027585e31b7,minicpm-v,no-gloves,True,False
anuragraj03__frame00131_png.rf.1f9f207521e3854473cce027585e31b7,minicpm-v,no-boots,False,False
anuragraj03__frame00131_png.rf.1f9f207521e3854473cce027585e31b7,minicpm-v,no-vest,True,False
anuragraj03__frame00131_png.rf.5ad8f6bed55b1b0b79806646798381ec,yolo,person,False,False
anuragraj03__frame00131_png.rf.5ad8f6bed55b1b0b79806646798381ec,yolo,helmet,True,False
anuragraj03__frame00131_png.rf.5ad8f6bed55b1b0b79806646798381ec,yolo,gloves,True,False
anuragraj03__frame00131_png.rf.5ad8f6bed55b1b0b79806646798381ec,yolo,boots,True,False
anuragraj03__frame00131_png.rf.5ad8f6bed55b1b0b79806646798381ec,yolo,vest,False,False
anuragraj03__frame00131_png.rf.5ad8f6bed55b1b0b79806646798381ec,yolo,no-helmet,False,False
anuragraj03__frame00131_png.rf.5ad8f6bed55b1b0b79806646798381ec,yolo,no-gloves,True,False
anuragraj03__frame00131_png.rf.5ad8f6bed55b1b0b79806646798381ec,yolo,no-boots,False,False
anuragraj03__frame00131_png.rf.5ad8f6bed55b1b0b79806646798381ec,yolo,no-vest,False,False
anuragraj03__frame00131_png.rf.5ad8f6bed55b1b0b79806646798381ec,ollama,person,True,False
anuragraj03__frame00131_png.rf.5ad8f6bed55b1b0b79806646798381ec,ollama,helmet,False,False
anuragraj03__frame00131_png.rf.5ad8f6bed55b1b0b79806646798381ec,ollama,gloves,False,False
anuragraj03__frame00131_png.rf.5ad8f6bed55b1b0b79806646798381ec,ollama,boots,False,False
anuragraj03__frame00131_png.rf.5ad8f6bed55b1b0b79806646798381ec,ollama,vest,False,False
anuragraj03__frame00131_png.rf.5ad8f6bed55b1b0b79806646798381ec,ollama,no-helmet,True,False
anuragraj03__frame00131_png.rf.5ad8f6bed55b1b0b79806646798381ec,ollama,no-gloves,True,False
anuragraj03__frame00131_png.rf.5ad8f6bed55b1b0b79806646798381ec,ollama,no-boots,True,False
anuragraj03__frame00131_png.rf.5ad8f6bed55b1b0b79806646798381ec,ollama,no-vest,True,False
anuragraj03__frame00131_png.rf.5ad8f6bed55b1b0b79806646798381ec,qwen3-vl,person,True,False
anuragraj03__frame00131_png.rf.5ad8f6bed55b1b0b79806646798381ec,qwen3-vl,helmet,True,False
anuragraj03__frame00131_png.rf.5ad8f6bed55b1b0b79806646798381ec,qwen3-vl,gloves,False,False
anuragraj03__frame00131_png.rf.5ad8f6bed55b1b0b79806646798381ec,qwen3-vl,boots,True,False
anuragraj03__frame00131_png.rf.5ad8f6bed55b1b0b79806646798381ec,qwen3-vl,vest,False,False
anuragraj03__frame00131_png.rf.5ad8f6bed55b1b0b79806646798381ec,qwen3-vl,no-helmet,False,False
anuragraj03__frame00131_png.rf.5ad8f6bed55b1b0b79806646798381ec,qwen3-vl,no-gloves,True,False
anuragraj03__frame00131_png.rf.5ad8f6bed55b1b0b79806646798381ec,qwen3-vl,no-boots,False,False
anuragraj03__frame00131_png.rf.5ad8f6bed55b1b0b79806646798381ec,qwen3-vl,no-vest,False,False
anuragraj03__frame00131_png.rf.5ad8f6bed55b1b0b79806646798381ec,gemma4,person,True,False
anuragraj03__frame00131_png.rf.5ad8f6bed55b1b0b79806646798381ec,gemma4,helmet,True,False
anuragraj03__frame00131_png.rf.5ad8f6bed55b1b0b79806646798381ec,gemma4,gloves,True,False
anuragraj03__frame00131_png.rf.5ad8f6bed55b1b0b79806646798381ec,gemma4,boots,True,False
anuragraj03__frame00131_png.rf.5ad8f6bed55b1b0b79806646798381ec,gemma4,vest,True,False
anuragraj03__frame00131_png.rf.5ad8f6bed55b1b0b79806646798381ec,gemma4,no-helmet,False,False
anuragraj03__frame00131_png.rf.5ad8f6bed55b1b0b79806646798381ec,gemma4,no-gloves,False,False
anuragraj03__frame00131_png.rf.5ad8f6bed55b1b0b79806646798381ec,gemma4,no-boots,False,False
anuragraj03__frame00131_png.rf.5ad8f6bed55b1b0b79806646798381ec,gemma4,no-vest,False,False
anuragraj03__frame00131_png.rf.5ad8f6bed55b1b0b79806646798381ec,minicpm-v,person,True,False
anuragraj03__frame00131_png.rf.5ad8f6bed55b1b0b79806646798381ec,minicpm-v,helmet,True,False
anuragraj03__frame00131_png.rf.5ad8f6bed55b1b0b79806646798381ec,minicpm-v,gloves,False,False
anuragraj03__frame00131_png.rf.5ad8f6bed55b1b0b79806646798381ec,minicpm-v,boots,True,False
anuragraj03__frame00131_png.rf.5ad8f6bed55b1b0b79806646798381ec,minicpm-v,vest,True,False
anuragraj03__frame00131_png.rf.5ad8f6bed55b1b0b79806646798381ec,minicpm-v,no-helmet,False,False
anuragraj03__frame00131_png.rf.5ad8f6bed55b1b0b79806646798381ec,minicpm-v,no-gloves,True,False
anuragraj03__frame00131_png.rf.5ad8f6bed55b1b0b79806646798381ec,minicpm-v,no-boots,False,False
anuragraj03__frame00131_png.rf.5ad8f6bed55b1b0b79806646798381ec,minicpm-v,no-vest,False,False
anuragraj03__frame00141_png.rf.ef91fd9bb1a76e42f9c5dc35844603b5,yolo,person,False,False
anuragraj03__frame00141_png.rf.ef91fd9bb1a76e42f9c5dc35844603b5,yolo,helmet,True,False
anuragraj03__frame00141_png.rf.ef91fd9bb1a76e42f9c5dc35844603b5,yolo,gloves,True,False
anuragraj03__frame00141_png.rf.ef91fd9bb1a76e42f9c5dc35844603b5,yolo,boots,True,False
anuragraj03__frame00141_png.rf.ef91fd9bb1a76e42f9c5dc35844603b5,yolo,vest,False,False
anuragraj03__frame00141_png.rf.ef91fd9bb1a76e42f9c5dc35844603b5,yolo,no-helmet,False,False
anuragraj03__frame00141_png.rf.ef91fd9bb1a76e42f9c5dc35844603b5,yolo,no-gloves,False,False
anuragraj03__frame00141_png.rf.ef91fd9bb1a76e42f9c5dc35844603b5,yolo,no-boots,False,False
anuragraj03__frame00141_png.rf.ef91fd9bb1a76e42f9c5dc35844603b5,yolo,no-vest,False,False
anuragraj03__frame00141_png.rf.ef91fd9bb1a76e42f9c5dc35844603b5,ollama,person,True,False
anuragraj03__frame00141_png.rf.ef91fd9bb1a76e42f9c5dc35844603b5,ollama,helmet,True,False
anuragraj03__frame00141_png.rf.ef91fd9bb1a76e42f9c5dc35844603b5,ollama,gloves,False,False
anuragraj03__frame00141_png.rf.ef91fd9bb1a76e42f9c5dc35844603b5,ollama,boots,True,False
anuragraj03__frame00141_png.rf.ef91fd9bb1a76e42f9c5dc35844603b5,ollama,vest,True,False
anuragraj03__frame00141_png.rf.ef91fd9bb1a76e42f9c5dc35844603b5,ollama,no-helmet,False,False
anuragraj03__frame00141_png.rf.ef91fd9bb1a76e42f9c5dc35844603b5,ollama,no-gloves,False,False
anuragraj03__frame00141_png.rf.ef91fd9bb1a76e42f9c5dc35844603b5,ollama,no-boots,False,False
anuragraj03__frame00141_png.rf.ef91fd9bb1a76e42f9c5dc35844603b5,ollama,no-vest,False,False
anuragraj03__frame00141_png.rf.ef91fd9bb1a76e42f9c5dc35844603b5,qwen3-vl,person,True,False
anuragraj03__frame00141_png.rf.ef91fd9bb1a76e42f9c5dc35844603b5,qwen3-vl,helmet,True,False
anuragraj03__frame00141_png.rf.ef91fd9bb1a76e42f9c5dc35844603b5,qwen3-vl,gloves,True,False
anuragraj03__frame00141_png.rf.ef91fd9bb1a76e42f9c5dc35844603b5,qwen3-vl,boots,True,False
anuragraj03__frame00141_png.rf.ef91fd9bb1a76e42f9c5dc35844603b5,qwen3-vl,vest,False,False
anuragraj03__frame00141_png.rf.ef91fd9bb1a76e42f9c5dc35844603b5,qwen3-vl,no-helmet,False,False
anuragraj03__frame00141_png.rf.ef91fd9bb1a76e42f9c5dc35844603b5,qwen3-vl,no-gloves,False,False
anuragraj03__frame00141_png.rf.ef91fd9bb1a76e42f9c5dc35844603b5,qwen3-vl,no-boots,False,False
anuragraj03__frame00141_png.rf.ef91fd9bb1a76e42f9c5dc35844603b5,qwen3-vl,no-vest,False,False
anuragraj03__frame00141_png.rf.ef91fd9bb1a76e42f9c5dc35844603b5,gemma4,person,True,False
anuragraj03__frame00141_png.rf.ef91fd9bb1a76e42f9c5dc35844603b5,gemma4,helmet,True,False
anuragraj03__frame00141_png.rf.ef91fd9bb1a76e42f9c5dc35844603b5,gemma4,gloves,True,False
anuragraj03__frame00141_png.rf.ef91fd9bb1a76e42f9c5dc35844603b5,gemma4,boots,True,False
anuragraj03__frame00141_png.rf.ef91fd9bb1a76e42f9c5dc35844603b5,gemma4,vest,True,False
anuragraj03__frame00141_png.rf.ef91fd9bb1a76e42f9c5dc35844603b5,gemma4,no-helmet,False,False
anuragraj03__frame00141_png.rf.ef91fd9bb1a76e42f9c5dc35844603b5,gemma4,no-gloves,False,False
anuragraj03__frame00141_png.rf.ef91fd9bb1a76e42f9c5dc35844603b5,gemma4,no-boots,False,False
anuragraj03__frame00141_png.rf.ef91fd9bb1a76e42f9c5dc35844603b5,gemma4,no-vest,False,False
anuragraj03__frame00141_png.rf.ef91fd9bb1a76e42f9c5dc35844603b5,minicpm-v,person,True,False
anuragraj03__frame00141_png.rf.ef91fd9bb1a76e42f9c5dc35844603b5,minicpm-v,helmet,True,False
anuragraj03__frame00141_png.rf.ef91fd9bb1a76e42f9c5dc35844603b5,minicpm-v,gloves,True,False
anuragraj03__frame00141_png.rf.ef91fd9bb1a76e42f9c5dc35844603b5,minicpm-v,boots,True,False
anuragraj03__frame00141_png.rf.ef91fd9bb1a76e42f9c5dc35844603b5,minicpm-v,vest,True,False
anuragraj03__frame00141_png.rf.ef91fd9bb1a76e42f9c5dc35844603b5,minicpm-v,no-helmet,False,False
anuragraj03__frame00141_png.rf.ef91fd9bb1a76e42f9c5dc35844603b5,minicpm-v,no-gloves,False,False
anuragraj03__frame00141_png.rf.ef91fd9bb1a76e42f9c5dc35844603b5,minicpm-v,no-boots,False,False
anuragraj03__frame00141_png.rf.ef91fd9bb1a76e42f9c5dc35844603b5,minicpm-v,no-vest,False,False
anuragraj03__frame00151_png.rf.9770af2de4398b3e2e1281c652a23988,yolo,person,False,False
anuragraj03__frame00151_png.rf.9770af2de4398b3e2e1281c652a23988,yolo,helmet,True,False
anuragraj03__frame00151_png.rf.9770af2de4398b3e2e1281c652a23988,yolo,gloves,False,False
anuragraj03__frame00151_png.rf.9770af2de4398b3e2e1281c652a23988,yolo,boots,False,False
anuragraj03__frame00151_png.rf.9770af2de4398b3e2e1281c652a23988,yolo,vest,False,False
anuragraj03__frame00151_png.rf.9770af2de4398b3e2e1281c652a23988,yolo,no-helmet,True,False
anuragraj03__frame00151_png.rf.9770af2de4398b3e2e1281c652a23988,yolo,no-gloves,False,False
anuragraj03__frame00151_png.rf.9770af2de4398b3e2e1281c652a23988,yolo,no-boots,True,False
anuragraj03__frame00151_png.rf.9770af2de4398b3e2e1281c652a23988,yolo,no-vest,False,False
anuragraj03__frame00151_png.rf.9770af2de4398b3e2e1281c652a23988,ollama,person,True,False
anuragraj03__frame00151_png.rf.9770af2de4398b3e2e1281c652a23988,ollama,helmet,True,False
anuragraj03__frame00151_png.rf.9770af2de4398b3e2e1281c652a23988,ollama,gloves,True,False
anuragraj03__frame00151_png.rf.9770af2de4398b3e2e1281c652a23988,ollama,boots,True,False
anuragraj03__frame00151_png.rf.9770af2de4398b3e2e1281c652a23988,ollama,vest,True,False
anuragraj03__frame00151_png.rf.9770af2de4398b3e2e1281c652a23988,ollama,no-helmet,True,False
anuragraj03__frame00151_png.rf.9770af2de4398b3e2e1281c652a23988,ollama,no-gloves,True,False
anuragraj03__frame00151_png.rf.9770af2de4398b3e2e1281c652a23988,ollama,no-boots,True,False
anuragraj03__frame00151_png.rf.9770af2de4398b3e2e1281c652a23988,ollama,no-vest,True,False
anuragraj03__frame00151_png.rf.9770af2de4398b3e2e1281c652a23988,qwen3-vl,person,True,False
anuragraj03__frame00151_png.rf.9770af2de4398b3e2e1281c652a23988,qwen3-vl,helmet,True,False
anuragraj03__frame00151_png.rf.9770af2de4398b3e2e1281c652a23988,qwen3-vl,gloves,False,False
anuragraj03__frame00151_png.rf.9770af2de4398b3e2e1281c652a23988,qwen3-vl,boots,False,False
anuragraj03__frame00151_png.rf.9770af2de4398b3e2e1281c652a23988,qwen3-vl,vest,False,False
anuragraj03__frame00151_png.rf.9770af2de4398b3e2e1281c652a23988,qwen3-vl,no-helmet,True,False
anuragraj03__frame00151_png.rf.9770af2de4398b3e2e1281c652a23988,qwen3-vl,no-gloves,True,False
anuragraj03__frame00151_png.rf.9770af2de4398b3e2e1281c652a23988,qwen3-vl,no-boots,True,False
anuragraj03__frame00151_png.rf.9770af2de4398b3e2e1281c652a23988,qwen3-vl,no-vest,True,False
anuragraj03__frame00151_png.rf.9770af2de4398b3e2e1281c652a23988,gemma4,person,True,False
anuragraj03__frame00151_png.rf.9770af2de4398b3e2e1281c652a23988,gemma4,helmet,True,False
anuragraj03__frame00151_png.rf.9770af2de4398b3e2e1281c652a23988,gemma4,gloves,True,False
anuragraj03__frame00151_png.rf.9770af2de4398b3e2e1281c652a23988,gemma4,boots,True,False
anuragraj03__frame00151_png.rf.9770af2de4398b3e2e1281c652a23988,gemma4,vest,True,False
anuragraj03__frame00151_png.rf.9770af2de4398b3e2e1281c652a23988,gemma4,no-helmet,True,False
anuragraj03__frame00151_png.rf.9770af2de4398b3e2e1281c652a23988,gemma4,no-gloves,True,False
anuragraj03__frame00151_png.rf.9770af2de4398b3e2e1281c652a23988,gemma4,no-boots,False,False
anuragraj03__frame00151_png.rf.9770af2de4398b3e2e1281c652a23988,gemma4,no-vest,True,False
anuragraj03__frame00151_png.rf.9770af2de4398b3e2e1281c652a23988,minicpm-v,person,True,False
anuragraj03__frame00151_png.rf.9770af2de4398b3e2e1281c652a23988,minicpm-v,helmet,True,False
anuragraj03__frame00151_png.rf.9770af2de4398b3e2e1281c652a23988,minicpm-v,gloves,False,False
anuragraj03__frame00151_png.rf.9770af2de4398b3e2e1281c652a23988,minicpm-v,boots,True,False
anuragraj03__frame00151_png.rf.9770af2de4398b3e2e1281c652a23988,minicpm-v,vest,False,False
anuragraj03__frame00151_png.rf.9770af2de4398b3e2e1281c652a23988,minicpm-v,no-helmet,False,False
anuragraj03__frame00151_png.rf.9770af2de4398b3e2e1281c652a23988,minicpm-v,no-gloves,True,False
anuragraj03__frame00151_png.rf.9770af2de4398b3e2e1281c652a23988,minicpm-v,no-boots,False,False
anuragraj03__frame00151_png.rf.9770af2de4398b3e2e1281c652a23988,minicpm-v,no-vest,False,False
anuragraj03__frame00161_png.rf.d39620b3cbcd4d63a721bbc980285294,yolo,person,False,False
anuragraj03__frame00161_png.rf.d39620b3cbcd4d63a721bbc980285294,yolo,helmet,False,False
anuragraj03__frame00161_png.rf.d39620b3cbcd4d63a721bbc980285294,yolo,gloves,False,False
anuragraj03__frame00161_png.rf.d39620b3cbcd4d63a721bbc980285294,yolo,boots,True,False
anuragraj03__frame00161_png.rf.d39620b3cbcd4d63a721bbc980285294,yolo,vest,False,False
anuragraj03__frame00161_png.rf.d39620b3cbcd4d63a721bbc980285294,yolo,no-helmet,True,False
anuragraj03__frame00161_png.rf.d39620b3cbcd4d63a721bbc980285294,yolo,no-gloves,False,False
anuragraj03__frame00161_png.rf.d39620b3cbcd4d63a721bbc980285294,yolo,no-boots,True,False
anuragraj03__frame00161_png.rf.d39620b3cbcd4d63a721bbc980285294,yolo,no-vest,False,False
anuragraj03__frame00161_png.rf.d39620b3cbcd4d63a721bbc980285294,ollama,person,True,False
anuragraj03__frame00161_png.rf.d39620b3cbcd4d63a721bbc980285294,ollama,helmet,False,False
anuragraj03__frame00161_png.rf.d39620b3cbcd4d63a721bbc980285294,ollama,gloves,False,False
anuragraj03__frame00161_png.rf.d39620b3cbcd4d63a721bbc980285294,ollama,boots,False,False
anuragraj03__frame00161_png.rf.d39620b3cbcd4d63a721bbc980285294,ollama,vest,False,False
anuragraj03__frame00161_png.rf.d39620b3cbcd4d63a721bbc980285294,ollama,no-helmet,False,False
anuragraj03__frame00161_png.rf.d39620b3cbcd4d63a721bbc980285294,ollama,no-gloves,True,False
anuragraj03__frame00161_png.rf.d39620b3cbcd4d63a721bbc980285294,ollama,no-boots,True,False
anuragraj03__frame00161_png.rf.d39620b3cbcd4d63a721bbc980285294,ollama,no-vest,True,False
anuragraj03__frame00161_png.rf.d39620b3cbcd4d63a721bbc980285294,qwen3-vl,person,True,False
anuragraj03__frame00161_png.rf.d39620b3cbcd4d63a721bbc980285294,qwen3-vl,helmet,False,False
anuragraj03__frame00161_png.rf.d39620b3cbcd4d63a721bbc980285294,qwen3-vl,gloves,False,False
anuragraj03__frame00161_png.rf.d39620b3cbcd4d63a721bbc980285294,qwen3-vl,boots,False,False
anuragraj03__frame00161_png.rf.d39620b3cbcd4d63a721bbc980285294,qwen3-vl,vest,False,False
anuragraj03__frame00161_png.rf.d39620b3cbcd4d63a721bbc980285294,qwen3-vl,no-helmet,True,False
anuragraj03__frame00161_png.rf.d39620b3cbcd4d63a721bbc980285294,qwen3-vl,no-gloves,True,False
anuragraj03__frame00161_png.rf.d39620b3cbcd4d63a721bbc980285294,qwen3-vl,no-boots,True,False
anuragraj03__frame00161_png.rf.d39620b3cbcd4d63a721bbc980285294,qwen3-vl,no-vest,True,False
anuragraj03__frame00161_png.rf.d39620b3cbcd4d63a721bbc980285294,gemma4,person,True,False
anuragraj03__frame00161_png.rf.d39620b3cbcd4d63a721bbc980285294,gemma4,helmet,True,False
anuragraj03__frame00161_png.rf.d39620b3cbcd4d63a721bbc980285294,gemma4,gloves,True,False
anuragraj03__frame00161_png.rf.d39620b3cbcd4d63a721bbc980285294,gemma4,boots,True,False
anuragraj03__frame00161_png.rf.d39620b3cbcd4d63a721bbc980285294,gemma4,vest,True,False
anuragraj03__frame00161_png.rf.d39620b3cbcd4d63a721bbc980285294,gemma4,no-helmet,False,False
anuragraj03__frame00161_png.rf.d39620b3cbcd4d63a721bbc980285294,gemma4,no-gloves,False,False
anuragraj03__frame00161_png.rf.d39620b3cbcd4d63a721bbc980285294,gemma4,no-boots,False,False
anuragraj03__frame00161_png.rf.d39620b3cbcd4d63a721bbc980285294,gemma4,no-vest,False,False
anuragraj03__frame00161_png.rf.d39620b3cbcd4d63a721bbc980285294,minicpm-v,person,True,False
anuragraj03__frame00161_png.rf.d39620b3cbcd4d63a721bbc980285294,minicpm-v,helmet,True,False
anuragraj03__frame00161_png.rf.d39620b3cbcd4d63a721bbc980285294,minicpm-v,gloves,True,False
anuragraj03__frame00161_png.rf.d39620b3cbcd4d63a721bbc980285294,minicpm-v,boots,True,False
anuragraj03__frame00161_png.rf.d39620b3cbcd4d63a721bbc980285294,minicpm-v,vest,True,False
anuragraj03__frame00161_png.rf.d39620b3cbcd4d63a721bbc980285294,minicpm-v,no-helmet,False,False
anuragraj03__frame00161_png.rf.d39620b3cbcd4d63a721bbc980285294,minicpm-v,no-gloves,False,False
anuragraj03__frame00161_png.rf.d39620b3cbcd4d63a721bbc980285294,minicpm-v,no-boots,False,False
anuragraj03__frame00161_png.rf.d39620b3cbcd4d63a721bbc980285294,minicpm-v,no-vest,False,False
anuragraj03__frame00181_png.rf.e1335294658a291f70d79aff78cda23e,yolo,person,False,False
anuragraj03__frame00181_png.rf.e1335294658a291f70d79aff78cda23e,yolo,helmet,True,False
anuragraj03__frame00181_png.rf.e1335294658a291f70d79aff78cda23e,yolo,gloves,True,False
anuragraj03__frame00181_png.rf.e1335294658a291f70d79aff78cda23e,yolo,boots,True,False
anuragraj03__frame00181_png.rf.e1335294658a291f70d79aff78cda23e,yolo,vest,False,False
anuragraj03__frame00181_png.rf.e1335294658a291f70d79aff78cda23e,yolo,no-helmet,False,False
anuragraj03__frame00181_png.rf.e1335294658a291f70d79aff78cda23e,yolo,no-gloves,False,False
anuragraj03__frame00181_png.rf.e1335294658a291f70d79aff78cda23e,yolo,no-boots,True,False
anuragraj03__frame00181_png.rf.e1335294658a291f70d79aff78cda23e,yolo,no-vest,False,False
anuragraj03__frame00181_png.rf.e1335294658a291f70d79aff78cda23e,ollama,person,True,False
anuragraj03__frame00181_png.rf.e1335294658a291f70d79aff78cda23e,ollama,helmet,True,False
anuragraj03__frame00181_png.rf.e1335294658a291f70d79aff78cda23e,ollama,gloves,True,False
anuragraj03__frame00181_png.rf.e1335294658a291f70d79aff78cda23e,ollama,boots,True,False
anuragraj03__frame00181_png.rf.e1335294658a291f70d79aff78cda23e,ollama,vest,True,False
anuragraj03__frame00181_png.rf.e1335294658a291f70d79aff78cda23e,ollama,no-helmet,False,False
anuragraj03__frame00181_png.rf.e1335294658a291f70d79aff78cda23e,ollama,no-gloves,False,False
anuragraj03__frame00181_png.rf.e1335294658a291f70d79aff78cda23e,ollama,no-boots,False,False
anuragraj03__frame00181_png.rf.e1335294658a291f70d79aff78cda23e,ollama,no-vest,False,False
anuragraj03__frame00181_png.rf.e1335294658a291f70d79aff78cda23e,qwen3-vl,person,True,False
anuragraj03__frame00181_png.rf.e1335294658a291f70d79aff78cda23e,qwen3-vl,helmet,True,False
anuragraj03__frame00181_png.rf.e1335294658a291f70d79aff78cda23e,qwen3-vl,gloves,False,False
anuragraj03__frame00181_png.rf.e1335294658a291f70d79aff78cda23e,qwen3-vl,boots,True,False
anuragraj03__frame00181_png.rf.e1335294658a291f70d79aff78cda23e,qwen3-vl,vest,False,False
anuragraj03__frame00181_png.rf.e1335294658a291f70d79aff78cda23e,qwen3-vl,no-helmet,False,False
anuragraj03__frame00181_png.rf.e1335294658a291f70d79aff78cda23e,qwen3-vl,no-gloves,True,False
anuragraj03__frame00181_png.rf.e1335294658a291f70d79aff78cda23e,qwen3-vl,no-boots,False,False
anuragraj03__frame00181_png.rf.e1335294658a291f70d79aff78cda23e,qwen3-vl,no-vest,False,False
anuragraj03__frame00181_png.rf.e1335294658a291f70d79aff78cda23e,gemma4,person,True,False
anuragraj03__frame00181_png.rf.e1335294658a291f70d79aff78cda23e,gemma4,helmet,True,False
anuragraj03__frame00181_png.rf.e1335294658a291f70d79aff78cda23e,gemma4,gloves,True,False
anuragraj03__frame00181_png.rf.e1335294658a291f70d79aff78cda23e,gemma4,boots,True,False
anuragraj03__frame00181_png.rf.e1335294658a291f70d79aff78cda23e,gemma4,vest,True,False
anuragraj03__frame00181_png.rf.e1335294658a291f70d79aff78cda23e,gemma4,no-helmet,False,False
anuragraj03__frame00181_png.rf.e1335294658a291f70d79aff78cda23e,gemma4,no-gloves,True,False
anuragraj03__frame00181_png.rf.e1335294658a291f70d79aff78cda23e,gemma4,no-boots,False,False
anuragraj03__frame00181_png.rf.e1335294658a291f70d79aff78cda23e,gemma4,no-vest,False,False
anuragraj03__frame00181_png.rf.e1335294658a291f70d79aff78cda23e,minicpm-v,person,True,False
anuragraj03__frame00181_png.rf.e1335294658a291f70d79aff78cda23e,minicpm-v,helmet,True,False
anuragraj03__frame00181_png.rf.e1335294658a291f70d79aff78cda23e,minicpm-v,gloves,True,False
anuragraj03__frame00181_png.rf.e1335294658a291f70d79aff78cda23e,minicpm-v,boots,True,False
anuragraj03__frame00181_png.rf.e1335294658a291f70d79aff78cda23e,minicpm-v,vest,True,False
anuragraj03__frame00181_png.rf.e1335294658a291f70d79aff78cda23e,minicpm-v,no-helmet,False,False
anuragraj03__frame00181_png.rf.e1335294658a291f70d79aff78cda23e,minicpm-v,no-gloves,False,False
anuragraj03__frame00181_png.rf.e1335294658a291f70d79aff78cda23e,minicpm-v,no-boots,False,False
anuragraj03__frame00181_png.rf.e1335294658a291f70d79aff78cda23e,minicpm-v,no-vest,False,False
anuragraj03__frame00201_png.rf.aac99eb08f965b47bf3a4e6925999a27,yolo,person,False,False
anuragraj03__frame00201_png.rf.aac99eb08f965b47bf3a4e6925999a27,yolo,helmet,True,False
anuragraj03__frame00201_png.rf.aac99eb08f965b47bf3a4e6925999a27,yolo,gloves,False,False
anuragraj03__frame00201_png.rf.aac99eb08f965b47bf3a4e6925999a27,yolo,boots,False,False
anuragraj03__frame00201_png.rf.aac99eb08f965b47bf3a4e6925999a27,yolo,vest,False,False
anuragraj03__frame00201_png.rf.aac99eb08f965b47bf3a4e6925999a27,yolo,no-helmet,False,False
anuragraj03__frame00201_png.rf.aac99eb08f965b47bf3a4e6925999a27,yolo,no-gloves,False,False
anuragraj03__frame00201_png.rf.aac99eb08f965b47bf3a4e6925999a27,yolo,no-boots,False,False
anuragraj03__frame00201_png.rf.aac99eb08f965b47bf3a4e6925999a27,yolo,no-vest,False,False
anuragraj03__frame00201_png.rf.aac99eb08f965b47bf3a4e6925999a27,ollama,person,True,False
anuragraj03__frame00201_png.rf.aac99eb08f965b47bf3a4e6925999a27,ollama,helmet,True,False
anuragraj03__frame00201_png.rf.aac99eb08f965b47bf3a4e6925999a27,ollama,gloves,True,False
anuragraj03__frame00201_png.rf.aac99eb08f965b47bf3a4e6925999a27,ollama,boots,True,False
anuragraj03__frame00201_png.rf.aac99eb08f965b47bf3a4e6925999a27,ollama,vest,False,False
anuragraj03__frame00201_png.rf.aac99eb08f965b47bf3a4e6925999a27,ollama,no-helmet,False,False
anuragraj03__frame00201_png.rf.aac99eb08f965b47bf3a4e6925999a27,ollama,no-gloves,False,False
anuragraj03__frame00201_png.rf.aac99eb08f965b47bf3a4e6925999a27,ollama,no-boots,False,False
anuragraj03__frame00201_png.rf.aac99eb08f965b47bf3a4e6925999a27,ollama,no-vest,True,False
anuragraj03__frame00201_png.rf.aac99eb08f965b47bf3a4e6925999a27,qwen3-vl,person,True,False
anuragraj03__frame00201_png.rf.aac99eb08f965b47bf3a4e6925999a27,qwen3-vl,helmet,True,False
anuragraj03__frame00201_png.rf.aac99eb08f965b47bf3a4e6925999a27,qwen3-vl,gloves,False,False
anuragraj03__frame00201_png.rf.aac99eb08f965b47bf3a4e6925999a27,qwen3-vl,boots,False,False
anuragraj03__frame00201_png.rf.aac99eb08f965b47bf3a4e6925999a27,qwen3-vl,vest,False,False
anuragraj03__frame00201_png.rf.aac99eb08f965b47bf3a4e6925999a27,qwen3-vl,no-helmet,False,False
anuragraj03__frame00201_png.rf.aac99eb08f965b47bf3a4e6925999a27,qwen3-vl,no-gloves,False,False
anuragraj03__frame00201_png.rf.aac99eb08f965b47bf3a4e6925999a27,qwen3-vl,no-boots,False,False
anuragraj03__frame00201_png.rf.aac99eb08f965b47bf3a4e6925999a27,qwen3-vl,no-vest,False,False
anuragraj03__frame00201_png.rf.aac99eb08f965b47bf3a4e6925999a27,gemma4,person,True,False
anuragraj03__frame00201_png.rf.aac99eb08f965b47bf3a4e6925999a27,gemma4,helmet,True,False
anuragraj03__frame00201_png.rf.aac99eb08f965b47bf3a4e6925999a27,gemma4,gloves,True,False
anuragraj03__frame00201_png.rf.aac99eb08f965b47bf3a4e6925999a27,gemma4,boots,True,False
anuragraj03__frame00201_png.rf.aac99eb08f965b47bf3a4e6925999a27,gemma4,vest,True,False
anuragraj03__frame00201_png.rf.aac99eb08f965b47bf3a4e6925999a27,gemma4,no-helmet,False,False
anuragraj03__frame00201_png.rf.aac99eb08f965b47bf3a4e6925999a27,gemma4,no-gloves,False,False
anuragraj03__frame00201_png.rf.aac99eb08f965b47bf3a4e6925999a27,gemma4,no-boots,False,False
anuragraj03__frame00201_png.rf.aac99eb08f965b47bf3a4e6925999a27,gemma4,no-vest,False,False
anuragraj03__frame00201_png.rf.aac99eb08f965b47bf3a4e6925999a27,minicpm-v,person,True,False
anuragraj03__frame00201_png.rf.aac99eb08f965b47bf3a4e6925999a27,minicpm-v,helmet,True,False
anuragraj03__frame00201_png.rf.aac99eb08f965b47bf3a4e6925999a27,minicpm-v,gloves,False,False
anuragraj03__frame00201_png.rf.aac99eb08f965b47bf3a4e6925999a27,minicpm-v,boots,True,False
anuragraj03__frame00201_png.rf.aac99eb08f965b47bf3a4e6925999a27,minicpm-v,vest,False,False
anuragraj03__frame00201_png.rf.aac99eb08f965b47bf3a4e6925999a27,minicpm-v,no-helmet,False,False
anuragraj03__frame00201_png.rf.aac99eb08f965b47bf3a4e6925999a27,minicpm-v,no-gloves,True,False
anuragraj03__frame00201_png.rf.aac99eb08f965b47bf3a4e6925999a27,minicpm-v,no-boots,False,False
anuragraj03__frame00201_png.rf.aac99eb08f965b47bf3a4e6925999a27,minicpm-v,no-vest,False,False
anuragraj03__frame00251_png.rf.b8fc8a2d58a7f66e43a32924b18967f9,yolo,person,False,False
anuragraj03__frame00251_png.rf.b8fc8a2d58a7f66e43a32924b18967f9,yolo,helmet,False,False
anuragraj03__frame00251_png.rf.b8fc8a2d58a7f66e43a32924b18967f9,yolo,gloves,False,False
anuragraj03__frame00251_png.rf.b8fc8a2d58a7f66e43a32924b18967f9,yolo,boots,False,False
anuragraj03__frame00251_png.rf.b8fc8a2d58a7f66e43a32924b18967f9,yolo,vest,False,False
anuragraj03__frame00251_png.rf.b8fc8a2d58a7f66e43a32924b18967f9,yolo,no-helmet,True,False
anuragraj03__frame00251_png.rf.b8fc8a2d58a7f66e43a32924b18967f9,yolo,no-gloves,False,False
anuragraj03__frame00251_png.rf.b8fc8a2d58a7f66e43a32924b18967f9,yolo,no-boots,True,False
anuragraj03__frame00251_png.rf.b8fc8a2d58a7f66e43a32924b18967f9,yolo,no-vest,False,False
anuragraj03__frame00251_png.rf.b8fc8a2d58a7f66e43a32924b18967f9,ollama,person,True,False
anuragraj03__frame00251_png.rf.b8fc8a2d58a7f66e43a32924b18967f9,ollama,helmet,True,False
anuragraj03__frame00251_png.rf.b8fc8a2d58a7f66e43a32924b18967f9,ollama,gloves,True,False
anuragraj03__frame00251_png.rf.b8fc8a2d58a7f66e43a32924b18967f9,ollama,boots,True,False
anuragraj03__frame00251_png.rf.b8fc8a2d58a7f66e43a32924b18967f9,ollama,vest,True,False
anuragraj03__frame00251_png.rf.b8fc8a2d58a7f66e43a32924b18967f9,ollama,no-helmet,True,False
anuragraj03__frame00251_png.rf.b8fc8a2d58a7f66e43a32924b18967f9,ollama,no-gloves,True,False
anuragraj03__frame00251_png.rf.b8fc8a2d58a7f66e43a32924b18967f9,ollama,no-boots,True,False
anuragraj03__frame00251_png.rf.b8fc8a2d58a7f66e43a32924b18967f9,ollama,no-vest,False,False
anuragraj03__frame00251_png.rf.b8fc8a2d58a7f66e43a32924b18967f9,qwen3-vl,person,True,False
anuragraj03__frame00251_png.rf.b8fc8a2d58a7f66e43a32924b18967f9,qwen3-vl,helmet,False,False
anuragraj03__frame00251_png.rf.b8fc8a2d58a7f66e43a32924b18967f9,qwen3-vl,gloves,False,False
anuragraj03__frame00251_png.rf.b8fc8a2d58a7f66e43a32924b18967f9,qwen3-vl,boots,False,False
anuragraj03__frame00251_png.rf.b8fc8a2d58a7f66e43a32924b18967f9,qwen3-vl,vest,False,False
anuragraj03__frame00251_png.rf.b8fc8a2d58a7f66e43a32924b18967f9,qwen3-vl,no-helmet,True,False
anuragraj03__frame00251_png.rf.b8fc8a2d58a7f66e43a32924b18967f9,qwen3-vl,no-gloves,True,False
anuragraj03__frame00251_png.rf.b8fc8a2d58a7f66e43a32924b18967f9,qwen3-vl,no-boots,True,False
anuragraj03__frame00251_png.rf.b8fc8a2d58a7f66e43a32924b18967f9,qwen3-vl,no-vest,True,False
anuragraj03__frame00251_png.rf.b8fc8a2d58a7f66e43a32924b18967f9,gemma4,person,True,False
anuragraj03__frame00251_png.rf.b8fc8a2d58a7f66e43a32924b18967f9,gemma4,helmet,False,False
anuragraj03__frame00251_png.rf.b8fc8a2d58a7f66e43a32924b18967f9,gemma4,gloves,False,False
anuragraj03__frame00251_png.rf.b8fc8a2d58a7f66e43a32924b18967f9,gemma4,boots,True,False
anuragraj03__frame00251_png.rf.b8fc8a2d58a7f66e43a32924b18967f9,gemma4,vest,False,False
anuragraj03__frame00251_png.rf.b8fc8a2d58a7f66e43a32924b18967f9,gemma4,no-helmet,False,False
anuragraj03__frame00251_png.rf.b8fc8a2d58a7f66e43a32924b18967f9,gemma4,no-gloves,True,False
anuragraj03__frame00251_png.rf.b8fc8a2d58a7f66e43a32924b18967f9,gemma4,no-boots,False,False
anuragraj03__frame00251_png.rf.b8fc8a2d58a7f66e43a32924b18967f9,gemma4,no-vest,True,False
anuragraj03__frame00251_png.rf.b8fc8a2d58a7f66e43a32924b18967f9,minicpm-v,person,True,False
anuragraj03__frame00251_png.rf.b8fc8a2d58a7f66e43a32924b18967f9,minicpm-v,helmet,True,False
anuragraj03__frame00251_png.rf.b8fc8a2d58a7f66e43a32924b18967f9,minicpm-v,gloves,True,False
anuragraj03__frame00251_png.rf.b8fc8a2d58a7f66e43a32924b18967f9,minicpm-v,boots,True,False
anuragraj03__frame00251_png.rf.b8fc8a2d58a7f66e43a32924b18967f9,minicpm-v,vest,False,False
anuragraj03__frame00251_png.rf.b8fc8a2d58a7f66e43a32924b18967f9,minicpm-v,no-helmet,False,False
anuragraj03__frame00251_png.rf.b8fc8a2d58a7f66e43a32924b18967f9,minicpm-v,no-gloves,False,False
anuragraj03__frame00251_png.rf.b8fc8a2d58a7f66e43a32924b18967f9,minicpm-v,no-boots,False,False
anuragraj03__frame00251_png.rf.b8fc8a2d58a7f66e43a32924b18967f9,minicpm-v,no-vest,True,False
anuragraj03__frame00281_png.rf.5ad3ea5aa3d13b16c25137ed015da273,yolo,person,False,False
anuragraj03__frame00281_png.rf.5ad3ea5aa3d13b16c25137ed015da273,yolo,helmet,True,False
anuragraj03__frame00281_png.rf.5ad3ea5aa3d13b16c25137ed015da273,yolo,gloves,True,False
anuragraj03__frame00281_png.rf.5ad3ea5aa3d13b16c25137ed015da273,yolo,boots,True,False
anuragraj03__frame00281_png.rf.5ad3ea5aa3d13b16c25137ed015da273,yolo,vest,False,False
anuragraj03__frame00281_png.rf.5ad3ea5aa3d13b16c25137ed015da273,yolo,no-helmet,False,False
anuragraj03__frame00281_png.rf.5ad3ea5aa3d13b16c25137ed015da273,yolo,no-gloves,False,False
anuragraj03__frame00281_png.rf.5ad3ea5aa3d13b16c25137ed015da273,yolo,no-boots,False,False
anuragraj03__frame00281_png.rf.5ad3ea5aa3d13b16c25137ed015da273,yolo,no-vest,False,False
anuragraj03__frame00281_png.rf.5ad3ea5aa3d13b16c25137ed015da273,ollama,person,True,False
anuragraj03__frame00281_png.rf.5ad3ea5aa3d13b16c25137ed015da273,ollama,helmet,True,False
anuragraj03__frame00281_png.rf.5ad3ea5aa3d13b16c25137ed015da273,ollama,gloves,True,False
anuragraj03__frame00281_png.rf.5ad3ea5aa3d13b16c25137ed015da273,ollama,boots,True,False
anuragraj03__frame00281_png.rf.5ad3ea5aa3d13b16c25137ed015da273,ollama,vest,False,False
anuragraj03__frame00281_png.rf.5ad3ea5aa3d13b16c25137ed015da273,ollama,no-helmet,True,False
anuragraj03__frame00281_png.rf.5ad3ea5aa3d13b16c25137ed015da273,ollama,no-gloves,True,False
anuragraj03__frame00281_png.rf.5ad3ea5aa3d13b16c25137ed015da273,ollama,no-boots,True,False
anuragraj03__frame00281_png.rf.5ad3ea5aa3d13b16c25137ed015da273,ollama,no-vest,True,False
anuragraj03__frame00281_png.rf.5ad3ea5aa3d13b16c25137ed015da273,qwen3-vl,person,True,False
anuragraj03__frame00281_png.rf.5ad3ea5aa3d13b16c25137ed015da273,qwen3-vl,helmet,True,False
anuragraj03__frame00281_png.rf.5ad3ea5aa3d13b16c25137ed015da273,qwen3-vl,gloves,False,False
anuragraj03__frame00281_png.rf.5ad3ea5aa3d13b16c25137ed015da273,qwen3-vl,boots,False,False
anuragraj03__frame00281_png.rf.5ad3ea5aa3d13b16c25137ed015da273,qwen3-vl,vest,False,False
anuragraj03__frame00281_png.rf.5ad3ea5aa3d13b16c25137ed015da273,qwen3-vl,no-helmet,False,False
anuragraj03__frame00281_png.rf.5ad3ea5aa3d13b16c25137ed015da273,qwen3-vl,no-gloves,True,False
anuragraj03__frame00281_png.rf.5ad3ea5aa3d13b16c25137ed015da273,qwen3-vl,no-boots,False,False
anuragraj03__frame00281_png.rf.5ad3ea5aa3d13b16c25137ed015da273,qwen3-vl,no-vest,False,False
anuragraj03__frame00281_png.rf.5ad3ea5aa3d13b16c25137ed015da273,gemma4,person,True,False
anuragraj03__frame00281_png.rf.5ad3ea5aa3d13b16c25137ed015da273,gemma4,helmet,True,False
anuragraj03__frame00281_png.rf.5ad3ea5aa3d13b16c25137ed015da273,gemma4,gloves,True,False
anuragraj03__frame00281_png.rf.5ad3ea5aa3d13b16c25137ed015da273,gemma4,boots,True,False
anuragraj03__frame00281_png.rf.5ad3ea5aa3d13b16c25137ed015da273,gemma4,vest,True,False
anuragraj03__frame00281_png.rf.5ad3ea5aa3d13b16c25137ed015da273,gemma4,no-helmet,False,False
anuragraj03__frame00281_png.rf.5ad3ea5aa3d13b16c25137ed015da273,gemma4,no-gloves,False,False
anuragraj03__frame00281_png.rf.5ad3ea5aa3d13b16c25137ed015da273,gemma4,no-boots,False,False
anuragraj03__frame00281_png.rf.5ad3ea5aa3d13b16c25137ed015da273,gemma4,no-vest,False,False
anuragraj03__frame00281_png.rf.5ad3ea5aa3d13b16c25137ed015da273,minicpm-v,person,True,False
anuragraj03__frame00281_png.rf.5ad3ea5aa3d13b16c25137ed015da273,minicpm-v,helmet,True,False
anuragraj03__frame00281_png.rf.5ad3ea5aa3d13b16c25137ed015da273,minicpm-v,gloves,True,False
anuragraj03__frame00281_png.rf.5ad3ea5aa3d13b16c25137ed015da273,minicpm-v,boots,True,False
anuragraj03__frame00281_png.rf.5ad3ea5aa3d13b16c25137ed015da273,minicpm-v,vest,True,False
anuragraj03__frame00281_png.rf.5ad3ea5aa3d13b16c25137ed015da273,minicpm-v,no-helmet,False,False
anuragraj03__frame00281_png.rf.5ad3ea5aa3d13b16c25137ed015da273,minicpm-v,no-gloves,False,False
anuragraj03__frame00281_png.rf.5ad3ea5aa3d13b16c25137ed015da273,minicpm-v,no-boots,False,False
anuragraj03__frame00281_png.rf.5ad3ea5aa3d13b16c25137ed015da273,minicpm-v,no-vest,False,False
anuragraj03__frame00281_png.rf.5dce68995fcd9c537643a5e9165dcad9,yolo,person,False,False
anuragraj03__frame00281_png.rf.5dce68995fcd9c537643a5e9165dcad9,yolo,helmet,False,False
anuragraj03__frame00281_png.rf.5dce68995fcd9c537643a5e9165dcad9,yolo,gloves,False,False
anuragraj03__frame00281_png.rf.5dce68995fcd9c537643a5e9165dcad9,yolo,boots,False,False
anuragraj03__frame00281_png.rf.5dce68995fcd9c537643a5e9165dcad9,yolo,vest,False,False
anuragraj03__frame00281_png.rf.5dce68995fcd9c537643a5e9165dcad9,yolo,no-helmet,True,False
anuragraj03__frame00281_png.rf.5dce68995fcd9c537643a5e9165dcad9,yolo,no-gloves,False,False
anuragraj03__frame00281_png.rf.5dce68995fcd9c537643a5e9165dcad9,yolo,no-boots,True,False
anuragraj03__frame00281_png.rf.5dce68995fcd9c537643a5e9165dcad9,yolo,no-vest,False,False
anuragraj03__frame00281_png.rf.5dce68995fcd9c537643a5e9165dcad9,ollama,person,True,False
anuragraj03__frame00281_png.rf.5dce68995fcd9c537643a5e9165dcad9,ollama,helmet,False,False
anuragraj03__frame00281_png.rf.5dce68995fcd9c537643a5e9165dcad9,ollama,gloves,True,False
anuragraj03__frame00281_png.rf.5dce68995fcd9c537643a5e9165dcad9,ollama,boots,True,False
anuragraj03__frame00281_png.rf.5dce68995fcd9c537643a5e9165dcad9,ollama,vest,True,False
anuragraj03__frame00281_png.rf.5dce68995fcd9c537643a5e9165dcad9,ollama,no-helmet,False,False
anuragraj03__frame00281_png.rf.5dce68995fcd9c537643a5e9165dcad9,ollama,no-gloves,False,False
anuragraj03__frame00281_png.rf.5dce68995fcd9c537643a5e9165dcad9,ollama,no-boots,True,False
anuragraj03__frame00281_png.rf.5dce68995fcd9c537643a5e9165dcad9,ollama,no-vest,False,False
anuragraj03__frame00281_png.rf.5dce68995fcd9c537643a5e9165dcad9,qwen3-vl,person,True,False
anuragraj03__frame00281_png.rf.5dce68995fcd9c537643a5e9165dcad9,qwen3-vl,helmet,False,False
anuragraj03__frame00281_png.rf.5dce68995fcd9c537643a5e9165dcad9,qwen3-vl,gloves,False,False
anuragraj03__frame00281_png.rf.5dce68995fcd9c537643a5e9165dcad9,qwen3-vl,boots,False,False
anuragraj03__frame00281_png.rf.5dce68995fcd9c537643a5e9165dcad9,qwen3-vl,vest,False,False
anuragraj03__frame00281_png.rf.5dce68995fcd9c537643a5e9165dcad9,qwen3-vl,no-helmet,True,False
anuragraj03__frame00281_png.rf.5dce68995fcd9c537643a5e9165dcad9,qwen3-vl,no-gloves,True,False
anuragraj03__frame00281_png.rf.5dce68995fcd9c537643a5e9165dcad9,qwen3-vl,no-boots,True,False
anuragraj03__frame00281_png.rf.5dce68995fcd9c537643a5e9165dcad9,qwen3-vl,no-vest,True,False
anuragraj03__frame00281_png.rf.5dce68995fcd9c537643a5e9165dcad9,gemma4,person,True,False
anuragraj03__frame00281_png.rf.5dce68995fcd9c537643a5e9165dcad9,gemma4,helmet,True,False
anuragraj03__frame00281_png.rf.5dce68995fcd9c537643a5e9165dcad9,gemma4,gloves,True,False
anuragraj03__frame00281_png.rf.5dce68995fcd9c537643a5e9165dcad9,gemma4,boots,True,False
anuragraj03__frame00281_png.rf.5dce68995fcd9c537643a5e9165dcad9,gemma4,vest,True,False
anuragraj03__frame00281_png.rf.5dce68995fcd9c537643a5e9165dcad9,gemma4,no-helmet,False,False
anuragraj03__frame00281_png.rf.5dce68995fcd9c537643a5e9165dcad9,gemma4,no-gloves,False,False
anuragraj03__frame00281_png.rf.5dce68995fcd9c537643a5e9165dcad9,gemma4,no-boots,False,False
anuragraj03__frame00281_png.rf.5dce68995fcd9c537643a5e9165dcad9,gemma4,no-vest,False,False
anuragraj03__frame00281_png.rf.5dce68995fcd9c537643a5e9165dcad9,minicpm-v,person,True,False
anuragraj03__frame00281_png.rf.5dce68995fcd9c537643a5e9165dcad9,minicpm-v,helmet,False,False
anuragraj03__frame00281_png.rf.5dce68995fcd9c537643a5e9165dcad9,minicpm-v,gloves,True,False
anuragraj03__frame00281_png.rf.5dce68995fcd9c537643a5e9165dcad9,minicpm-v,boots,True,False
anuragraj03__frame00281_png.rf.5dce68995fcd9c537643a5e9165dcad9,minicpm-v,vest,False,False
anuragraj03__frame00281_png.rf.5dce68995fcd9c537643a5e9165dcad9,minicpm-v,no-helmet,False,False
anuragraj03__frame00281_png.rf.5dce68995fcd9c537643a5e9165dcad9,minicpm-v,no-gloves,False,False
anuragraj03__frame00281_png.rf.5dce68995fcd9c537643a5e9165dcad9,minicpm-v,no-boots,False,False
anuragraj03__frame00281_png.rf.5dce68995fcd9c537643a5e9165dcad9,minicpm-v,no-vest,False,False
anuragraj03__frame00321_png.rf.48468f9b6da4f0ef126620cc284b19f1,yolo,person,False,False
anuragraj03__frame00321_png.rf.48468f9b6da4f0ef126620cc284b19f1,yolo,helmet,False,False
anuragraj03__frame00321_png.rf.48468f9b6da4f0ef126620cc284b19f1,yolo,gloves,False,False
anuragraj03__frame00321_png.rf.48468f9b6da4f0ef126620cc284b19f1,yolo,boots,False,False
anuragraj03__frame00321_png.rf.48468f9b6da4f0ef126620cc284b19f1,yolo,vest,False,False
anuragraj03__frame00321_png.rf.48468f9b6da4f0ef126620cc284b19f1,yolo,no-helmet,True,False
anuragraj03__frame00321_png.rf.48468f9b6da4f0ef126620cc284b19f1,yolo,no-gloves,False,False
anuragraj03__frame00321_png.rf.48468f9b6da4f0ef126620cc284b19f1,yolo,no-boots,True,False
anuragraj03__frame00321_png.rf.48468f9b6da4f0ef126620cc284b19f1,yolo,no-vest,False,False
anuragraj03__frame00321_png.rf.48468f9b6da4f0ef126620cc284b19f1,ollama,person,True,False
anuragraj03__frame00321_png.rf.48468f9b6da4f0ef126620cc284b19f1,ollama,helmet,False,False
anuragraj03__frame00321_png.rf.48468f9b6da4f0ef126620cc284b19f1,ollama,gloves,False,False
anuragraj03__frame00321_png.rf.48468f9b6da4f0ef126620cc284b19f1,ollama,boots,False,False
anuragraj03__frame00321_png.rf.48468f9b6da4f0ef126620cc284b19f1,ollama,vest,False,False
anuragraj03__frame00321_png.rf.48468f9b6da4f0ef126620cc284b19f1,ollama,no-helmet,False,False
anuragraj03__frame00321_png.rf.48468f9b6da4f0ef126620cc284b19f1,ollama,no-gloves,False,False
anuragraj03__frame00321_png.rf.48468f9b6da4f0ef126620cc284b19f1,ollama,no-boots,False,False
anuragraj03__frame00321_png.rf.48468f9b6da4f0ef126620cc284b19f1,ollama,no-vest,False,False
anuragraj03__frame00321_png.rf.48468f9b6da4f0ef126620cc284b19f1,qwen3-vl,person,True,False
anuragraj03__frame00321_png.rf.48468f9b6da4f0ef126620cc284b19f1,qwen3-vl,helmet,False,False
anuragraj03__frame00321_png.rf.48468f9b6da4f0ef126620cc284b19f1,qwen3-vl,gloves,False,False
anuragraj03__frame00321_png.rf.48468f9b6da4f0ef126620cc284b19f1,qwen3-vl,boots,False,False
anuragraj03__frame00321_png.rf.48468f9b6da4f0ef126620cc284b19f1,qwen3-vl,vest,False,False
anuragraj03__frame00321_png.rf.48468f9b6da4f0ef126620cc284b19f1,qwen3-vl,no-helmet,True,False
anuragraj03__frame00321_png.rf.48468f9b6da4f0ef126620cc284b19f1,qwen3-vl,no-gloves,True,False
anuragraj03__frame00321_png.rf.48468f9b6da4f0ef126620cc284b19f1,qwen3-vl,no-boots,True,False
anuragraj03__frame00321_png.rf.48468f9b6da4f0ef126620cc284b19f1,qwen3-vl,no-vest,True,False
anuragraj03__frame00321_png.rf.48468f9b6da4f0ef126620cc284b19f1,gemma4,person,True,False
anuragraj03__frame00321_png.rf.48468f9b6da4f0ef126620cc284b19f1,gemma4,helmet,False,False
anuragraj03__frame00321_png.rf.48468f9b6da4f0ef126620cc284b19f1,gemma4,gloves,False,False
anuragraj03__frame00321_png.rf.48468f9b6da4f0ef126620cc284b19f1,gemma4,boots,False,False
anuragraj03__frame00321_png.rf.48468f9b6da4f0ef126620cc284b19f1,gemma4,vest,False,False
anuragraj03__frame00321_png.rf.48468f9b6da4f0ef126620cc284b19f1,gemma4,no-helmet,True,False
anuragraj03__frame00321_png.rf.48468f9b6da4f0ef126620cc284b19f1,gemma4,no-gloves,True,False
anuragraj03__frame00321_png.rf.48468f9b6da4f0ef126620cc284b19f1,gemma4,no-boots,True,False
anuragraj03__frame00321_png.rf.48468f9b6da4f0ef126620cc284b19f1,gemma4,no-vest,True,False
anuragraj03__frame00321_png.rf.48468f9b6da4f0ef126620cc284b19f1,minicpm-v,person,True,False
anuragraj03__frame00321_png.rf.48468f9b6da4f0ef126620cc284b19f1,minicpm-v,helmet,False,False
anuragraj03__frame00321_png.rf.48468f9b6da4f0ef126620cc284b19f1,minicpm-v,gloves,False,False
anuragraj03__frame00321_png.rf.48468f9b6da4f0ef126620cc284b19f1,minicpm-v,boots,True,False
anuragraj03__frame00321_png.rf.48468f9b6da4f0ef126620cc284b19f1,minicpm-v,vest,False,False
anuragraj03__frame00321_png.rf.48468f9b6da4f0ef126620cc284b19f1,minicpm-v,no-helmet,True,False
anuragraj03__frame00321_png.rf.48468f9b6da4f0ef126620cc284b19f1,minicpm-v,no-gloves,True,False
anuragraj03__frame00321_png.rf.48468f9b6da4f0ef126620cc284b19f1,minicpm-v,no-boots,False,False
anuragraj03__frame00321_png.rf.48468f9b6da4f0ef126620cc284b19f1,minicpm-v,no-vest,True,False
anuragraj03__frame00341_png.rf.245ece433cfcb149a31c1fcf649d5972,yolo,person,False,False
anuragraj03__frame00341_png.rf.245ece433cfcb149a31c1fcf649d5972,yolo,helmet,True,False
anuragraj03__frame00341_png.rf.245ece433cfcb149a31c1fcf649d5972,yolo,gloves,True,False
anuragraj03__frame00341_png.rf.245ece433cfcb149a31c1fcf649d5972,yolo,boots,True,False
anuragraj03__frame00341_png.rf.245ece433cfcb149a31c1fcf649d5972,yolo,vest,False,False
anuragraj03__frame00341_png.rf.245ece433cfcb149a31c1fcf649d5972,yolo,no-helmet,False,False
anuragraj03__frame00341_png.rf.245ece433cfcb149a31c1fcf649d5972,yolo,no-gloves,False,False
anuragraj03__frame00341_png.rf.245ece433cfcb149a31c1fcf649d5972,yolo,no-boots,False,False
anuragraj03__frame00341_png.rf.245ece433cfcb149a31c1fcf649d5972,yolo,no-vest,False,False
anuragraj03__frame00341_png.rf.245ece433cfcb149a31c1fcf649d5972,ollama,person,True,False
anuragraj03__frame00341_png.rf.245ece433cfcb149a31c1fcf649d5972,ollama,helmet,True,False
anuragraj03__frame00341_png.rf.245ece433cfcb149a31c1fcf649d5972,ollama,gloves,True,False
anuragraj03__frame00341_png.rf.245ece433cfcb149a31c1fcf649d5972,ollama,boots,True,False
anuragraj03__frame00341_png.rf.245ece433cfcb149a31c1fcf649d5972,ollama,vest,True,False
anuragraj03__frame00341_png.rf.245ece433cfcb149a31c1fcf649d5972,ollama,no-helmet,False,False
anuragraj03__frame00341_png.rf.245ece433cfcb149a31c1fcf649d5972,ollama,no-gloves,False,False
anuragraj03__frame00341_png.rf.245ece433cfcb149a31c1fcf649d5972,ollama,no-boots,False,False
anuragraj03__frame00341_png.rf.245ece433cfcb149a31c1fcf649d5972,ollama,no-vest,False,False
anuragraj03__frame00341_png.rf.245ece433cfcb149a31c1fcf649d5972,qwen3-vl,person,True,False
anuragraj03__frame00341_png.rf.245ece433cfcb149a31c1fcf649d5972,qwen3-vl,helmet,True,False
anuragraj03__frame00341_png.rf.245ece433cfcb149a31c1fcf649d5972,qwen3-vl,gloves,True,False
anuragraj03__frame00341_png.rf.245ece433cfcb149a31c1fcf649d5972,qwen3-vl,boots,True,False
anuragraj03__frame00341_png.rf.245ece433cfcb149a31c1fcf649d5972,qwen3-vl,vest,True,False
anuragraj03__frame00341_png.rf.245ece433cfcb149a31c1fcf649d5972,qwen3-vl,no-helmet,False,False
anuragraj03__frame00341_png.rf.245ece433cfcb149a31c1fcf649d5972,qwen3-vl,no-gloves,False,False
anuragraj03__frame00341_png.rf.245ece433cfcb149a31c1fcf649d5972,qwen3-vl,no-boots,False,False
anuragraj03__frame00341_png.rf.245ece433cfcb149a31c1fcf649d5972,qwen3-vl,no-vest,False,False
anuragraj03__frame00341_png.rf.245ece433cfcb149a31c1fcf649d5972,gemma4,person,True,False
anuragraj03__frame00341_png.rf.245ece433cfcb149a31c1fcf649d5972,gemma4,helmet,True,False
anuragraj03__frame00341_png.rf.245ece433cfcb149a31c1fcf649d5972,gemma4,gloves,False,False
anuragraj03__frame00341_png.rf.245ece433cfcb149a31c1fcf649d5972,gemma4,boots,True,False
anuragraj03__frame00341_png.rf.245ece433cfcb149a31c1fcf649d5972,gemma4,vest,True,False
anuragraj03__frame00341_png.rf.245ece433cfcb149a31c1fcf649d5972,gemma4,no-helmet,False,False
anuragraj03__frame00341_png.rf.245ece433cfcb149a31c1fcf649d5972,gemma4,no-gloves,True,False
anuragraj03__frame00341_png.rf.245ece433cfcb149a31c1fcf649d5972,gemma4,no-boots,False,False
anuragraj03__frame00341_png.rf.245ece433cfcb149a31c1fcf649d5972,gemma4,no-vest,False,False
anuragraj03__frame00341_png.rf.245ece433cfcb149a31c1fcf649d5972,minicpm-v,person,True,False
anuragraj03__frame00341_png.rf.245ece433cfcb149a31c1fcf649d5972,minicpm-v,helmet,True,False
anuragraj03__frame00341_png.rf.245ece433cfcb149a31c1fcf649d5972,minicpm-v,gloves,False,False
anuragraj03__frame00341_png.rf.245ece433cfcb149a31c1fcf649d5972,minicpm-v,boots,True,False
anuragraj03__frame00341_png.rf.245ece433cfcb149a31c1fcf649d5972,minicpm-v,vest,True,False
anuragraj03__frame00341_png.rf.245ece433cfcb149a31c1fcf649d5972,minicpm-v,no-helmet,False,False
anuragraj03__frame00341_png.rf.245ece433cfcb149a31c1fcf649d5972,minicpm-v,no-gloves,False,False
anuragraj03__frame00341_png.rf.245ece433cfcb149a31c1fcf649d5972,minicpm-v,no-boots,False,False
anuragraj03__frame00341_png.rf.245ece433cfcb149a31c1fcf649d5972,minicpm-v,no-vest,False,False
anuragraj03__frame02011_png.rf.abde577bbaceb74745800fd9a35f3987,yolo,person,False,False
anuragraj03__frame02011_png.rf.abde577bbaceb74745800fd9a35f3987,yolo,helmet,True,False
anuragraj03__frame02011_png.rf.abde577bbaceb74745800fd9a35f3987,yolo,gloves,True,False
anuragraj03__frame02011_png.rf.abde577bbaceb74745800fd9a35f3987,yolo,boots,True,False
anuragraj03__frame02011_png.rf.abde577bbaceb74745800fd9a35f3987,yolo,vest,False,False
anuragraj03__frame02011_png.rf.abde577bbaceb74745800fd9a35f3987,yolo,no-helmet,True,False
anuragraj03__frame02011_png.rf.abde577bbaceb74745800fd9a35f3987,yolo,no-gloves,False,False
anuragraj03__frame02011_png.rf.abde577bbaceb74745800fd9a35f3987,yolo,no-boots,False,False
anuragraj03__frame02011_png.rf.abde577bbaceb74745800fd9a35f3987,yolo,no-vest,False,False
anuragraj03__frame02011_png.rf.abde577bbaceb74745800fd9a35f3987,ollama,person,True,False
anuragraj03__frame02011_png.rf.abde577bbaceb74745800fd9a35f3987,ollama,helmet,False,False
anuragraj03__frame02011_png.rf.abde577bbaceb74745800fd9a35f3987,ollama,gloves,False,False
anuragraj03__frame02011_png.rf.abde577bbaceb74745800fd9a35f3987,ollama,boots,True,False
anuragraj03__frame02011_png.rf.abde577bbaceb74745800fd9a35f3987,ollama,vest,False,False
anuragraj03__frame02011_png.rf.abde577bbaceb74745800fd9a35f3987,ollama,no-helmet,True,False
anuragraj03__frame02011_png.rf.abde577bbaceb74745800fd9a35f3987,ollama,no-gloves,True,False
anuragraj03__frame02011_png.rf.abde577bbaceb74745800fd9a35f3987,ollama,no-boots,True,False
anuragraj03__frame02011_png.rf.abde577bbaceb74745800fd9a35f3987,ollama,no-vest,True,False
anuragraj03__frame02011_png.rf.abde577bbaceb74745800fd9a35f3987,qwen3-vl,person,True,False
anuragraj03__frame02011_png.rf.abde577bbaceb74745800fd9a35f3987,qwen3-vl,helmet,True,False
anuragraj03__frame02011_png.rf.abde577bbaceb74745800fd9a35f3987,qwen3-vl,gloves,False,False
anuragraj03__frame02011_png.rf.abde577bbaceb74745800fd9a35f3987,qwen3-vl,boots,False,False
anuragraj03__frame02011_png.rf.abde577bbaceb74745800fd9a35f3987,qwen3-vl,vest,False,False
anuragraj03__frame02011_png.rf.abde577bbaceb74745800fd9a35f3987,qwen3-vl,no-helmet,False,False
anuragraj03__frame02011_png.rf.abde577bbaceb74745800fd9a35f3987,qwen3-vl,no-gloves,True,False
anuragraj03__frame02011_png.rf.abde577bbaceb74745800fd9a35f3987,qwen3-vl,no-boots,True,False
anuragraj03__frame02011_png.rf.abde577bbaceb74745800fd9a35f3987,qwen3-vl,no-vest,False,False
anuragraj03__frame02011_png.rf.abde577bbaceb74745800fd9a35f3987,gemma4,person,True,False
anuragraj03__frame02011_png.rf.abde577bbaceb74745800fd9a35f3987,gemma4,helmet,True,False
anuragraj03__frame02011_png.rf.abde577bbaceb74745800fd9a35f3987,gemma4,gloves,False,False
anuragraj03__frame02011_png.rf.abde577bbaceb74745800fd9a35f3987,gemma4,boots,True,False
anuragraj03__frame02011_png.rf.abde577bbaceb74745800fd9a35f3987,gemma4,vest,True,False
anuragraj03__frame02011_png.rf.abde577bbaceb74745800fd9a35f3987,gemma4,no-helmet,False,False
anuragraj03__frame02011_png.rf.abde577bbaceb74745800fd9a35f3987,gemma4,no-gloves,False,False
anuragraj03__frame02011_png.rf.abde577bbaceb74745800fd9a35f3987,gemma4,no-boots,False,False
anuragraj03__frame02011_png.rf.abde577bbaceb74745800fd9a35f3987,gemma4,no-vest,False,False
anuragraj03__frame02011_png.rf.abde577bbaceb74745800fd9a35f3987,minicpm-v,person,True,False
anuragraj03__frame02011_png.rf.abde577bbaceb74745800fd9a35f3987,minicpm-v,helmet,True,False
anuragraj03__frame02011_png.rf.abde577bbaceb74745800fd9a35f3987,minicpm-v,gloves,True,False
anuragraj03__frame02011_png.rf.abde577bbaceb74745800fd9a35f3987,minicpm-v,boots,True,False
anuragraj03__frame02011_png.rf.abde577bbaceb74745800fd9a35f3987,minicpm-v,vest,True,False
anuragraj03__frame02011_png.rf.abde577bbaceb74745800fd9a35f3987,minicpm-v,no-helmet,False,False
anuragraj03__frame02011_png.rf.abde577bbaceb74745800fd9a35f3987,minicpm-v,no-gloves,False,False
anuragraj03__frame02011_png.rf.abde577bbaceb74745800fd9a35f3987,minicpm-v,no-boots,False,False
anuragraj03__frame02011_png.rf.abde577bbaceb74745800fd9a35f3987,minicpm-v,no-vest,False,False
anuragraj03__frame1364_jpg.rf.b1f3f9c23e4d85340bd0e0275f4027a4,yolo,person,False,False
anuragraj03__frame1364_jpg.rf.b1f3f9c23e4d85340bd0e0275f4027a4,yolo,helmet,False,False
anuragraj03__frame1364_jpg.rf.b1f3f9c23e4d85340bd0e0275f4027a4,yolo,gloves,False,False
anuragraj03__frame1364_jpg.rf.b1f3f9c23e4d85340bd0e0275f4027a4,yolo,boots,True,False
anuragraj03__frame1364_jpg.rf.b1f3f9c23e4d85340bd0e0275f4027a4,yolo,vest,False,False
anuragraj03__frame1364_jpg.rf.b1f3f9c23e4d85340bd0e0275f4027a4,yolo,no-helmet,False,False
anuragraj03__frame1364_jpg.rf.b1f3f9c23e4d85340bd0e0275f4027a4,yolo,no-gloves,False,False
anuragraj03__frame1364_jpg.rf.b1f3f9c23e4d85340bd0e0275f4027a4,yolo,no-boots,True,False
anuragraj03__frame1364_jpg.rf.b1f3f9c23e4d85340bd0e0275f4027a4,yolo,no-vest,False,False
anuragraj03__frame1364_jpg.rf.b1f3f9c23e4d85340bd0e0275f4027a4,ollama,person,True,False
anuragraj03__frame1364_jpg.rf.b1f3f9c23e4d85340bd0e0275f4027a4,ollama,helmet,True,False
anuragraj03__frame1364_jpg.rf.b1f3f9c23e4d85340bd0e0275f4027a4,ollama,gloves,True,False
anuragraj03__frame1364_jpg.rf.b1f3f9c23e4d85340bd0e0275f4027a4,ollama,boots,True,False
anuragraj03__frame1364_jpg.rf.b1f3f9c23e4d85340bd0e0275f4027a4,ollama,vest,True,False
anuragraj03__frame1364_jpg.rf.b1f3f9c23e4d85340bd0e0275f4027a4,ollama,no-helmet,True,False
anuragraj03__frame1364_jpg.rf.b1f3f9c23e4d85340bd0e0275f4027a4,ollama,no-gloves,True,False
anuragraj03__frame1364_jpg.rf.b1f3f9c23e4d85340bd0e0275f4027a4,ollama,no-boots,True,False
anuragraj03__frame1364_jpg.rf.b1f3f9c23e4d85340bd0e0275f4027a4,ollama,no-vest,True,False
anuragraj03__frame1364_jpg.rf.b1f3f9c23e4d85340bd0e0275f4027a4,qwen3-vl,person,True,False
anuragraj03__frame1364_jpg.rf.b1f3f9c23e4d85340bd0e0275f4027a4,qwen3-vl,helmet,False,False
anuragraj03__frame1364_jpg.rf.b1f3f9c23e4d85340bd0e0275f4027a4,qwen3-vl,gloves,False,False
anuragraj03__frame1364_jpg.rf.b1f3f9c23e4d85340bd0e0275f4027a4,qwen3-vl,boots,False,False
anuragraj03__frame1364_jpg.rf.b1f3f9c23e4d85340bd0e0275f4027a4,qwen3-vl,vest,False,False
anuragraj03__frame1364_jpg.rf.b1f3f9c23e4d85340bd0e0275f4027a4,qwen3-vl,no-helmet,False,False
anuragraj03__frame1364_jpg.rf.b1f3f9c23e4d85340bd0e0275f4027a4,qwen3-vl,no-gloves,False,False
anuragraj03__frame1364_jpg.rf.b1f3f9c23e4d85340bd0e0275f4027a4,qwen3-vl,no-boots,True,False
anuragraj03__frame1364_jpg.rf.b1f3f9c23e4d85340bd0e0275f4027a4,qwen3-vl,no-vest,False,False
anuragraj03__frame1364_jpg.rf.b1f3f9c23e4d85340bd0e0275f4027a4,gemma4,person,True,False
anuragraj03__frame1364_jpg.rf.b1f3f9c23e4d85340bd0e0275f4027a4,gemma4,helmet,False,False
anuragraj03__frame1364_jpg.rf.b1f3f9c23e4d85340bd0e0275f4027a4,gemma4,gloves,False,False
anuragraj03__frame1364_jpg.rf.b1f3f9c23e4d85340bd0e0275f4027a4,gemma4,boots,True,False
anuragraj03__frame1364_jpg.rf.b1f3f9c23e4d85340bd0e0275f4027a4,gemma4,vest,False,False
anuragraj03__frame1364_jpg.rf.b1f3f9c23e4d85340bd0e0275f4027a4,gemma4,no-helmet,False,False
anuragraj03__frame1364_jpg.rf.b1f3f9c23e4d85340bd0e0275f4027a4,gemma4,no-gloves,True,False
anuragraj03__frame1364_jpg.rf.b1f3f9c23e4d85340bd0e0275f4027a4,gemma4,no-boots,False,False
anuragraj03__frame1364_jpg.rf.b1f3f9c23e4d85340bd0e0275f4027a4,gemma4,no-vest,True,False
anuragraj03__frame1364_jpg.rf.b1f3f9c23e4d85340bd0e0275f4027a4,minicpm-v,person,True,False
anuragraj03__frame1364_jpg.rf.b1f3f9c23e4d85340bd0e0275f4027a4,minicpm-v,helmet,False,False
anuragraj03__frame1364_jpg.rf.b1f3f9c23e4d85340bd0e0275f4027a4,minicpm-v,gloves,False,False
anuragraj03__frame1364_jpg.rf.b1f3f9c23e4d85340bd0e0275f4027a4,minicpm-v,boots,True,False
anuragraj03__frame1364_jpg.rf.b1f3f9c23e4d85340bd0e0275f4027a4,minicpm-v,vest,True,False
anuragraj03__frame1364_jpg.rf.b1f3f9c23e4d85340bd0e0275f4027a4,minicpm-v,no-helmet,False,False
anuragraj03__frame1364_jpg.rf.b1f3f9c23e4d85340bd0e0275f4027a4,minicpm-v,no-gloves,True,False
anuragraj03__frame1364_jpg.rf.b1f3f9c23e4d85340bd0e0275f4027a4,minicpm-v,no-boots,False,False
anuragraj03__frame1364_jpg.rf.b1f3f9c23e4d85340bd0e0275f4027a4,minicpm-v,no-vest,False,False
anuragraj03__frame1378_jpg.rf.d4cb4f65371c852f10aefc75a6cbd2b7,yolo,person,False,False
anuragraj03__frame1378_jpg.rf.d4cb4f65371c852f10aefc75a6cbd2b7,yolo,helmet,False,False
anuragraj03__frame1378_jpg.rf.d4cb4f65371c852f10aefc75a6cbd2b7,yolo,gloves,False,False
anuragraj03__frame1378_jpg.rf.d4cb4f65371c852f10aefc75a6cbd2b7,yolo,boots,True,False
anuragraj03__frame1378_jpg.rf.d4cb4f65371c852f10aefc75a6cbd2b7,yolo,vest,False,False
anuragraj03__frame1378_jpg.rf.d4cb4f65371c852f10aefc75a6cbd2b7,yolo,no-helmet,False,False
anuragraj03__frame1378_jpg.rf.d4cb4f65371c852f10aefc75a6cbd2b7,yolo,no-gloves,False,False
anuragraj03__frame1378_jpg.rf.d4cb4f65371c852f10aefc75a6cbd2b7,yolo,no-boots,True,False
anuragraj03__frame1378_jpg.rf.d4cb4f65371c852f10aefc75a6cbd2b7,yolo,no-vest,False,False
anuragraj03__frame1378_jpg.rf.d4cb4f65371c852f10aefc75a6cbd2b7,ollama,person,True,False
anuragraj03__frame1378_jpg.rf.d4cb4f65371c852f10aefc75a6cbd2b7,ollama,helmet,True,False
anuragraj03__frame1378_jpg.rf.d4cb4f65371c852f10aefc75a6cbd2b7,ollama,gloves,True,False
anuragraj03__frame1378_jpg.rf.d4cb4f65371c852f10aefc75a6cbd2b7,ollama,boots,True,False
anuragraj03__frame1378_jpg.rf.d4cb4f65371c852f10aefc75a6cbd2b7,ollama,vest,True,False
anuragraj03__frame1378_jpg.rf.d4cb4f65371c852f10aefc75a6cbd2b7,ollama,no-helmet,False,False
anuragraj03__frame1378_jpg.rf.d4cb4f65371c852f10aefc75a6cbd2b7,ollama,no-gloves,True,False
anuragraj03__frame1378_jpg.rf.d4cb4f65371c852f10aefc75a6cbd2b7,ollama,no-boots,True,False
anuragraj03__frame1378_jpg.rf.d4cb4f65371c852f10aefc75a6cbd2b7,ollama,no-vest,True,False
anuragraj03__frame1378_jpg.rf.d4cb4f65371c852f10aefc75a6cbd2b7,qwen3-vl,person,True,False
anuragraj03__frame1378_jpg.rf.d4cb4f65371c852f10aefc75a6cbd2b7,qwen3-vl,helmet,False,False
anuragraj03__frame1378_jpg.rf.d4cb4f65371c852f10aefc75a6cbd2b7,qwen3-vl,gloves,False,False
anuragraj03__frame1378_jpg.rf.d4cb4f65371c852f10aefc75a6cbd2b7,qwen3-vl,boots,False,False
anuragraj03__frame1378_jpg.rf.d4cb4f65371c852f10aefc75a6cbd2b7,qwen3-vl,vest,False,False
anuragraj03__frame1378_jpg.rf.d4cb4f65371c852f10aefc75a6cbd2b7,qwen3-vl,no-helmet,True,False
anuragraj03__frame1378_jpg.rf.d4cb4f65371c852f10aefc75a6cbd2b7,qwen3-vl,no-gloves,True,False
anuragraj03__frame1378_jpg.rf.d4cb4f65371c852f10aefc75a6cbd2b7,qwen3-vl,no-boots,True,False
anuragraj03__frame1378_jpg.rf.d4cb4f65371c852f10aefc75a6cbd2b7,qwen3-vl,no-vest,True,False
anuragraj03__frame1378_jpg.rf.d4cb4f65371c852f10aefc75a6cbd2b7,gemma4,person,True,False
anuragraj03__frame1378_jpg.rf.d4cb4f65371c852f10aefc75a6cbd2b7,gemma4,helmet,False,False
anuragraj03__frame1378_jpg.rf.d4cb4f65371c852f10aefc75a6cbd2b7,gemma4,gloves,False,False
anuragraj03__frame1378_jpg.rf.d4cb4f65371c852f10aefc75a6cbd2b7,gemma4,boots,True,False
anuragraj03__frame1378_jpg.rf.d4cb4f65371c852f10aefc75a6cbd2b7,gemma4,vest,True,False
anuragraj03__frame1378_jpg.rf.d4cb4f65371c852f10aefc75a6cbd2b7,gemma4,no-helmet,False,False
anuragraj03__frame1378_jpg.rf.d4cb4f65371c852f10aefc75a6cbd2b7,gemma4,no-gloves,False,False
anuragraj03__frame1378_jpg.rf.d4cb4f65371c852f10aefc75a6cbd2b7,gemma4,no-boots,False,False
anuragraj03__frame1378_jpg.rf.d4cb4f65371c852f10aefc75a6cbd2b7,gemma4,no-vest,False,False
anuragraj03__frame1378_jpg.rf.d4cb4f65371c852f10aefc75a6cbd2b7,minicpm-v,person,True,False
anuragraj03__frame1378_jpg.rf.d4cb4f65371c852f10aefc75a6cbd2b7,minicpm-v,helmet,False,False
anuragraj03__frame1378_jpg.rf.d4cb4f65371c852f10aefc75a6cbd2b7,minicpm-v,gloves,False,False
anuragraj03__frame1378_jpg.rf.d4cb4f65371c852f10aefc75a6cbd2b7,minicpm-v,boots,True,False
anuragraj03__frame1378_jpg.rf.d4cb4f65371c852f10aefc75a6cbd2b7,minicpm-v,vest,False,False
anuragraj03__frame1378_jpg.rf.d4cb4f65371c852f10aefc75a6cbd2b7,minicpm-v,no-helmet,False,False
anuragraj03__frame1378_jpg.rf.d4cb4f65371c852f10aefc75a6cbd2b7,minicpm-v,no-gloves,True,False
anuragraj03__frame1378_jpg.rf.d4cb4f65371c852f10aefc75a6cbd2b7,minicpm-v,no-boots,False,False
anuragraj03__frame1378_jpg.rf.d4cb4f65371c852f10aefc75a6cbd2b7,minicpm-v,no-vest,True,False
anuragraj03__goggle8765118_jpg.rf.ceb29a57a09c3b2bca74df8da253a152,yolo,person,False,False
anuragraj03__goggle8765118_jpg.rf.ceb29a57a09c3b2bca74df8da253a152,yolo,helmet,False,False
anuragraj03__goggle8765118_jpg.rf.ceb29a57a09c3b2bca74df8da253a152,yolo,gloves,True,False
anuragraj03__goggle8765118_jpg.rf.ceb29a57a09c3b2bca74df8da253a152,yolo,boots,False,False
anuragraj03__goggle8765118_jpg.rf.ceb29a57a09c3b2bca74df8da253a152,yolo,vest,False,False
anuragraj03__goggle8765118_jpg.rf.ceb29a57a09c3b2bca74df8da253a152,yolo,no-helmet,False,False
anuragraj03__goggle8765118_jpg.rf.ceb29a57a09c3b2bca74df8da253a152,yolo,no-gloves,True,False
anuragraj03__goggle8765118_jpg.rf.ceb29a57a09c3b2bca74df8da253a152,yolo,no-boots,False,False
anuragraj03__goggle8765118_jpg.rf.ceb29a57a09c3b2bca74df8da253a152,yolo,no-vest,False,False
anuragraj03__goggle8765118_jpg.rf.ceb29a57a09c3b2bca74df8da253a152,ollama,person,True,False
anuragraj03__goggle8765118_jpg.rf.ceb29a57a09c3b2bca74df8da253a152,ollama,helmet,True,False
anuragraj03__goggle8765118_jpg.rf.ceb29a57a09c3b2bca74df8da253a152,ollama,gloves,True,False
anuragraj03__goggle8765118_jpg.rf.ceb29a57a09c3b2bca74df8da253a152,ollama,boots,True,False
anuragraj03__goggle8765118_jpg.rf.ceb29a57a09c3b2bca74df8da253a152,ollama,vest,True,False
anuragraj03__goggle8765118_jpg.rf.ceb29a57a09c3b2bca74df8da253a152,ollama,no-helmet,True,False
anuragraj03__goggle8765118_jpg.rf.ceb29a57a09c3b2bca74df8da253a152,ollama,no-gloves,True,False
anuragraj03__goggle8765118_jpg.rf.ceb29a57a09c3b2bca74df8da253a152,ollama,no-boots,True,False
anuragraj03__goggle8765118_jpg.rf.ceb29a57a09c3b2bca74df8da253a152,ollama,no-vest,False,False
anuragraj03__goggle8765118_jpg.rf.ceb29a57a09c3b2bca74df8da253a152,qwen3-vl,person,True,False
anuragraj03__goggle8765118_jpg.rf.ceb29a57a09c3b2bca74df8da253a152,qwen3-vl,helmet,False,False
anuragraj03__goggle8765118_jpg.rf.ceb29a57a09c3b2bca74df8da253a152,qwen3-vl,gloves,True,False
anuragraj03__goggle8765118_jpg.rf.ceb29a57a09c3b2bca74df8da253a152,qwen3-vl,boots,False,False
anuragraj03__goggle8765118_jpg.rf.ceb29a57a09c3b2bca74df8da253a152,qwen3-vl,vest,False,False
anuragraj03__goggle8765118_jpg.rf.ceb29a57a09c3b2bca74df8da253a152,qwen3-vl,no-helmet,True,False
anuragraj03__goggle8765118_jpg.rf.ceb29a57a09c3b2bca74df8da253a152,qwen3-vl,no-gloves,False,False
anuragraj03__goggle8765118_jpg.rf.ceb29a57a09c3b2bca74df8da253a152,qwen3-vl,no-boots,True,False
anuragraj03__goggle8765118_jpg.rf.ceb29a57a09c3b2bca74df8da253a152,qwen3-vl,no-vest,False,False
anuragraj03__goggle8765118_jpg.rf.ceb29a57a09c3b2bca74df8da253a152,gemma4,person,True,False
anuragraj03__goggle8765118_jpg.rf.ceb29a57a09c3b2bca74df8da253a152,gemma4,helmet,False,False
anuragraj03__goggle8765118_jpg.rf.ceb29a57a09c3b2bca74df8da253a152,gemma4,gloves,True,False
anuragraj03__goggle8765118_jpg.rf.ceb29a57a09c3b2bca74df8da253a152,gemma4,boots,True,False
anuragraj03__goggle8765118_jpg.rf.ceb29a57a09c3b2bca74df8da253a152,gemma4,vest,False,False
anuragraj03__goggle8765118_jpg.rf.ceb29a57a09c3b2bca74df8da253a152,gemma4,no-helmet,False,False
anuragraj03__goggle8765118_jpg.rf.ceb29a57a09c3b2bca74df8da253a152,gemma4,no-gloves,False,False
anuragraj03__goggle8765118_jpg.rf.ceb29a57a09c3b2bca74df8da253a152,gemma4,no-boots,False,False
anuragraj03__goggle8765118_jpg.rf.ceb29a57a09c3b2bca74df8da253a152,gemma4,no-vest,False,False
anuragraj03__goggle8765118_jpg.rf.ceb29a57a09c3b2bca74df8da253a152,minicpm-v,person,True,False
anuragraj03__goggle8765118_jpg.rf.ceb29a57a09c3b2bca74df8da253a152,minicpm-v,helmet,True,False
anuragraj03__goggle8765118_jpg.rf.ceb29a57a09c3b2bca74df8da253a152,minicpm-v,gloves,True,False
anuragraj03__goggle8765118_jpg.rf.ceb29a57a09c3b2bca74df8da253a152,minicpm-v,boots,True,False
anuragraj03__goggle8765118_jpg.rf.ceb29a57a09c3b2bca74df8da253a152,minicpm-v,vest,True,False
anuragraj03__goggle8765118_jpg.rf.ceb29a57a09c3b2bca74df8da253a152,minicpm-v,no-helmet,False,False
anuragraj03__goggle8765118_jpg.rf.ceb29a57a09c3b2bca74df8da253a152,minicpm-v,no-gloves,False,False
anuragraj03__goggle8765118_jpg.rf.ceb29a57a09c3b2bca74df8da253a152,minicpm-v,no-boots,False,False
anuragraj03__goggle8765118_jpg.rf.ceb29a57a09c3b2bca74df8da253a152,minicpm-v,no-vest,False,False
anuragraj03__goggle876532_jpg.rf.aa878cdabb99512810945412ceefe175,yolo,person,False,False
anuragraj03__goggle876532_jpg.rf.aa878cdabb99512810945412ceefe175,yolo,helmet,False,False
anuragraj03__goggle876532_jpg.rf.aa878cdabb99512810945412ceefe175,yolo,gloves,True,False
anuragraj03__goggle876532_jpg.rf.aa878cdabb99512810945412ceefe175,yolo,boots,False,False
anuragraj03__goggle876532_jpg.rf.aa878cdabb99512810945412ceefe175,yolo,vest,False,False
anuragraj03__goggle876532_jpg.rf.aa878cdabb99512810945412ceefe175,yolo,no-helmet,False,False
anuragraj03__goggle876532_jpg.rf.aa878cdabb99512810945412ceefe175,yolo,no-gloves,True,False
anuragraj03__goggle876532_jpg.rf.aa878cdabb99512810945412ceefe175,yolo,no-boots,False,False
anuragraj03__goggle876532_jpg.rf.aa878cdabb99512810945412ceefe175,yolo,no-vest,False,False
anuragraj03__goggle876532_jpg.rf.aa878cdabb99512810945412ceefe175,ollama,person,True,False
anuragraj03__goggle876532_jpg.rf.aa878cdabb99512810945412ceefe175,ollama,helmet,True,False
anuragraj03__goggle876532_jpg.rf.aa878cdabb99512810945412ceefe175,ollama,gloves,False,False
anuragraj03__goggle876532_jpg.rf.aa878cdabb99512810945412ceefe175,ollama,boots,True,False
anuragraj03__goggle876532_jpg.rf.aa878cdabb99512810945412ceefe175,ollama,vest,False,False
anuragraj03__goggle876532_jpg.rf.aa878cdabb99512810945412ceefe175,ollama,no-helmet,True,False
anuragraj03__goggle876532_jpg.rf.aa878cdabb99512810945412ceefe175,ollama,no-gloves,True,False
anuragraj03__goggle876532_jpg.rf.aa878cdabb99512810945412ceefe175,ollama,no-boots,True,False
anuragraj03__goggle876532_jpg.rf.aa878cdabb99512810945412ceefe175,ollama,no-vest,True,False
anuragraj03__goggle876532_jpg.rf.aa878cdabb99512810945412ceefe175,qwen3-vl,person,True,False
anuragraj03__goggle876532_jpg.rf.aa878cdabb99512810945412ceefe175,qwen3-vl,helmet,False,False
anuragraj03__goggle876532_jpg.rf.aa878cdabb99512810945412ceefe175,qwen3-vl,gloves,True,False
anuragraj03__goggle876532_jpg.rf.aa878cdabb99512810945412ceefe175,qwen3-vl,boots,False,False
anuragraj03__goggle876532_jpg.rf.aa878cdabb99512810945412ceefe175,qwen3-vl,vest,False,False
anuragraj03__goggle876532_jpg.rf.aa878cdabb99512810945412ceefe175,qwen3-vl,no-helmet,False,False
anuragraj03__goggle876532_jpg.rf.aa878cdabb99512810945412ceefe175,qwen3-vl,no-gloves,False,False
anuragraj03__goggle876532_jpg.rf.aa878cdabb99512810945412ceefe175,qwen3-vl,no-boots,False,False
anuragraj03__goggle876532_jpg.rf.aa878cdabb99512810945412ceefe175,qwen3-vl,no-vest,False,False
anuragraj03__goggle876532_jpg.rf.aa878cdabb99512810945412ceefe175,gemma4,person,True,False
anuragraj03__goggle876532_jpg.rf.aa878cdabb99512810945412ceefe175,gemma4,helmet,True,False
anuragraj03__goggle876532_jpg.rf.aa878cdabb99512810945412ceefe175,gemma4,gloves,True,False
anuragraj03__goggle876532_jpg.rf.aa878cdabb99512810945412ceefe175,gemma4,boots,True,False
anuragraj03__goggle876532_jpg.rf.aa878cdabb99512810945412ceefe175,gemma4,vest,True,False
anuragraj03__goggle876532_jpg.rf.aa878cdabb99512810945412ceefe175,gemma4,no-helmet,False,False
anuragraj03__goggle876532_jpg.rf.aa878cdabb99512810945412ceefe175,gemma4,no-gloves,False,False
anuragraj03__goggle876532_jpg.rf.aa878cdabb99512810945412ceefe175,gemma4,no-boots,False,False
anuragraj03__goggle876532_jpg.rf.aa878cdabb99512810945412ceefe175,gemma4,no-vest,False,False
anuragraj03__goggle876532_jpg.rf.aa878cdabb99512810945412ceefe175,minicpm-v,person,True,False
anuragraj03__goggle876532_jpg.rf.aa878cdabb99512810945412ceefe175,minicpm-v,helmet,False,False
anuragraj03__goggle876532_jpg.rf.aa878cdabb99512810945412ceefe175,minicpm-v,gloves,True,False
anuragraj03__goggle876532_jpg.rf.aa878cdabb99512810945412ceefe175,minicpm-v,boots,True,False
anuragraj03__goggle876532_jpg.rf.aa878cdabb99512810945412ceefe175,minicpm-v,vest,False,False
anuragraj03__goggle876532_jpg.rf.aa878cdabb99512810945412ceefe175,minicpm-v,no-helmet,False,False
anuragraj03__goggle876532_jpg.rf.aa878cdabb99512810945412ceefe175,minicpm-v,no-gloves,False,False
anuragraj03__goggle876532_jpg.rf.aa878cdabb99512810945412ceefe175,minicpm-v,no-boots,False,False
anuragraj03__goggle876532_jpg.rf.aa878cdabb99512810945412ceefe175,minicpm-v,no-vest,False,False
anuragraj03__goggle876594_jpg.rf.7cdb8fa8021a9d08762783629f1b6181,yolo,person,False,False
anuragraj03__goggle876594_jpg.rf.7cdb8fa8021a9d08762783629f1b6181,yolo,helmet,False,False
anuragraj03__goggle876594_jpg.rf.7cdb8fa8021a9d08762783629f1b6181,yolo,gloves,True,False
anuragraj03__goggle876594_jpg.rf.7cdb8fa8021a9d08762783629f1b6181,yolo,boots,False,False
anuragraj03__goggle876594_jpg.rf.7cdb8fa8021a9d08762783629f1b6181,yolo,vest,False,False
anuragraj03__goggle876594_jpg.rf.7cdb8fa8021a9d08762783629f1b6181,yolo,no-helmet,False,False
anuragraj03__goggle876594_jpg.rf.7cdb8fa8021a9d08762783629f1b6181,yolo,no-gloves,True,False
anuragraj03__goggle876594_jpg.rf.7cdb8fa8021a9d08762783629f1b6181,yolo,no-boots,False,False
anuragraj03__goggle876594_jpg.rf.7cdb8fa8021a9d08762783629f1b6181,yolo,no-vest,False,False
anuragraj03__goggle876594_jpg.rf.7cdb8fa8021a9d08762783629f1b6181,ollama,person,True,False
anuragraj03__goggle876594_jpg.rf.7cdb8fa8021a9d08762783629f1b6181,ollama,helmet,True,False
anuragraj03__goggle876594_jpg.rf.7cdb8fa8021a9d08762783629f1b6181,ollama,gloves,True,False
anuragraj03__goggle876594_jpg.rf.7cdb8fa8021a9d08762783629f1b6181,ollama,boots,True,False
anuragraj03__goggle876594_jpg.rf.7cdb8fa8021a9d08762783629f1b6181,ollama,vest,True,False
anuragraj03__goggle876594_jpg.rf.7cdb8fa8021a9d08762783629f1b6181,ollama,no-helmet,True,False
anuragraj03__goggle876594_jpg.rf.7cdb8fa8021a9d08762783629f1b6181,ollama,no-gloves,True,False
anuragraj03__goggle876594_jpg.rf.7cdb8fa8021a9d08762783629f1b6181,ollama,no-boots,True,False
anuragraj03__goggle876594_jpg.rf.7cdb8fa8021a9d08762783629f1b6181,ollama,no-vest,True,False
anuragraj03__goggle876594_jpg.rf.7cdb8fa8021a9d08762783629f1b6181,qwen3-vl,person,True,False
anuragraj03__goggle876594_jpg.rf.7cdb8fa8021a9d08762783629f1b6181,qwen3-vl,helmet,False,False
anuragraj03__goggle876594_jpg.rf.7cdb8fa8021a9d08762783629f1b6181,qwen3-vl,gloves,True,False
anuragraj03__goggle876594_jpg.rf.7cdb8fa8021a9d08762783629f1b6181,qwen3-vl,boots,False,False
anuragraj03__goggle876594_jpg.rf.7cdb8fa8021a9d08762783629f1b6181,qwen3-vl,vest,False,False
anuragraj03__goggle876594_jpg.rf.7cdb8fa8021a9d08762783629f1b6181,qwen3-vl,no-helmet,False,False
anuragraj03__goggle876594_jpg.rf.7cdb8fa8021a9d08762783629f1b6181,qwen3-vl,no-gloves,False,False
anuragraj03__goggle876594_jpg.rf.7cdb8fa8021a9d08762783629f1b6181,qwen3-vl,no-boots,False,False
anuragraj03__goggle876594_jpg.rf.7cdb8fa8021a9d08762783629f1b6181,qwen3-vl,no-vest,False,False
anuragraj03__goggle876594_jpg.rf.7cdb8fa8021a9d08762783629f1b6181,gemma4,person,True,False
anuragraj03__goggle876594_jpg.rf.7cdb8fa8021a9d08762783629f1b6181,gemma4,helmet,True,False
anuragraj03__goggle876594_jpg.rf.7cdb8fa8021a9d08762783629f1b6181,gemma4,gloves,True,False
anuragraj03__goggle876594_jpg.rf.7cdb8fa8021a9d08762783629f1b6181,gemma4,boots,True,False
anuragraj03__goggle876594_jpg.rf.7cdb8fa8021a9d08762783629f1b6181,gemma4,vest,True,False
anuragraj03__goggle876594_jpg.rf.7cdb8fa8021a9d08762783629f1b6181,gemma4,no-helmet,False,False
anuragraj03__goggle876594_jpg.rf.7cdb8fa8021a9d08762783629f1b6181,gemma4,no-gloves,False,False
anuragraj03__goggle876594_jpg.rf.7cdb8fa8021a9d08762783629f1b6181,gemma4,no-boots,False,False
anuragraj03__goggle876594_jpg.rf.7cdb8fa8021a9d08762783629f1b6181,gemma4,no-vest,False,False
anuragraj03__goggle876594_jpg.rf.7cdb8fa8021a9d08762783629f1b6181,minicpm-v,person,True,False
anuragraj03__goggle876594_jpg.rf.7cdb8fa8021a9d08762783629f1b6181,minicpm-v,helmet,True,False
anuragraj03__goggle876594_jpg.rf.7cdb8fa8021a9d08762783629f1b6181,minicpm-v,gloves,True,False
anuragraj03__goggle876594_jpg.rf.7cdb8fa8021a9d08762783629f1b6181,minicpm-v,boots,True,False
anuragraj03__goggle876594_jpg.rf.7cdb8fa8021a9d08762783629f1b6181,minicpm-v,vest,False,False
anuragraj03__goggle876594_jpg.rf.7cdb8fa8021a9d08762783629f1b6181,minicpm-v,no-helmet,False,False
anuragraj03__goggle876594_jpg.rf.7cdb8fa8021a9d08762783629f1b6181,minicpm-v,no-gloves,False,False
anuragraj03__goggle876594_jpg.rf.7cdb8fa8021a9d08762783629f1b6181,minicpm-v,no-boots,False,False
anuragraj03__goggle876594_jpg.rf.7cdb8fa8021a9d08762783629f1b6181,minicpm-v,no-vest,True,False
anuragraj03__helmet9991161_jpg.rf.4b2964466c0c6794e91c90cc7e9cd6a0,yolo,person,False,False
anuragraj03__helmet9991161_jpg.rf.4b2964466c0c6794e91c90cc7e9cd6a0,yolo,helmet,False,False
anuragraj03__helmet9991161_jpg.rf.4b2964466c0c6794e91c90cc7e9cd6a0,yolo,gloves,False,False
anuragraj03__helmet9991161_jpg.rf.4b2964466c0c6794e91c90cc7e9cd6a0,yolo,boots,False,False
anuragraj03__helmet9991161_jpg.rf.4b2964466c0c6794e91c90cc7e9cd6a0,yolo,vest,False,False
anuragraj03__helmet9991161_jpg.rf.4b2964466c0c6794e91c90cc7e9cd6a0,yolo,no-helmet,True,False
anuragraj03__helmet9991161_jpg.rf.4b2964466c0c6794e91c90cc7e9cd6a0,yolo,no-gloves,False,False
anuragraj03__helmet9991161_jpg.rf.4b2964466c0c6794e91c90cc7e9cd6a0,yolo,no-boots,False,False
anuragraj03__helmet9991161_jpg.rf.4b2964466c0c6794e91c90cc7e9cd6a0,yolo,no-vest,False,False
anuragraj03__helmet9991161_jpg.rf.4b2964466c0c6794e91c90cc7e9cd6a0,ollama,person,True,False
anuragraj03__helmet9991161_jpg.rf.4b2964466c0c6794e91c90cc7e9cd6a0,ollama,helmet,True,False
anuragraj03__helmet9991161_jpg.rf.4b2964466c0c6794e91c90cc7e9cd6a0,ollama,gloves,False,False
anuragraj03__helmet9991161_jpg.rf.4b2964466c0c6794e91c90cc7e9cd6a0,ollama,boots,False,False
anuragraj03__helmet9991161_jpg.rf.4b2964466c0c6794e91c90cc7e9cd6a0,ollama,vest,True,False
anuragraj03__helmet9991161_jpg.rf.4b2964466c0c6794e91c90cc7e9cd6a0,ollama,no-helmet,False,False
anuragraj03__helmet9991161_jpg.rf.4b2964466c0c6794e91c90cc7e9cd6a0,ollama,no-gloves,False,False
anuragraj03__helmet9991161_jpg.rf.4b2964466c0c6794e91c90cc7e9cd6a0,ollama,no-boots,False,False
anuragraj03__helmet9991161_jpg.rf.4b2964466c0c6794e91c90cc7e9cd6a0,ollama,no-vest,False,False
anuragraj03__helmet9991161_jpg.rf.4b2964466c0c6794e91c90cc7e9cd6a0,qwen3-vl,person,True,False
anuragraj03__helmet9991161_jpg.rf.4b2964466c0c6794e91c90cc7e9cd6a0,qwen3-vl,helmet,False,False
anuragraj03__helmet9991161_jpg.rf.4b2964466c0c6794e91c90cc7e9cd6a0,qwen3-vl,gloves,False,False
anuragraj03__helmet9991161_jpg.rf.4b2964466c0c6794e91c90cc7e9cd6a0,qwen3-vl,boots,False,False
anuragraj03__helmet9991161_jpg.rf.4b2964466c0c6794e91c90cc7e9cd6a0,qwen3-vl,vest,False,False
anuragraj03__helmet9991161_jpg.rf.4b2964466c0c6794e91c90cc7e9cd6a0,qwen3-vl,no-helmet,True,False
anuragraj03__helmet9991161_jpg.rf.4b2964466c0c6794e91c90cc7e9cd6a0,qwen3-vl,no-gloves,True,False
anuragraj03__helmet9991161_jpg.rf.4b2964466c0c6794e91c90cc7e9cd6a0,qwen3-vl,no-boots,True,False
anuragraj03__helmet9991161_jpg.rf.4b2964466c0c6794e91c90cc7e9cd6a0,qwen3-vl,no-vest,True,False
anuragraj03__helmet9991161_jpg.rf.4b2964466c0c6794e91c90cc7e9cd6a0,gemma4,person,True,False
anuragraj03__helmet9991161_jpg.rf.4b2964466c0c6794e91c90cc7e9cd6a0,gemma4,helmet,False,False
anuragraj03__helmet9991161_jpg.rf.4b2964466c0c6794e91c90cc7e9cd6a0,gemma4,gloves,False,False
anuragraj03__helmet9991161_jpg.rf.4b2964466c0c6794e91c90cc7e9cd6a0,gemma4,boots,True,False
anuragraj03__helmet9991161_jpg.rf.4b2964466c0c6794e91c90cc7e9cd6a0,gemma4,vest,True,False
anuragraj03__helmet9991161_jpg.rf.4b2964466c0c6794e91c90cc7e9cd6a0,gemma4,no-helmet,False,False
anuragraj03__helmet9991161_jpg.rf.4b2964466c0c6794e91c90cc7e9cd6a0,gemma4,no-gloves,True,False
anuragraj03__helmet9991161_jpg.rf.4b2964466c0c6794e91c90cc7e9cd6a0,gemma4,no-boots,False,False
anuragraj03__helmet9991161_jpg.rf.4b2964466c0c6794e91c90cc7e9cd6a0,gemma4,no-vest,False,False
anuragraj03__helmet9991161_jpg.rf.4b2964466c0c6794e91c90cc7e9cd6a0,minicpm-v,person,True,False
anuragraj03__helmet9991161_jpg.rf.4b2964466c0c6794e91c90cc7e9cd6a0,minicpm-v,helmet,False,False
anuragraj03__helmet9991161_jpg.rf.4b2964466c0c6794e91c90cc7e9cd6a0,minicpm-v,gloves,False,False
anuragraj03__helmet9991161_jpg.rf.4b2964466c0c6794e91c90cc7e9cd6a0,minicpm-v,boots,False,False
anuragraj03__helmet9991161_jpg.rf.4b2964466c0c6794e91c90cc7e9cd6a0,minicpm-v,vest,False,False
anuragraj03__helmet9991161_jpg.rf.4b2964466c0c6794e91c90cc7e9cd6a0,minicpm-v,no-helmet,True,False
anuragraj03__helmet9991161_jpg.rf.4b2964466c0c6794e91c90cc7e9cd6a0,minicpm-v,no-gloves,True,False
anuragraj03__helmet9991161_jpg.rf.4b2964466c0c6794e91c90cc7e9cd6a0,minicpm-v,no-boots,True,False
anuragraj03__helmet9991161_jpg.rf.4b2964466c0c6794e91c90cc7e9cd6a0,minicpm-v,no-vest,True,False
anuragraj03__helmet9991193_jpg.rf.4cdfba3759bf492ac923cb04602633eb,yolo,person,False,False
anuragraj03__helmet9991193_jpg.rf.4cdfba3759bf492ac923cb04602633eb,yolo,helmet,False,False
anuragraj03__helmet9991193_jpg.rf.4cdfba3759bf492ac923cb04602633eb,yolo,gloves,False,False
anuragraj03__helmet9991193_jpg.rf.4cdfba3759bf492ac923cb04602633eb,yolo,boots,False,False
anuragraj03__helmet9991193_jpg.rf.4cdfba3759bf492ac923cb04602633eb,yolo,vest,False,False
anuragraj03__helmet9991193_jpg.rf.4cdfba3759bf492ac923cb04602633eb,yolo,no-helmet,True,False
anuragraj03__helmet9991193_jpg.rf.4cdfba3759bf492ac923cb04602633eb,yolo,no-gloves,False,False
anuragraj03__helmet9991193_jpg.rf.4cdfba3759bf492ac923cb04602633eb,yolo,no-boots,False,False
anuragraj03__helmet9991193_jpg.rf.4cdfba3759bf492ac923cb04602633eb,yolo,no-vest,False,False
anuragraj03__helmet9991193_jpg.rf.4cdfba3759bf492ac923cb04602633eb,ollama,person,True,False
anuragraj03__helmet9991193_jpg.rf.4cdfba3759bf492ac923cb04602633eb,ollama,helmet,True,False
anuragraj03__helmet9991193_jpg.rf.4cdfba3759bf492ac923cb04602633eb,ollama,gloves,False,False
anuragraj03__helmet9991193_jpg.rf.4cdfba3759bf492ac923cb04602633eb,ollama,boots,False,False
anuragraj03__helmet9991193_jpg.rf.4cdfba3759bf492ac923cb04602633eb,ollama,vest,False,False
anuragraj03__helmet9991193_jpg.rf.4cdfba3759bf492ac923cb04602633eb,ollama,no-helmet,False,False
anuragraj03__helmet9991193_jpg.rf.4cdfba3759bf492ac923cb04602633eb,ollama,no-gloves,False,False
anuragraj03__helmet9991193_jpg.rf.4cdfba3759bf492ac923cb04602633eb,ollama,no-boots,False,False
anuragraj03__helmet9991193_jpg.rf.4cdfba3759bf492ac923cb04602633eb,ollama,no-vest,False,False
anuragraj03__helmet9991193_jpg.rf.4cdfba3759bf492ac923cb04602633eb,qwen3-vl,person,True,False
anuragraj03__helmet9991193_jpg.rf.4cdfba3759bf492ac923cb04602633eb,qwen3-vl,helmet,False,False
anuragraj03__helmet9991193_jpg.rf.4cdfba3759bf492ac923cb04602633eb,qwen3-vl,gloves,False,False
anuragraj03__helmet9991193_jpg.rf.4cdfba3759bf492ac923cb04602633eb,qwen3-vl,boots,False,False
anuragraj03__helmet9991193_jpg.rf.4cdfba3759bf492ac923cb04602633eb,qwen3-vl,vest,True,False
anuragraj03__helmet9991193_jpg.rf.4cdfba3759bf492ac923cb04602633eb,qwen3-vl,no-helmet,False,False
anuragraj03__helmet9991193_jpg.rf.4cdfba3759bf492ac923cb04602633eb,qwen3-vl,no-gloves,False,False
anuragraj03__helmet9991193_jpg.rf.4cdfba3759bf492ac923cb04602633eb,qwen3-vl,no-boots,False,False
anuragraj03__helmet9991193_jpg.rf.4cdfba3759bf492ac923cb04602633eb,qwen3-vl,no-vest,False,False
anuragraj03__helmet9991193_jpg.rf.4cdfba3759bf492ac923cb04602633eb,gemma4,person,True,False
anuragraj03__helmet9991193_jpg.rf.4cdfba3759bf492ac923cb04602633eb,gemma4,helmet,False,False
anuragraj03__helmet9991193_jpg.rf.4cdfba3759bf492ac923cb04602633eb,gemma4,gloves,False,False
anuragraj03__helmet9991193_jpg.rf.4cdfba3759bf492ac923cb04602633eb,gemma4,boots,True,False
anuragraj03__helmet9991193_jpg.rf.4cdfba3759bf492ac923cb04602633eb,gemma4,vest,False,False
anuragraj03__helmet9991193_jpg.rf.4cdfba3759bf492ac923cb04602633eb,gemma4,no-helmet,True,False
anuragraj03__helmet9991193_jpg.rf.4cdfba3759bf492ac923cb04602633eb,gemma4,no-gloves,True,False
anuragraj03__helmet9991193_jpg.rf.4cdfba3759bf492ac923cb04602633eb,gemma4,no-boots,False,False
anuragraj03__helmet9991193_jpg.rf.4cdfba3759bf492ac923cb04602633eb,gemma4,no-vest,True,False
anuragraj03__helmet9991193_jpg.rf.4cdfba3759bf492ac923cb04602633eb,minicpm-v,person,True,False
anuragraj03__helmet9991193_jpg.rf.4cdfba3759bf492ac923cb04602633eb,minicpm-v,helmet,False,False
anuragraj03__helmet9991193_jpg.rf.4cdfba3759bf492ac923cb04602633eb,minicpm-v,gloves,True,False
anuragraj03__helmet9991193_jpg.rf.4cdfba3759bf492ac923cb04602633eb,minicpm-v,boots,False,False
anuragraj03__helmet9991193_jpg.rf.4cdfba3759bf492ac923cb04602633eb,minicpm-v,vest,False,False
anuragraj03__helmet9991193_jpg.rf.4cdfba3759bf492ac923cb04602633eb,minicpm-v,no-helmet,False,False
anuragraj03__helmet9991193_jpg.rf.4cdfba3759bf492ac923cb04602633eb,minicpm-v,no-gloves,False,False
anuragraj03__helmet9991193_jpg.rf.4cdfba3759bf492ac923cb04602633eb,minicpm-v,no-boots,True,False
anuragraj03__helmet9991193_jpg.rf.4cdfba3759bf492ac923cb04602633eb,minicpm-v,no-vest,False,False
anuragraj03__helmet999896_jpg.rf.9d8872b7d083bdd16edb2bd45213f070,yolo,person,False,False
anuragraj03__helmet999896_jpg.rf.9d8872b7d083bdd16edb2bd45213f070,yolo,helmet,True,False
anuragraj03__helmet999896_jpg.rf.9d8872b7d083bdd16edb2bd45213f070,yolo,gloves,False,False
anuragraj03__helmet999896_jpg.rf.9d8872b7d083bdd16edb2bd45213f070,yolo,boots,False,False
anuragraj03__helmet999896_jpg.rf.9d8872b7d083bdd16edb2bd45213f070,yolo,vest,False,False
anuragraj03__helmet999896_jpg.rf.9d8872b7d083bdd16edb2bd45213f070,yolo,no-helmet,True,False
anuragraj03__helmet999896_jpg.rf.9d8872b7d083bdd16edb2bd45213f070,yolo,no-gloves,False,False
anuragraj03__helmet999896_jpg.rf.9d8872b7d083bdd16edb2bd45213f070,yolo,no-boots,False,False
anuragraj03__helmet999896_jpg.rf.9d8872b7d083bdd16edb2bd45213f070,yolo,no-vest,False,False
anuragraj03__helmet999896_jpg.rf.9d8872b7d083bdd16edb2bd45213f070,ollama,person,True,False
anuragraj03__helmet999896_jpg.rf.9d8872b7d083bdd16edb2bd45213f070,ollama,helmet,True,False
anuragraj03__helmet999896_jpg.rf.9d8872b7d083bdd16edb2bd45213f070,ollama,gloves,False,False
anuragraj03__helmet999896_jpg.rf.9d8872b7d083bdd16edb2bd45213f070,ollama,boots,False,False
anuragraj03__helmet999896_jpg.rf.9d8872b7d083bdd16edb2bd45213f070,ollama,vest,False,False
anuragraj03__helmet999896_jpg.rf.9d8872b7d083bdd16edb2bd45213f070,ollama,no-helmet,False,False
anuragraj03__helmet999896_jpg.rf.9d8872b7d083bdd16edb2bd45213f070,ollama,no-gloves,False,False
anuragraj03__helmet999896_jpg.rf.9d8872b7d083bdd16edb2bd45213f070,ollama,no-boots,False,False
anuragraj03__helmet999896_jpg.rf.9d8872b7d083bdd16edb2bd45213f070,ollama,no-vest,False,False
anuragraj03__helmet999896_jpg.rf.9d8872b7d083bdd16edb2bd45213f070,qwen3-vl,person,True,False
anuragraj03__helmet999896_jpg.rf.9d8872b7d083bdd16edb2bd45213f070,qwen3-vl,helmet,True,False
anuragraj03__helmet999896_jpg.rf.9d8872b7d083bdd16edb2bd45213f070,qwen3-vl,gloves,False,False
anuragraj03__helmet999896_jpg.rf.9d8872b7d083bdd16edb2bd45213f070,qwen3-vl,boots,False,False
anuragraj03__helmet999896_jpg.rf.9d8872b7d083bdd16edb2bd45213f070,qwen3-vl,vest,False,False
anuragraj03__helmet999896_jpg.rf.9d8872b7d083bdd16edb2bd45213f070,qwen3-vl,no-helmet,False,False
anuragraj03__helmet999896_jpg.rf.9d8872b7d083bdd16edb2bd45213f070,qwen3-vl,no-gloves,True,False
anuragraj03__helmet999896_jpg.rf.9d8872b7d083bdd16edb2bd45213f070,qwen3-vl,no-boots,True,False
anuragraj03__helmet999896_jpg.rf.9d8872b7d083bdd16edb2bd45213f070,qwen3-vl,no-vest,True,False
anuragraj03__helmet999896_jpg.rf.9d8872b7d083bdd16edb2bd45213f070,gemma4,person,True,False
anuragraj03__helmet999896_jpg.rf.9d8872b7d083bdd16edb2bd45213f070,gemma4,helmet,True,False
anuragraj03__helmet999896_jpg.rf.9d8872b7d083bdd16edb2bd45213f070,gemma4,gloves,True,False
anuragraj03__helmet999896_jpg.rf.9d8872b7d083bdd16edb2bd45213f070,gemma4,boots,True,False
anuragraj03__helmet999896_jpg.rf.9d8872b7d083bdd16edb2bd45213f070,gemma4,vest,False,False
anuragraj03__helmet999896_jpg.rf.9d8872b7d083bdd16edb2bd45213f070,gemma4,no-helmet,False,False
anuragraj03__helmet999896_jpg.rf.9d8872b7d083bdd16edb2bd45213f070,gemma4,no-gloves,False,False
anuragraj03__helmet999896_jpg.rf.9d8872b7d083bdd16edb2bd45213f070,gemma4,no-boots,False,False
anuragraj03__helmet999896_jpg.rf.9d8872b7d083bdd16edb2bd45213f070,gemma4,no-vest,False,False
anuragraj03__helmet999896_jpg.rf.9d8872b7d083bdd16edb2bd45213f070,minicpm-v,person,True,False
anuragraj03__helmet999896_jpg.rf.9d8872b7d083bdd16edb2bd45213f070,minicpm-v,helmet,True,False
anuragraj03__helmet999896_jpg.rf.9d8872b7d083bdd16edb2bd45213f070,minicpm-v,gloves,True,False
anuragraj03__helmet999896_jpg.rf.9d8872b7d083bdd16edb2bd45213f070,minicpm-v,boots,True,False
anuragraj03__helmet999896_jpg.rf.9d8872b7d083bdd16edb2bd45213f070,minicpm-v,vest,True,False
anuragraj03__helmet999896_jpg.rf.9d8872b7d083bdd16edb2bd45213f070,minicpm-v,no-helmet,False,False
anuragraj03__helmet999896_jpg.rf.9d8872b7d083bdd16edb2bd45213f070,minicpm-v,no-gloves,False,False
anuragraj03__helmet999896_jpg.rf.9d8872b7d083bdd16edb2bd45213f070,minicpm-v,no-boots,False,False
anuragraj03__helmet999896_jpg.rf.9d8872b7d083bdd16edb2bd45213f070,minicpm-v,no-vest,False,False
anuragraj03__img259_jpg.rf.bb7e895479eec7e33ed7cb887887e6ec,yolo,person,False,False
anuragraj03__img259_jpg.rf.bb7e895479eec7e33ed7cb887887e6ec,yolo,helmet,False,False
anuragraj03__img259_jpg.rf.bb7e895479eec7e33ed7cb887887e6ec,yolo,gloves,True,False
anuragraj03__img259_jpg.rf.bb7e895479eec7e33ed7cb887887e6ec,yolo,boots,False,False
anuragraj03__img259_jpg.rf.bb7e895479eec7e33ed7cb887887e6ec,yolo,vest,False,False
anuragraj03__img259_jpg.rf.bb7e895479eec7e33ed7cb887887e6ec,yolo,no-helmet,False,False
anuragraj03__img259_jpg.rf.bb7e895479eec7e33ed7cb887887e6ec,yolo,no-gloves,True,False
anuragraj03__img259_jpg.rf.bb7e895479eec7e33ed7cb887887e6ec,yolo,no-boots,False,False
anuragraj03__img259_jpg.rf.bb7e895479eec7e33ed7cb887887e6ec,yolo,no-vest,False,False
anuragraj03__img259_jpg.rf.bb7e895479eec7e33ed7cb887887e6ec,ollama,person,True,False
anuragraj03__img259_jpg.rf.bb7e895479eec7e33ed7cb887887e6ec,ollama,helmet,True,False
anuragraj03__img259_jpg.rf.bb7e895479eec7e33ed7cb887887e6ec,ollama,gloves,False,False
anuragraj03__img259_jpg.rf.bb7e895479eec7e33ed7cb887887e6ec,ollama,boots,True,False
anuragraj03__img259_jpg.rf.bb7e895479eec7e33ed7cb887887e6ec,ollama,vest,True,False
anuragraj03__img259_jpg.rf.bb7e895479eec7e33ed7cb887887e6ec,ollama,no-helmet,False,False
anuragraj03__img259_jpg.rf.bb7e895479eec7e33ed7cb887887e6ec,ollama,no-gloves,True,False
anuragraj03__img259_jpg.rf.bb7e895479eec7e33ed7cb887887e6ec,ollama,no-boots,True,False
anuragraj03__img259_jpg.rf.bb7e895479eec7e33ed7cb887887e6ec,ollama,no-vest,True,False
anuragraj03__img259_jpg.rf.bb7e895479eec7e33ed7cb887887e6ec,qwen3-vl,person,True,False
anuragraj03__img259_jpg.rf.bb7e895479eec7e33ed7cb887887e6ec,qwen3-vl,helmet,False,False
anuragraj03__img259_jpg.rf.bb7e895479eec7e33ed7cb887887e6ec,qwen3-vl,gloves,True,False
anuragraj03__img259_jpg.rf.bb7e895479eec7e33ed7cb887887e6ec,qwen3-vl,boots,False,False
anuragraj03__img259_jpg.rf.bb7e895479eec7e33ed7cb887887e6ec,qwen3-vl,vest,False,False
anuragraj03__img259_jpg.rf.bb7e895479eec7e33ed7cb887887e6ec,qwen3-vl,no-helmet,False,False
anuragraj03__img259_jpg.rf.bb7e895479eec7e33ed7cb887887e6ec,qwen3-vl,no-gloves,False,False
anuragraj03__img259_jpg.rf.bb7e895479eec7e33ed7cb887887e6ec,qwen3-vl,no-boots,False,False
anuragraj03__img259_jpg.rf.bb7e895479eec7e33ed7cb887887e6ec,qwen3-vl,no-vest,False,False
anuragraj03__img259_jpg.rf.bb7e895479eec7e33ed7cb887887e6ec,gemma4,person,True,False
anuragraj03__img259_jpg.rf.bb7e895479eec7e33ed7cb887887e6ec,gemma4,helmet,False,False
anuragraj03__img259_jpg.rf.bb7e895479eec7e33ed7cb887887e6ec,gemma4,gloves,True,False
anuragraj03__img259_jpg.rf.bb7e895479eec7e33ed7cb887887e6ec,gemma4,boots,True,False
anuragraj03__img259_jpg.rf.bb7e895479eec7e33ed7cb887887e6ec,gemma4,vest,False,False
anuragraj03__img259_jpg.rf.bb7e895479eec7e33ed7cb887887e6ec,gemma4,no-helmet,True,False
anuragraj03__img259_jpg.rf.bb7e895479eec7e33ed7cb887887e6ec,gemma4,no-gloves,False,False
anuragraj03__img259_jpg.rf.bb7e895479eec7e33ed7cb887887e6ec,gemma4,no-boots,False,False
anuragraj03__img259_jpg.rf.bb7e895479eec7e33ed7cb887887e6ec,gemma4,no-vest,True,False
anuragraj03__img259_jpg.rf.bb7e895479eec7e33ed7cb887887e6ec,minicpm-v,person,True,False
anuragraj03__img259_jpg.rf.bb7e895479eec7e33ed7cb887887e6ec,minicpm-v,helmet,False,False
anuragraj03__img259_jpg.rf.bb7e895479eec7e33ed7cb887887e6ec,minicpm-v,gloves,True,False
anuragraj03__img259_jpg.rf.bb7e895479eec7e33ed7cb887887e6ec,minicpm-v,boots,True,False
anuragraj03__img259_jpg.rf.bb7e895479eec7e33ed7cb887887e6ec,minicpm-v,vest,False,False
anuragraj03__img259_jpg.rf.bb7e895479eec7e33ed7cb887887e6ec,minicpm-v,no-helmet,False,False
anuragraj03__img259_jpg.rf.bb7e895479eec7e33ed7cb887887e6ec,minicpm-v,no-gloves,False,False
anuragraj03__img259_jpg.rf.bb7e895479eec7e33ed7cb887887e6ec,minicpm-v,no-boots,False,False
anuragraj03__img259_jpg.rf.bb7e895479eec7e33ed7cb887887e6ec,minicpm-v,no-vest,False,False
anuragraj03__img354_jpg.rf.9af754ead43961cb3d91685094cf6e1c,yolo,person,False,False
anuragraj03__img354_jpg.rf.9af754ead43961cb3d91685094cf6e1c,yolo,helmet,False,False
anuragraj03__img354_jpg.rf.9af754ead43961cb3d91685094cf6e1c,yolo,gloves,False,False
anuragraj03__img354_jpg.rf.9af754ead43961cb3d91685094cf6e1c,yolo,boots,False,False
anuragraj03__img354_jpg.rf.9af754ead43961cb3d91685094cf6e1c,yolo,vest,False,False
anuragraj03__img354_jpg.rf.9af754ead43961cb3d91685094cf6e1c,yolo,no-helmet,False,False
anuragraj03__img354_jpg.rf.9af754ead43961cb3d91685094cf6e1c,yolo,no-gloves,True,False
anuragraj03__img354_jpg.rf.9af754ead43961cb3d91685094cf6e1c,yolo,no-boots,False,False
anuragraj03__img354_jpg.rf.9af754ead43961cb3d91685094cf6e1c,yolo,no-vest,False,False
anuragraj03__img354_jpg.rf.9af754ead43961cb3d91685094cf6e1c,ollama,person,True,False
anuragraj03__img354_jpg.rf.9af754ead43961cb3d91685094cf6e1c,ollama,helmet,True,False
anuragraj03__img354_jpg.rf.9af754ead43961cb3d91685094cf6e1c,ollama,gloves,True,False
anuragraj03__img354_jpg.rf.9af754ead43961cb3d91685094cf6e1c,ollama,boots,True,False
anuragraj03__img354_jpg.rf.9af754ead43961cb3d91685094cf6e1c,ollama,vest,False,False
anuragraj03__img354_jpg.rf.9af754ead43961cb3d91685094cf6e1c,ollama,no-helmet,False,False
anuragraj03__img354_jpg.rf.9af754ead43961cb3d91685094cf6e1c,ollama,no-gloves,False,False
anuragraj03__img354_jpg.rf.9af754ead43961cb3d91685094cf6e1c,ollama,no-boots,False,False
anuragraj03__img354_jpg.rf.9af754ead43961cb3d91685094cf6e1c,ollama,no-vest,False,False
anuragraj03__img354_jpg.rf.9af754ead43961cb3d91685094cf6e1c,qwen3-vl,person,True,False
anuragraj03__img354_jpg.rf.9af754ead43961cb3d91685094cf6e1c,qwen3-vl,helmet,False,False
anuragraj03__img354_jpg.rf.9af754ead43961cb3d91685094cf6e1c,qwen3-vl,gloves,True,False
anuragraj03__img354_jpg.rf.9af754ead43961cb3d91685094cf6e1c,qwen3-vl,boots,False,False
anuragraj03__img354_jpg.rf.9af754ead43961cb3d91685094cf6e1c,qwen3-vl,vest,False,False
anuragraj03__img354_jpg.rf.9af754ead43961cb3d91685094cf6e1c,qwen3-vl,no-helmet,False,False
anuragraj03__img354_jpg.rf.9af754ead43961cb3d91685094cf6e1c,qwen3-vl,no-gloves,False,False
anuragraj03__img354_jpg.rf.9af754ead43961cb3d91685094cf6e1c,qwen3-vl,no-boots,False,False
anuragraj03__img354_jpg.rf.9af754ead43961cb3d91685094cf6e1c,qwen3-vl,no-vest,False,False
anuragraj03__img354_jpg.rf.9af754ead43961cb3d91685094cf6e1c,gemma4,person,True,False
anuragraj03__img354_jpg.rf.9af754ead43961cb3d91685094cf6e1c,gemma4,helmet,False,False
anuragraj03__img354_jpg.rf.9af754ead43961cb3d91685094cf6e1c,gemma4,gloves,True,False
anuragraj03__img354_jpg.rf.9af754ead43961cb3d91685094cf6e1c,gemma4,boots,True,False
anuragraj03__img354_jpg.rf.9af754ead43961cb3d91685094cf6e1c,gemma4,vest,True,False
anuragraj03__img354_jpg.rf.9af754ead43961cb3d91685094cf6e1c,gemma4,no-helmet,False,False
anuragraj03__img354_jpg.rf.9af754ead43961cb3d91685094cf6e1c,gemma4,no-gloves,False,False
anuragraj03__img354_jpg.rf.9af754ead43961cb3d91685094cf6e1c,gemma4,no-boots,False,False
anuragraj03__img354_jpg.rf.9af754ead43961cb3d91685094cf6e1c,gemma4,no-vest,False,False
anuragraj03__img354_jpg.rf.9af754ead43961cb3d91685094cf6e1c,minicpm-v,person,True,False
anuragraj03__img354_jpg.rf.9af754ead43961cb3d91685094cf6e1c,minicpm-v,helmet,False,False
anuragraj03__img354_jpg.rf.9af754ead43961cb3d91685094cf6e1c,minicpm-v,gloves,False,False
anuragraj03__img354_jpg.rf.9af754ead43961cb3d91685094cf6e1c,minicpm-v,boots,False,False
anuragraj03__img354_jpg.rf.9af754ead43961cb3d91685094cf6e1c,minicpm-v,vest,False,False
anuragraj03__img354_jpg.rf.9af754ead43961cb3d91685094cf6e1c,minicpm-v,no-helmet,True,False
anuragraj03__img354_jpg.rf.9af754ead43961cb3d91685094cf6e1c,minicpm-v,no-gloves,True,False
anuragraj03__img354_jpg.rf.9af754ead43961cb3d91685094cf6e1c,minicpm-v,no-boots,True,False
anuragraj03__img354_jpg.rf.9af754ead43961cb3d91685094cf6e1c,minicpm-v,no-vest,True,False
anuragraj03__img67_jpg.rf.84f4441aea49b0f852b55f49ee4e3712,yolo,person,False,False
anuragraj03__img67_jpg.rf.84f4441aea49b0f852b55f49ee4e3712,yolo,helmet,False,False
anuragraj03__img67_jpg.rf.84f4441aea49b0f852b55f49ee4e3712,yolo,gloves,True,False
anuragraj03__img67_jpg.rf.84f4441aea49b0f852b55f49ee4e3712,yolo,boots,False,False
anuragraj03__img67_jpg.rf.84f4441aea49b0f852b55f49ee4e3712,yolo,vest,False,False
anuragraj03__img67_jpg.rf.84f4441aea49b0f852b55f49ee4e3712,yolo,no-helmet,False,False
anuragraj03__img67_jpg.rf.84f4441aea49b0f852b55f49ee4e3712,yolo,no-gloves,True,False
anuragraj03__img67_jpg.rf.84f4441aea49b0f852b55f49ee4e3712,yolo,no-boots,False,False
anuragraj03__img67_jpg.rf.84f4441aea49b0f852b55f49ee4e3712,yolo,no-vest,False,False
anuragraj03__img67_jpg.rf.84f4441aea49b0f852b55f49ee4e3712,ollama,person,True,False
anuragraj03__img67_jpg.rf.84f4441aea49b0f852b55f49ee4e3712,ollama,helmet,True,False
anuragraj03__img67_jpg.rf.84f4441aea49b0f852b55f49ee4e3712,ollama,gloves,True,False
anuragraj03__img67_jpg.rf.84f4441aea49b0f852b55f49ee4e3712,ollama,boots,False,False
anuragraj03__img67_jpg.rf.84f4441aea49b0f852b55f49ee4e3712,ollama,vest,False,False
anuragraj03__img67_jpg.rf.84f4441aea49b0f852b55f49ee4e3712,ollama,no-helmet,False,False
anuragraj03__img67_jpg.rf.84f4441aea49b0f852b55f49ee4e3712,ollama,no-gloves,False,False
anuragraj03__img67_jpg.rf.84f4441aea49b0f852b55f49ee4e3712,ollama,no-boots,True,False
anuragraj03__img67_jpg.rf.84f4441aea49b0f852b55f49ee4e3712,ollama,no-vest,False,False
anuragraj03__img67_jpg.rf.84f4441aea49b0f852b55f49ee4e3712,qwen3-vl,person,True,False
anuragraj03__img67_jpg.rf.84f4441aea49b0f852b55f49ee4e3712,qwen3-vl,helmet,False,False
anuragraj03__img67_jpg.rf.84f4441aea49b0f852b55f49ee4e3712,qwen3-vl,gloves,True,False
anuragraj03__img67_jpg.rf.84f4441aea49b0f852b55f49ee4e3712,qwen3-vl,boots,False,False
anuragraj03__img67_jpg.rf.84f4441aea49b0f852b55f49ee4e3712,qwen3-vl,vest,False,False
anuragraj03__img67_jpg.rf.84f4441aea49b0f852b55f49ee4e3712,qwen3-vl,no-helmet,False,False
anuragraj03__img67_jpg.rf.84f4441aea49b0f852b55f49ee4e3712,qwen3-vl,no-gloves,False,False
anuragraj03__img67_jpg.rf.84f4441aea49b0f852b55f49ee4e3712,qwen3-vl,no-boots,False,False
anuragraj03__img67_jpg.rf.84f4441aea49b0f852b55f49ee4e3712,qwen3-vl,no-vest,False,False
anuragraj03__img67_jpg.rf.84f4441aea49b0f852b55f49ee4e3712,gemma4,person,True,False
anuragraj03__img67_jpg.rf.84f4441aea49b0f852b55f49ee4e3712,gemma4,helmet,False,False
anuragraj03__img67_jpg.rf.84f4441aea49b0f852b55f49ee4e3712,gemma4,gloves,True,False
anuragraj03__img67_jpg.rf.84f4441aea49b0f852b55f49ee4e3712,gemma4,boots,False,False
anuragraj03__img67_jpg.rf.84f4441aea49b0f852b55f49ee4e3712,gemma4,vest,False,False
anuragraj03__img67_jpg.rf.84f4441aea49b0f852b55f49ee4e3712,gemma4,no-helmet,True,False
anuragraj03__img67_jpg.rf.84f4441aea49b0f852b55f49ee4e3712,gemma4,no-gloves,False,False
anuragraj03__img67_jpg.rf.84f4441aea49b0f852b55f49ee4e3712,gemma4,no-boots,True,False
anuragraj03__img67_jpg.rf.84f4441aea49b0f852b55f49ee4e3712,gemma4,no-vest,True,False
anuragraj03__img67_jpg.rf.84f4441aea49b0f852b55f49ee4e3712,minicpm-v,person,True,False
anuragraj03__img67_jpg.rf.84f4441aea49b0f852b55f49ee4e3712,minicpm-v,helmet,False,False
anuragraj03__img67_jpg.rf.84f4441aea49b0f852b55f49ee4e3712,minicpm-v,gloves,True,False
anuragraj03__img67_jpg.rf.84f4441aea49b0f852b55f49ee4e3712,minicpm-v,boots,True,False
anuragraj03__img67_jpg.rf.84f4441aea49b0f852b55f49ee4e3712,minicpm-v,vest,False,False
anuragraj03__img67_jpg.rf.84f4441aea49b0f852b55f49ee4e3712,minicpm-v,no-helmet,False,False
anuragraj03__img67_jpg.rf.84f4441aea49b0f852b55f49ee4e3712,minicpm-v,no-gloves,False,False
anuragraj03__img67_jpg.rf.84f4441aea49b0f852b55f49ee4e3712,minicpm-v,no-boots,False,False
anuragraj03__img67_jpg.rf.84f4441aea49b0f852b55f49ee4e3712,minicpm-v,no-vest,False,False
anuragraj03__nglov33_jpg.rf.eb73797698daaacf586f64783d4d41d9,yolo,person,False,False
anuragraj03__nglov33_jpg.rf.eb73797698daaacf586f64783d4d41d9,yolo,helmet,False,False
anuragraj03__nglov33_jpg.rf.eb73797698daaacf586f64783d4d41d9,yolo,gloves,False,False
anuragraj03__nglov33_jpg.rf.eb73797698daaacf586f64783d4d41d9,yolo,boots,False,False
anuragraj03__nglov33_jpg.rf.eb73797698daaacf586f64783d4d41d9,yolo,vest,False,False
anuragraj03__nglov33_jpg.rf.eb73797698daaacf586f64783d4d41d9,yolo,no-helmet,False,False
anuragraj03__nglov33_jpg.rf.eb73797698daaacf586f64783d4d41d9,yolo,no-gloves,True,False
anuragraj03__nglov33_jpg.rf.eb73797698daaacf586f64783d4d41d9,yolo,no-boots,False,False
anuragraj03__nglov33_jpg.rf.eb73797698daaacf586f64783d4d41d9,yolo,no-vest,False,False
anuragraj03__nglov33_jpg.rf.eb73797698daaacf586f64783d4d41d9,ollama,person,True,False
anuragraj03__nglov33_jpg.rf.eb73797698daaacf586f64783d4d41d9,ollama,helmet,False,False
anuragraj03__nglov33_jpg.rf.eb73797698daaacf586f64783d4d41d9,ollama,gloves,False,False
anuragraj03__nglov33_jpg.rf.eb73797698daaacf586f64783d4d41d9,ollama,boots,False,False
anuragraj03__nglov33_jpg.rf.eb73797698daaacf586f64783d4d41d9,ollama,vest,False,False
anuragraj03__nglov33_jpg.rf.eb73797698daaacf586f64783d4d41d9,ollama,no-helmet,True,False
anuragraj03__nglov33_jpg.rf.eb73797698daaacf586f64783d4d41d9,ollama,no-gloves,True,False
anuragraj03__nglov33_jpg.rf.eb73797698daaacf586f64783d4d41d9,ollama,no-boots,True,False
anuragraj03__nglov33_jpg.rf.eb73797698daaacf586f64783d4d41d9,ollama,no-vest,True,False
anuragraj03__nglov33_jpg.rf.eb73797698daaacf586f64783d4d41d9,qwen3-vl,person,True,False
anuragraj03__nglov33_jpg.rf.eb73797698daaacf586f64783d4d41d9,qwen3-vl,helmet,False,False
anuragraj03__nglov33_jpg.rf.eb73797698daaacf586f64783d4d41d9,qwen3-vl,gloves,True,False
anuragraj03__nglov33_jpg.rf.eb73797698daaacf586f64783d4d41d9,qwen3-vl,boots,False,False
anuragraj03__nglov33_jpg.rf.eb73797698daaacf586f64783d4d41d9,qwen3-vl,vest,False,False
anuragraj03__nglov33_jpg.rf.eb73797698daaacf586f64783d4d41d9,qwen3-vl,no-helmet,True,False
anuragraj03__nglov33_jpg.rf.eb73797698daaacf586f64783d4d41d9,qwen3-vl,no-gloves,False,False
anuragraj03__nglov33_jpg.rf.eb73797698daaacf586f64783d4d41d9,qwen3-vl,no-boots,True,False
anuragraj03__nglov33_jpg.rf.eb73797698daaacf586f64783d4d41d9,qwen3-vl,no-vest,False,False
anuragraj03__nglov33_jpg.rf.eb73797698daaacf586f64783d4d41d9,gemma4,person,True,False
anuragraj03__nglov33_jpg.rf.eb73797698daaacf586f64783d4d41d9,gemma4,helmet,True,False
anuragraj03__nglov33_jpg.rf.eb73797698daaacf586f64783d4d41d9,gemma4,gloves,True,False
anuragraj03__nglov33_jpg.rf.eb73797698daaacf586f64783d4d41d9,gemma4,boots,True,False
anuragraj03__nglov33_jpg.rf.eb73797698daaacf586f64783d4d41d9,gemma4,vest,True,False
anuragraj03__nglov33_jpg.rf.eb73797698daaacf586f64783d4d41d9,gemma4,no-helmet,False,False
anuragraj03__nglov33_jpg.rf.eb73797698daaacf586f64783d4d41d9,gemma4,no-gloves,False,False
anuragraj03__nglov33_jpg.rf.eb73797698daaacf586f64783d4d41d9,gemma4,no-boots,False,False
anuragraj03__nglov33_jpg.rf.eb73797698daaacf586f64783d4d41d9,gemma4,no-vest,False,False
anuragraj03__nglov33_jpg.rf.eb73797698daaacf586f64783d4d41d9,minicpm-v,person,True,False
anuragraj03__nglov33_jpg.rf.eb73797698daaacf586f64783d4d41d9,minicpm-v,helmet,False,False
anuragraj03__nglov33_jpg.rf.eb73797698daaacf586f64783d4d41d9,minicpm-v,gloves,True,False
anuragraj03__nglov33_jpg.rf.eb73797698daaacf586f64783d4d41d9,minicpm-v,boots,True,False
anuragraj03__nglov33_jpg.rf.eb73797698daaacf586f64783d4d41d9,minicpm-v,vest,False,False
anuragraj03__nglov33_jpg.rf.eb73797698daaacf586f64783d4d41d9,minicpm-v,no-helmet,False,False
anuragraj03__nglov33_jpg.rf.eb73797698daaacf586f64783d4d41d9,minicpm-v,no-gloves,False,False
anuragraj03__nglov33_jpg.rf.eb73797698daaacf586f64783d4d41d9,minicpm-v,no-boots,False,False
anuragraj03__nglov33_jpg.rf.eb73797698daaacf586f64783d4d41d9,minicpm-v,no-vest,False,False
anuragraj03__nglov70_jpg.rf.fb0157072cdc2d3e40c6cb2440b5f5b2,yolo,person,False,False
anuragraj03__nglov70_jpg.rf.fb0157072cdc2d3e40c6cb2440b5f5b2,yolo,helmet,False,False
anuragraj03__nglov70_jpg.rf.fb0157072cdc2d3e40c6cb2440b5f5b2,yolo,gloves,True,False
anuragraj03__nglov70_jpg.rf.fb0157072cdc2d3e40c6cb2440b5f5b2,yolo,boots,False,False
anuragraj03__nglov70_jpg.rf.fb0157072cdc2d3e40c6cb2440b5f5b2,yolo,vest,False,False
anuragraj03__nglov70_jpg.rf.fb0157072cdc2d3e40c6cb2440b5f5b2,yolo,no-helmet,False,False
anuragraj03__nglov70_jpg.rf.fb0157072cdc2d3e40c6cb2440b5f5b2,yolo,no-gloves,True,False
anuragraj03__nglov70_jpg.rf.fb0157072cdc2d3e40c6cb2440b5f5b2,yolo,no-boots,False,False
anuragraj03__nglov70_jpg.rf.fb0157072cdc2d3e40c6cb2440b5f5b2,yolo,no-vest,False,False
anuragraj03__nglov70_jpg.rf.fb0157072cdc2d3e40c6cb2440b5f5b2,ollama,person,True,False
anuragraj03__nglov70_jpg.rf.fb0157072cdc2d3e40c6cb2440b5f5b2,ollama,helmet,True,False
anuragraj03__nglov70_jpg.rf.fb0157072cdc2d3e40c6cb2440b5f5b2,ollama,gloves,True,False
anuragraj03__nglov70_jpg.rf.fb0157072cdc2d3e40c6cb2440b5f5b2,ollama,boots,True,False
anuragraj03__nglov70_jpg.rf.fb0157072cdc2d3e40c6cb2440b5f5b2,ollama,vest,False,False
anuragraj03__nglov70_jpg.rf.fb0157072cdc2d3e40c6cb2440b5f5b2,ollama,no-helmet,True,False
anuragraj03__nglov70_jpg.rf.fb0157072cdc2d3e40c6cb2440b5f5b2,ollama,no-gloves,True,False
anuragraj03__nglov70_jpg.rf.fb0157072cdc2d3e40c6cb2440b5f5b2,ollama,no-boots,True,False
anuragraj03__nglov70_jpg.rf.fb0157072cdc2d3e40c6cb2440b5f5b2,ollama,no-vest,False,False
anuragraj03__nglov70_jpg.rf.fb0157072cdc2d3e40c6cb2440b5f5b2,qwen3-vl,person,True,False
anuragraj03__nglov70_jpg.rf.fb0157072cdc2d3e40c6cb2440b5f5b2,qwen3-vl,helmet,False,False
anuragraj03__nglov70_jpg.rf.fb0157072cdc2d3e40c6cb2440b5f5b2,qwen3-vl,gloves,True,False
anuragraj03__nglov70_jpg.rf.fb0157072cdc2d3e40c6cb2440b5f5b2,qwen3-vl,boots,False,False
anuragraj03__nglov70_jpg.rf.fb0157072cdc2d3e40c6cb2440b5f5b2,qwen3-vl,vest,False,False
anuragraj03__nglov70_jpg.rf.fb0157072cdc2d3e40c6cb2440b5f5b2,qwen3-vl,no-helmet,True,False
anuragraj03__nglov70_jpg.rf.fb0157072cdc2d3e40c6cb2440b5f5b2,qwen3-vl,no-gloves,False,False
anuragraj03__nglov70_jpg.rf.fb0157072cdc2d3e40c6cb2440b5f5b2,qwen3-vl,no-boots,True,False
anuragraj03__nglov70_jpg.rf.fb0157072cdc2d3e40c6cb2440b5f5b2,qwen3-vl,no-vest,True,False
anuragraj03__nglov70_jpg.rf.fb0157072cdc2d3e40c6cb2440b5f5b2,gemma4,person,True,False
anuragraj03__nglov70_jpg.rf.fb0157072cdc2d3e40c6cb2440b5f5b2,gemma4,helmet,False,False
anuragraj03__nglov70_jpg.rf.fb0157072cdc2d3e40c6cb2440b5f5b2,gemma4,gloves,True,False
anuragraj03__nglov70_jpg.rf.fb0157072cdc2d3e40c6cb2440b5f5b2,gemma4,boots,True,False
anuragraj03__nglov70_jpg.rf.fb0157072cdc2d3e40c6cb2440b5f5b2,gemma4,vest,False,False
anuragraj03__nglov70_jpg.rf.fb0157072cdc2d3e40c6cb2440b5f5b2,gemma4,no-helmet,False,False
anuragraj03__nglov70_jpg.rf.fb0157072cdc2d3e40c6cb2440b5f5b2,gemma4,no-gloves,False,False
anuragraj03__nglov70_jpg.rf.fb0157072cdc2d3e40c6cb2440b5f5b2,gemma4,no-boots,False,False
anuragraj03__nglov70_jpg.rf.fb0157072cdc2d3e40c6cb2440b5f5b2,gemma4,no-vest,False,False
anuragraj03__nglov70_jpg.rf.fb0157072cdc2d3e40c6cb2440b5f5b2,minicpm-v,person,True,False
anuragraj03__nglov70_jpg.rf.fb0157072cdc2d3e40c6cb2440b5f5b2,minicpm-v,helmet,False,False
anuragraj03__nglov70_jpg.rf.fb0157072cdc2d3e40c6cb2440b5f5b2,minicpm-v,gloves,True,False
anuragraj03__nglov70_jpg.rf.fb0157072cdc2d3e40c6cb2440b5f5b2,minicpm-v,boots,True,False
anuragraj03__nglov70_jpg.rf.fb0157072cdc2d3e40c6cb2440b5f5b2,minicpm-v,vest,False,False
anuragraj03__nglov70_jpg.rf.fb0157072cdc2d3e40c6cb2440b5f5b2,minicpm-v,no-helmet,False,False
anuragraj03__nglov70_jpg.rf.fb0157072cdc2d3e40c6cb2440b5f5b2,minicpm-v,no-gloves,False,False
anuragraj03__nglov70_jpg.rf.fb0157072cdc2d3e40c6cb2440b5f5b2,minicpm-v,no-boots,False,False
anuragraj03__nglov70_jpg.rf.fb0157072cdc2d3e40c6cb2440b5f5b2,minicpm-v,no-vest,False,False
anuragraj03__nglovpp3102_jpg.rf.3470f1d4ac46286ab9fd6b257d10c762,yolo,person,False,False
anuragraj03__nglovpp3102_jpg.rf.3470f1d4ac46286ab9fd6b257d10c762,yolo,helmet,False,False
anuragraj03__nglovpp3102_jpg.rf.3470f1d4ac46286ab9fd6b257d10c762,yolo,gloves,False,False
anuragraj03__nglovpp3102_jpg.rf.3470f1d4ac46286ab9fd6b257d10c762,yolo,boots,False,False
anuragraj03__nglovpp3102_jpg.rf.3470f1d4ac46286ab9fd6b257d10c762,yolo,vest,False,False
anuragraj03__nglovpp3102_jpg.rf.3470f1d4ac46286ab9fd6b257d10c762,yolo,no-helmet,False,False
anuragraj03__nglovpp3102_jpg.rf.3470f1d4ac46286ab9fd6b257d10c762,yolo,no-gloves,True,False
anuragraj03__nglovpp3102_jpg.rf.3470f1d4ac46286ab9fd6b257d10c762,yolo,no-boots,False,False
anuragraj03__nglovpp3102_jpg.rf.3470f1d4ac46286ab9fd6b257d10c762,yolo,no-vest,False,False
anuragraj03__nglovpp3102_jpg.rf.3470f1d4ac46286ab9fd6b257d10c762,ollama,person,True,False
anuragraj03__nglovpp3102_jpg.rf.3470f1d4ac46286ab9fd6b257d10c762,ollama,helmet,True,False
anuragraj03__nglovpp3102_jpg.rf.3470f1d4ac46286ab9fd6b257d10c762,ollama,gloves,False,False
anuragraj03__nglovpp3102_jpg.rf.3470f1d4ac46286ab9fd6b257d10c762,ollama,boots,False,False
anuragraj03__nglovpp3102_jpg.rf.3470f1d4ac46286ab9fd6b257d10c762,ollama,vest,True,False
anuragraj03__nglovpp3102_jpg.rf.3470f1d4ac46286ab9fd6b257d10c762,ollama,no-helmet,False,False
anuragraj03__nglovpp3102_jpg.rf.3470f1d4ac46286ab9fd6b257d10c762,ollama,no-gloves,False,False
anuragraj03__nglovpp3102_jpg.rf.3470f1d4ac46286ab9fd6b257d10c762,ollama,no-boots,False,False
anuragraj03__nglovpp3102_jpg.rf.3470f1d4ac46286ab9fd6b257d10c762,ollama,no-vest,False,False
anuragraj03__nglovpp3102_jpg.rf.3470f1d4ac46286ab9fd6b257d10c762,qwen3-vl,person,True,False
anuragraj03__nglovpp3102_jpg.rf.3470f1d4ac46286ab9fd6b257d10c762,qwen3-vl,helmet,False,False
anuragraj03__nglovpp3102_jpg.rf.3470f1d4ac46286ab9fd6b257d10c762,qwen3-vl,gloves,False,False
anuragraj03__nglovpp3102_jpg.rf.3470f1d4ac46286ab9fd6b257d10c762,qwen3-vl,boots,True,False
anuragraj03__nglovpp3102_jpg.rf.3470f1d4ac46286ab9fd6b257d10c762,qwen3-vl,vest,False,False
anuragraj03__nglovpp3102_jpg.rf.3470f1d4ac46286ab9fd6b257d10c762,qwen3-vl,no-helmet,False,False
anuragraj03__nglovpp3102_jpg.rf.3470f1d4ac46286ab9fd6b257d10c762,qwen3-vl,no-gloves,False,False
anuragraj03__nglovpp3102_jpg.rf.3470f1d4ac46286ab9fd6b257d10c762,qwen3-vl,no-boots,False,False
anuragraj03__nglovpp3102_jpg.rf.3470f1d4ac46286ab9fd6b257d10c762,qwen3-vl,no-vest,False,False
anuragraj03__nglovpp3102_jpg.rf.3470f1d4ac46286ab9fd6b257d10c762,gemma4,person,True,False
anuragraj03__nglovpp3102_jpg.rf.3470f1d4ac46286ab9fd6b257d10c762,gemma4,helmet,True,False
anuragraj03__nglovpp3102_jpg.rf.3470f1d4ac46286ab9fd6b257d10c762,gemma4,gloves,False,False
anuragraj03__nglovpp3102_jpg.rf.3470f1d4ac46286ab9fd6b257d10c762,gemma4,boots,True,False
anuragraj03__nglovpp3102_jpg.rf.3470f1d4ac46286ab9fd6b257d10c762,gemma4,vest,True,False
anuragraj03__nglovpp3102_jpg.rf.3470f1d4ac46286ab9fd6b257d10c762,gemma4,no-helmet,False,False
anuragraj03__nglovpp3102_jpg.rf.3470f1d4ac46286ab9fd6b257d10c762,gemma4,no-gloves,True,False
anuragraj03__nglovpp3102_jpg.rf.3470f1d4ac46286ab9fd6b257d10c762,gemma4,no-boots,False,False
anuragraj03__nglovpp3102_jpg.rf.3470f1d4ac46286ab9fd6b257d10c762,gemma4,no-vest,False,False
anuragraj03__nglovpp3102_jpg.rf.3470f1d4ac46286ab9fd6b257d10c762,minicpm-v,person,True,False
anuragraj03__nglovpp3102_jpg.rf.3470f1d4ac46286ab9fd6b257d10c762,minicpm-v,helmet,True,False
anuragraj03__nglovpp3102_jpg.rf.3470f1d4ac46286ab9fd6b257d10c762,minicpm-v,gloves,True,False
anuragraj03__nglovpp3102_jpg.rf.3470f1d4ac46286ab9fd6b257d10c762,minicpm-v,boots,False,False
anuragraj03__nglovpp3102_jpg.rf.3470f1d4ac46286ab9fd6b257d10c762,minicpm-v,vest,True,False
anuragraj03__nglovpp3102_jpg.rf.3470f1d4ac46286ab9fd6b257d10c762,minicpm-v,no-helmet,False,False
anuragraj03__nglovpp3102_jpg.rf.3470f1d4ac46286ab9fd6b257d10c762,minicpm-v,no-gloves,False,False
anuragraj03__nglovpp3102_jpg.rf.3470f1d4ac46286ab9fd6b257d10c762,minicpm-v,no-boots,True,False
anuragraj03__nglovpp3102_jpg.rf.3470f1d4ac46286ab9fd6b257d10c762,minicpm-v,no-vest,False,False
anuragraj03__p11328_jpg.rf.4a3545e3f5325ed8a29c015c600beefb,yolo,person,False,False
anuragraj03__p11328_jpg.rf.4a3545e3f5325ed8a29c015c600beefb,yolo,helmet,False,False
anuragraj03__p11328_jpg.rf.4a3545e3f5325ed8a29c015c600beefb,yolo,gloves,False,False
anuragraj03__p11328_jpg.rf.4a3545e3f5325ed8a29c015c600beefb,yolo,boots,False,False
anuragraj03__p11328_jpg.rf.4a3545e3f5325ed8a29c015c600beefb,yolo,vest,False,False
anuragraj03__p11328_jpg.rf.4a3545e3f5325ed8a29c015c600beefb,yolo,no-helmet,True,False
anuragraj03__p11328_jpg.rf.4a3545e3f5325ed8a29c015c600beefb,yolo,no-gloves,False,False
anuragraj03__p11328_jpg.rf.4a3545e3f5325ed8a29c015c600beefb,yolo,no-boots,False,False
anuragraj03__p11328_jpg.rf.4a3545e3f5325ed8a29c015c600beefb,yolo,no-vest,False,False
anuragraj03__p11328_jpg.rf.4a3545e3f5325ed8a29c015c600beefb,ollama,person,True,False
anuragraj03__p11328_jpg.rf.4a3545e3f5325ed8a29c015c600beefb,ollama,helmet,False,False
anuragraj03__p11328_jpg.rf.4a3545e3f5325ed8a29c015c600beefb,ollama,gloves,False,False
anuragraj03__p11328_jpg.rf.4a3545e3f5325ed8a29c015c600beefb,ollama,boots,False,False
anuragraj03__p11328_jpg.rf.4a3545e3f5325ed8a29c015c600beefb,ollama,vest,False,False
anuragraj03__p11328_jpg.rf.4a3545e3f5325ed8a29c015c600beefb,ollama,no-helmet,False,False
anuragraj03__p11328_jpg.rf.4a3545e3f5325ed8a29c015c600beefb,ollama,no-gloves,False,False
anuragraj03__p11328_jpg.rf.4a3545e3f5325ed8a29c015c600beefb,ollama,no-boots,False,False
anuragraj03__p11328_jpg.rf.4a3545e3f5325ed8a29c015c600beefb,ollama,no-vest,False,False
anuragraj03__p11328_jpg.rf.4a3545e3f5325ed8a29c015c600beefb,qwen3-vl,person,True,False
anuragraj03__p11328_jpg.rf.4a3545e3f5325ed8a29c015c600beefb,qwen3-vl,helmet,False,False
anuragraj03__p11328_jpg.rf.4a3545e3f5325ed8a29c015c600beefb,qwen3-vl,gloves,False,False
anuragraj03__p11328_jpg.rf.4a3545e3f5325ed8a29c015c600beefb,qwen3-vl,boots,False,False
anuragraj03__p11328_jpg.rf.4a3545e3f5325ed8a29c015c600beefb,qwen3-vl,vest,False,False
anuragraj03__p11328_jpg.rf.4a3545e3f5325ed8a29c015c600beefb,qwen3-vl,no-helmet,True,False
anuragraj03__p11328_jpg.rf.4a3545e3f5325ed8a29c015c600beefb,qwen3-vl,no-gloves,True,False
anuragraj03__p11328_jpg.rf.4a3545e3f5325ed8a29c015c600beefb,qwen3-vl,no-boots,True,False
anuragraj03__p11328_jpg.rf.4a3545e3f5325ed8a29c015c600beefb,qwen3-vl,no-vest,True,False
anuragraj03__p11328_jpg.rf.4a3545e3f5325ed8a29c015c600beefb,gemma4,person,True,False
anuragraj03__p11328_jpg.rf.4a3545e3f5325ed8a29c015c600beefb,gemma4,helmet,False,False
anuragraj03__p11328_jpg.rf.4a3545e3f5325ed8a29c015c600beefb,gemma4,gloves,False,False
anuragraj03__p11328_jpg.rf.4a3545e3f5325ed8a29c015c600beefb,gemma4,boots,False,False
anuragraj03__p11328_jpg.rf.4a3545e3f5325ed8a29c015c600beefb,gemma4,vest,False,False
anuragraj03__p11328_jpg.rf.4a3545e3f5325ed8a29c015c600beefb,gemma4,no-helmet,True,False
anuragraj03__p11328_jpg.rf.4a3545e3f5325ed8a29c015c600beefb,gemma4,no-gloves,True,False
anuragraj03__p11328_jpg.rf.4a3545e3f5325ed8a29c015c600beefb,gemma4,no-boots,True,False
anuragraj03__p11328_jpg.rf.4a3545e3f5325ed8a29c015c600beefb,gemma4,no-vest,True,False
anuragraj03__p11328_jpg.rf.4a3545e3f5325ed8a29c015c600beefb,minicpm-v,person,True,False
anuragraj03__p11328_jpg.rf.4a3545e3f5325ed8a29c015c600beefb,minicpm-v,helmet,False,False
anuragraj03__p11328_jpg.rf.4a3545e3f5325ed8a29c015c600beefb,minicpm-v,gloves,False,False
anuragraj03__p11328_jpg.rf.4a3545e3f5325ed8a29c015c600beefb,minicpm-v,boots,False,False
anuragraj03__p11328_jpg.rf.4a3545e3f5325ed8a29c015c600beefb,minicpm-v,vest,False,False
anuragraj03__p11328_jpg.rf.4a3545e3f5325ed8a29c015c600beefb,minicpm-v,no-helmet,True,False
anuragraj03__p11328_jpg.rf.4a3545e3f5325ed8a29c015c600beefb,minicpm-v,no-gloves,True,False
anuragraj03__p11328_jpg.rf.4a3545e3f5325ed8a29c015c600beefb,minicpm-v,no-boots,True,False
anuragraj03__p11328_jpg.rf.4a3545e3f5325ed8a29c015c600beefb,minicpm-v,no-vest,True,False
anuragraj03__p11333_jpg.rf.9aebb6a91b961b5c43f3ef1131f7df83,yolo,person,False,False
anuragraj03__p11333_jpg.rf.9aebb6a91b961b5c43f3ef1131f7df83,yolo,helmet,False,False
anuragraj03__p11333_jpg.rf.9aebb6a91b961b5c43f3ef1131f7df83,yolo,gloves,False,False
anuragraj03__p11333_jpg.rf.9aebb6a91b961b5c43f3ef1131f7df83,yolo,boots,False,False
anuragraj03__p11333_jpg.rf.9aebb6a91b961b5c43f3ef1131f7df83,yolo,vest,False,False
anuragraj03__p11333_jpg.rf.9aebb6a91b961b5c43f3ef1131f7df83,yolo,no-helmet,True,False
anuragraj03__p11333_jpg.rf.9aebb6a91b961b5c43f3ef1131f7df83,yolo,no-gloves,False,False
anuragraj03__p11333_jpg.rf.9aebb6a91b961b5c43f3ef1131f7df83,yolo,no-boots,False,False
anuragraj03__p11333_jpg.rf.9aebb6a91b961b5c43f3ef1131f7df83,yolo,no-vest,False,False
anuragraj03__p11333_jpg.rf.9aebb6a91b961b5c43f3ef1131f7df83,ollama,person,True,False
anuragraj03__p11333_jpg.rf.9aebb6a91b961b5c43f3ef1131f7df83,ollama,helmet,False,False
anuragraj03__p11333_jpg.rf.9aebb6a91b961b5c43f3ef1131f7df83,ollama,gloves,False,False
anuragraj03__p11333_jpg.rf.9aebb6a91b961b5c43f3ef1131f7df83,ollama,boots,False,False
anuragraj03__p11333_jpg.rf.9aebb6a91b961b5c43f3ef1131f7df83,ollama,vest,False,False
anuragraj03__p11333_jpg.rf.9aebb6a91b961b5c43f3ef1131f7df83,ollama,no-helmet,False,False
anuragraj03__p11333_jpg.rf.9aebb6a91b961b5c43f3ef1131f7df83,ollama,no-gloves,False,False
anuragraj03__p11333_jpg.rf.9aebb6a91b961b5c43f3ef1131f7df83,ollama,no-boots,False,False
anuragraj03__p11333_jpg.rf.9aebb6a91b961b5c43f3ef1131f7df83,ollama,no-vest,False,False
anuragraj03__p11333_jpg.rf.9aebb6a91b961b5c43f3ef1131f7df83,qwen3-vl,person,True,False
anuragraj03__p11333_jpg.rf.9aebb6a91b961b5c43f3ef1131f7df83,qwen3-vl,helmet,False,False
anuragraj03__p11333_jpg.rf.9aebb6a91b961b5c43f3ef1131f7df83,qwen3-vl,gloves,False,False
anuragraj03__p11333_jpg.rf.9aebb6a91b961b5c43f3ef1131f7df83,qwen3-vl,boots,False,False
anuragraj03__p11333_jpg.rf.9aebb6a91b961b5c43f3ef1131f7df83,qwen3-vl,vest,False,False
anuragraj03__p11333_jpg.rf.9aebb6a91b961b5c43f3ef1131f7df83,qwen3-vl,no-helmet,True,False
anuragraj03__p11333_jpg.rf.9aebb6a91b961b5c43f3ef1131f7df83,qwen3-vl,no-gloves,True,False
anuragraj03__p11333_jpg.rf.9aebb6a91b961b5c43f3ef1131f7df83,qwen3-vl,no-boots,True,False
anuragraj03__p11333_jpg.rf.9aebb6a91b961b5c43f3ef1131f7df83,qwen3-vl,no-vest,True,False
anuragraj03__p11333_jpg.rf.9aebb6a91b961b5c43f3ef1131f7df83,gemma4,person,True,False
anuragraj03__p11333_jpg.rf.9aebb6a91b961b5c43f3ef1131f7df83,gemma4,helmet,False,False
anuragraj03__p11333_jpg.rf.9aebb6a91b961b5c43f3ef1131f7df83,gemma4,gloves,True,False
anuragraj03__p11333_jpg.rf.9aebb6a91b961b5c43f3ef1131f7df83,gemma4,boots,True,False
anuragraj03__p11333_jpg.rf.9aebb6a91b961b5c43f3ef1131f7df83,gemma4,vest,False,False
anuragraj03__p11333_jpg.rf.9aebb6a91b961b5c43f3ef1131f7df83,gemma4,no-helmet,True,False
anuragraj03__p11333_jpg.rf.9aebb6a91b961b5c43f3ef1131f7df83,gemma4,no-gloves,False,False
anuragraj03__p11333_jpg.rf.9aebb6a91b961b5c43f3ef1131f7df83,gemma4,no-boots,False,False
anuragraj03__p11333_jpg.rf.9aebb6a91b961b5c43f3ef1131f7df83,gemma4,no-vest,True,False
anuragraj03__p11333_jpg.rf.9aebb6a91b961b5c43f3ef1131f7df83,minicpm-v,person,True,False
anuragraj03__p11333_jpg.rf.9aebb6a91b961b5c43f3ef1131f7df83,minicpm-v,helmet,False,False
anuragraj03__p11333_jpg.rf.9aebb6a91b961b5c43f3ef1131f7df83,minicpm-v,gloves,False,False
anuragraj03__p11333_jpg.rf.9aebb6a91b961b5c43f3ef1131f7df83,minicpm-v,boots,True,False
anuragraj03__p11333_jpg.rf.9aebb6a91b961b5c43f3ef1131f7df83,minicpm-v,vest,False,False
anuragraj03__p11333_jpg.rf.9aebb6a91b961b5c43f3ef1131f7df83,minicpm-v,no-helmet,True,False
anuragraj03__p11333_jpg.rf.9aebb6a91b961b5c43f3ef1131f7df83,minicpm-v,no-gloves,True,False
anuragraj03__p11333_jpg.rf.9aebb6a91b961b5c43f3ef1131f7df83,minicpm-v,no-boots,False,False
anuragraj03__p11333_jpg.rf.9aebb6a91b961b5c43f3ef1131f7df83,minicpm-v,no-vest,True,False
anuragraj03__p651347_jpg.rf.80a412ace94a2682a2a9d7a9715ad5c9,yolo,person,False,False
anuragraj03__p651347_jpg.rf.80a412ace94a2682a2a9d7a9715ad5c9,yolo,helmet,True,False
anuragraj03__p651347_jpg.rf.80a412ace94a2682a2a9d7a9715ad5c9,yolo,gloves,False,False
anuragraj03__p651347_jpg.rf.80a412ace94a2682a2a9d7a9715ad5c9,yolo,boots,False,False
anuragraj03__p651347_jpg.rf.80a412ace94a2682a2a9d7a9715ad5c9,yolo,vest,False,False
anuragraj03__p651347_jpg.rf.80a412ace94a2682a2a9d7a9715ad5c9,yolo,no-helmet,False,False
anuragraj03__p651347_jpg.rf.80a412ace94a2682a2a9d7a9715ad5c9,yolo,no-gloves,False,False
anuragraj03__p651347_jpg.rf.80a412ace94a2682a2a9d7a9715ad5c9,yolo,no-boots,False,False
anuragraj03__p651347_jpg.rf.80a412ace94a2682a2a9d7a9715ad5c9,yolo,no-vest,False,False
anuragraj03__p651347_jpg.rf.80a412ace94a2682a2a9d7a9715ad5c9,ollama,person,True,False
anuragraj03__p651347_jpg.rf.80a412ace94a2682a2a9d7a9715ad5c9,ollama,helmet,True,False
anuragraj03__p651347_jpg.rf.80a412ace94a2682a2a9d7a9715ad5c9,ollama,gloves,True,False
anuragraj03__p651347_jpg.rf.80a412ace94a2682a2a9d7a9715ad5c9,ollama,boots,True,False
anuragraj03__p651347_jpg.rf.80a412ace94a2682a2a9d7a9715ad5c9,ollama,vest,True,False
anuragraj03__p651347_jpg.rf.80a412ace94a2682a2a9d7a9715ad5c9,ollama,no-helmet,False,False
anuragraj03__p651347_jpg.rf.80a412ace94a2682a2a9d7a9715ad5c9,ollama,no-gloves,False,False
anuragraj03__p651347_jpg.rf.80a412ace94a2682a2a9d7a9715ad5c9,ollama,no-boots,False,False
anuragraj03__p651347_jpg.rf.80a412ace94a2682a2a9d7a9715ad5c9,ollama,no-vest,False,False
anuragraj03__p651347_jpg.rf.80a412ace94a2682a2a9d7a9715ad5c9,qwen3-vl,person,True,False
anuragraj03__p651347_jpg.rf.80a412ace94a2682a2a9d7a9715ad5c9,qwen3-vl,helmet,True,False
anuragraj03__p651347_jpg.rf.80a412ace94a2682a2a9d7a9715ad5c9,qwen3-vl,gloves,False,False
anuragraj03__p651347_jpg.rf.80a412ace94a2682a2a9d7a9715ad5c9,qwen3-vl,boots,True,False
anuragraj03__p651347_jpg.rf.80a412ace94a2682a2a9d7a9715ad5c9,qwen3-vl,vest,False,False
anuragraj03__p651347_jpg.rf.80a412ace94a2682a2a9d7a9715ad5c9,qwen3-vl,no-helmet,False,False
anuragraj03__p651347_jpg.rf.80a412ace94a2682a2a9d7a9715ad5c9,qwen3-vl,no-gloves,False,False
anuragraj03__p651347_jpg.rf.80a412ace94a2682a2a9d7a9715ad5c9,qwen3-vl,no-boots,False,False
anuragraj03__p651347_jpg.rf.80a412ace94a2682a2a9d7a9715ad5c9,qwen3-vl,no-vest,False,False
anuragraj03__p651347_jpg.rf.80a412ace94a2682a2a9d7a9715ad5c9,gemma4,person,True,False
anuragraj03__p651347_jpg.rf.80a412ace94a2682a2a9d7a9715ad5c9,gemma4,helmet,True,False
anuragraj03__p651347_jpg.rf.80a412ace94a2682a2a9d7a9715ad5c9,gemma4,gloves,True,False
anuragraj03__p651347_jpg.rf.80a412ace94a2682a2a9d7a9715ad5c9,gemma4,boots,True,False
anuragraj03__p651347_jpg.rf.80a412ace94a2682a2a9d7a9715ad5c9,gemma4,vest,True,False
anuragraj03__p651347_jpg.rf.80a412ace94a2682a2a9d7a9715ad5c9,gemma4,no-helmet,False,False
anuragraj03__p651347_jpg.rf.80a412ace94a2682a2a9d7a9715ad5c9,gemma4,no-gloves,False,False
anuragraj03__p651347_jpg.rf.80a412ace94a2682a2a9d7a9715ad5c9,gemma4,no-boots,False,False
anuragraj03__p651347_jpg.rf.80a412ace94a2682a2a9d7a9715ad5c9,gemma4,no-vest,False,False
anuragraj03__p651347_jpg.rf.80a412ace94a2682a2a9d7a9715ad5c9,minicpm-v,person,True,False
anuragraj03__p651347_jpg.rf.80a412ace94a2682a2a9d7a9715ad5c9,minicpm-v,helmet,True,False
anuragraj03__p651347_jpg.rf.80a412ace94a2682a2a9d7a9715ad5c9,minicpm-v,gloves,False,False
anuragraj03__p651347_jpg.rf.80a412ace94a2682a2a9d7a9715ad5c9,minicpm-v,boots,True,False
anuragraj03__p651347_jpg.rf.80a412ace94a2682a2a9d7a9715ad5c9,minicpm-v,vest,False,False
anuragraj03__p651347_jpg.rf.80a412ace94a2682a2a9d7a9715ad5c9,minicpm-v,no-helmet,False,False
anuragraj03__p651347_jpg.rf.80a412ace94a2682a2a9d7a9715ad5c9,minicpm-v,no-gloves,True,False
anuragraj03__p651347_jpg.rf.80a412ace94a2682a2a9d7a9715ad5c9,minicpm-v,no-boots,False,False
anuragraj03__p651347_jpg.rf.80a412ace94a2682a2a9d7a9715ad5c9,minicpm-v,no-vest,True,False
anuragraj03__p65213137_jpg.rf.4ecc082cbb321021146d7e2cd25bab2a,yolo,person,False,False
anuragraj03__p65213137_jpg.rf.4ecc082cbb321021146d7e2cd25bab2a,yolo,helmet,True,False
anuragraj03__p65213137_jpg.rf.4ecc082cbb321021146d7e2cd25bab2a,yolo,gloves,False,False
anuragraj03__p65213137_jpg.rf.4ecc082cbb321021146d7e2cd25bab2a,yolo,boots,False,False
anuragraj03__p65213137_jpg.rf.4ecc082cbb321021146d7e2cd25bab2a,yolo,vest,False,False
anuragraj03__p65213137_jpg.rf.4ecc082cbb321021146d7e2cd25bab2a,yolo,no-helmet,False,False
anuragraj03__p65213137_jpg.rf.4ecc082cbb321021146d7e2cd25bab2a,yolo,no-gloves,False,False
anuragraj03__p65213137_jpg.rf.4ecc082cbb321021146d7e2cd25bab2a,yolo,no-boots,False,False
anuragraj03__p65213137_jpg.rf.4ecc082cbb321021146d7e2cd25bab2a,yolo,no-vest,False,False
anuragraj03__p65213137_jpg.rf.4ecc082cbb321021146d7e2cd25bab2a,ollama,person,True,False
anuragraj03__p65213137_jpg.rf.4ecc082cbb321021146d7e2cd25bab2a,ollama,helmet,True,False
anuragraj03__p65213137_jpg.rf.4ecc082cbb321021146d7e2cd25bab2a,ollama,gloves,True,False
anuragraj03__p65213137_jpg.rf.4ecc082cbb321021146d7e2cd25bab2a,ollama,boots,True,False
anuragraj03__p65213137_jpg.rf.4ecc082cbb321021146d7e2cd25bab2a,ollama,vest,True,False
anuragraj03__p65213137_jpg.rf.4ecc082cbb321021146d7e2cd25bab2a,ollama,no-helmet,False,False
anuragraj03__p65213137_jpg.rf.4ecc082cbb321021146d7e2cd25bab2a,ollama,no-gloves,False,False
anuragraj03__p65213137_jpg.rf.4ecc082cbb321021146d7e2cd25bab2a,ollama,no-boots,False,False
anuragraj03__p65213137_jpg.rf.4ecc082cbb321021146d7e2cd25bab2a,ollama,no-vest,False,False
anuragraj03__p65213137_jpg.rf.4ecc082cbb321021146d7e2cd25bab2a,qwen3-vl,person,True,False
anuragraj03__p65213137_jpg.rf.4ecc082cbb321021146d7e2cd25bab2a,qwen3-vl,helmet,True,False
anuragraj03__p65213137_jpg.rf.4ecc082cbb321021146d7e2cd25bab2a,qwen3-vl,gloves,False,False
anuragraj03__p65213137_jpg.rf.4ecc082cbb321021146d7e2cd25bab2a,qwen3-vl,boots,False,False
anuragraj03__p65213137_jpg.rf.4ecc082cbb321021146d7e2cd25bab2a,qwen3-vl,vest,False,False
anuragraj03__p65213137_jpg.rf.4ecc082cbb321021146d7e2cd25bab2a,qwen3-vl,no-helmet,False,False
anuragraj03__p65213137_jpg.rf.4ecc082cbb321021146d7e2cd25bab2a,qwen3-vl,no-gloves,False,False
anuragraj03__p65213137_jpg.rf.4ecc082cbb321021146d7e2cd25bab2a,qwen3-vl,no-boots,False,False
anuragraj03__p65213137_jpg.rf.4ecc082cbb321021146d7e2cd25bab2a,qwen3-vl,no-vest,False,False
anuragraj03__p65213137_jpg.rf.4ecc082cbb321021146d7e2cd25bab2a,gemma4,person,True,False
anuragraj03__p65213137_jpg.rf.4ecc082cbb321021146d7e2cd25bab2a,gemma4,helmet,True,False
anuragraj03__p65213137_jpg.rf.4ecc082cbb321021146d7e2cd25bab2a,gemma4,gloves,True,False
anuragraj03__p65213137_jpg.rf.4ecc082cbb321021146d7e2cd25bab2a,gemma4,boots,True,False
anuragraj03__p65213137_jpg.rf.4ecc082cbb321021146d7e2cd25bab2a,gemma4,vest,False,False
anuragraj03__p65213137_jpg.rf.4ecc082cbb321021146d7e2cd25bab2a,gemma4,no-helmet,False,False
anuragraj03__p65213137_jpg.rf.4ecc082cbb321021146d7e2cd25bab2a,gemma4,no-gloves,False,False
anuragraj03__p65213137_jpg.rf.4ecc082cbb321021146d7e2cd25bab2a,gemma4,no-boots,False,False
anuragraj03__p65213137_jpg.rf.4ecc082cbb321021146d7e2cd25bab2a,gemma4,no-vest,False,False
anuragraj03__p65213137_jpg.rf.4ecc082cbb321021146d7e2cd25bab2a,minicpm-v,person,True,False
anuragraj03__p65213137_jpg.rf.4ecc082cbb321021146d7e2cd25bab2a,minicpm-v,helmet,True,False
anuragraj03__p65213137_jpg.rf.4ecc082cbb321021146d7e2cd25bab2a,minicpm-v,gloves,False,False
anuragraj03__p65213137_jpg.rf.4ecc082cbb321021146d7e2cd25bab2a,minicpm-v,boots,True,False
anuragraj03__p65213137_jpg.rf.4ecc082cbb321021146d7e2cd25bab2a,minicpm-v,vest,False,False
anuragraj03__p65213137_jpg.rf.4ecc082cbb321021146d7e2cd25bab2a,minicpm-v,no-helmet,False,False
anuragraj03__p65213137_jpg.rf.4ecc082cbb321021146d7e2cd25bab2a,minicpm-v,no-gloves,True,False
anuragraj03__p65213137_jpg.rf.4ecc082cbb321021146d7e2cd25bab2a,minicpm-v,no-boots,False,False
anuragraj03__p65213137_jpg.rf.4ecc082cbb321021146d7e2cd25bab2a,minicpm-v,no-vest,True,False
ketakichalke-boots__image1007,yolo,person,True,False
ketakichalke-boots__image1007,yolo,helmet,True,False
ketakichalke-boots__image1007,yolo,gloves,True,False
ketakichalke-boots__image1007,yolo,boots,True,False
ketakichalke-boots__image1007,yolo,vest,True,False
ketakichalke-boots__image1007,yolo,no-helmet,False,False
ketakichalke-boots__image1007,yolo,no-gloves,False,False
ketakichalke-boots__image1007,yolo,no-boots,False,False
ketakichalke-boots__image1007,yolo,no-vest,False,False
ketakichalke-boots__image1007,ollama,person,True,False
ketakichalke-boots__image1007,ollama,helmet,True,False
ketakichalke-boots__image1007,ollama,gloves,True,False
ketakichalke-boots__image1007,ollama,boots,True,False
ketakichalke-boots__image1007,ollama,vest,False,False
ketakichalke-boots__image1007,ollama,no-helmet,False,False
ketakichalke-boots__image1007,ollama,no-gloves,False,False
ketakichalke-boots__image1007,ollama,no-boots,False,False
ketakichalke-boots__image1007,ollama,no-vest,False,False
ketakichalke-boots__image1007,qwen3-vl,person,True,False
ketakichalke-boots__image1007,qwen3-vl,helmet,True,False
ketakichalke-boots__image1007,qwen3-vl,gloves,True,False
ketakichalke-boots__image1007,qwen3-vl,boots,True,False
ketakichalke-boots__image1007,qwen3-vl,vest,True,False
ketakichalke-boots__image1007,qwen3-vl,no-helmet,False,False
ketakichalke-boots__image1007,qwen3-vl,no-gloves,False,False
ketakichalke-boots__image1007,qwen3-vl,no-boots,False,False
ketakichalke-boots__image1007,qwen3-vl,no-vest,False,False
ketakichalke-boots__image1007,gemma4,person,True,False
ketakichalke-boots__image1007,gemma4,helmet,True,False
ketakichalke-boots__image1007,gemma4,gloves,False,False
ketakichalke-boots__image1007,gemma4,boots,True,False
ketakichalke-boots__image1007,gemma4,vest,True,False
ketakichalke-boots__image1007,gemma4,no-helmet,False,False
ketakichalke-boots__image1007,gemma4,no-gloves,True,False
ketakichalke-boots__image1007,gemma4,no-boots,False,False
ketakichalke-boots__image1007,gemma4,no-vest,False,False
ketakichalke-boots__image1007,minicpm-v,person,True,False
ketakichalke-boots__image1007,minicpm-v,helmet,True,False
ketakichalke-boots__image1007,minicpm-v,gloves,False,False
ketakichalke-boots__image1007,minicpm-v,boots,False,False
ketakichalke-boots__image1007,minicpm-v,vest,True,False
ketakichalke-boots__image1007,minicpm-v,no-helmet,False,False
ketakichalke-boots__image1007,minicpm-v,no-gloves,True,False
ketakichalke-boots__image1007,minicpm-v,no-boots,True,False
ketakichalke-boots__image1007,minicpm-v,no-vest,False,False
ketakichalke-boots__image1072,yolo,person,True,False
ketakichalke-boots__image1072,yolo,helmet,True,False
ketakichalke-boots__image1072,yolo,gloves,True,False
ketakichalke-boots__image1072,yolo,boots,True,False
ketakichalke-boots__image1072,yolo,vest,True,False
ketakichalke-boots__image1072,yolo,no-helmet,False,False
ketakichalke-boots__image1072,yolo,no-gloves,False,False
ketakichalke-boots__image1072,yolo,no-boots,False,False
ketakichalke-boots__image1072,yolo,no-vest,False,False
ketakichalke-boots__image1072,ollama,person,True,False
ketakichalke-boots__image1072,ollama,helmet,False,False
ketakichalke-boots__image1072,ollama,gloves,True,False
ketakichalke-boots__image1072,ollama,boots,True,False
ketakichalke-boots__image1072,ollama,vest,False,False
ketakichalke-boots__image1072,ollama,no-helmet,True,False
ketakichalke-boots__image1072,ollama,no-gloves,False,False
ketakichalke-boots__image1072,ollama,no-boots,False,False
ketakichalke-boots__image1072,ollama,no-vest,True,False
ketakichalke-boots__image1072,qwen3-vl,person,True,False
ketakichalke-boots__image1072,qwen3-vl,helmet,True,False
ketakichalke-boots__image1072,qwen3-vl,gloves,True,False
ketakichalke-boots__image1072,qwen3-vl,boots,True,False
ketakichalke-boots__image1072,qwen3-vl,vest,True,False
ketakichalke-boots__image1072,qwen3-vl,no-helmet,False,False
ketakichalke-boots__image1072,qwen3-vl,no-gloves,False,False
ketakichalke-boots__image1072,qwen3-vl,no-boots,False,False
ketakichalke-boots__image1072,qwen3-vl,no-vest,False,False
ketakichalke-boots__image1072,gemma4,person,True,False
ketakichalke-boots__image1072,gemma4,helmet,True,False
ketakichalke-boots__image1072,gemma4,gloves,True,False
ketakichalke-boots__image1072,gemma4,boots,True,False
ketakichalke-boots__image1072,gemma4,vest,True,False
ketakichalke-boots__image1072,gemma4,no-helmet,False,False
ketakichalke-boots__image1072,gemma4,no-gloves,False,False
ketakichalke-boots__image1072,gemma4,no-boots,False,False
ketakichalke-boots__image1072,gemma4,no-vest,False,False
ketakichalke-boots__image1072,minicpm-v,person,True,False
ketakichalke-boots__image1072,minicpm-v,helmet,True,False
ketakichalke-boots__image1072,minicpm-v,gloves,True,False
ketakichalke-boots__image1072,minicpm-v,boots,True,False
ketakichalke-boots__image1072,minicpm-v,vest,True,False
ketakichalke-boots__image1072,minicpm-v,no-helmet,False,False
ketakichalke-boots__image1072,minicpm-v,no-gloves,False,False
ketakichalke-boots__image1072,minicpm-v,no-boots,False,False
ketakichalke-boots__image1072,minicpm-v,no-vest,False,False
ketakichalke-boots__image116,yolo,person,True,False
ketakichalke-boots__image116,yolo,helmet,True,False
ketakichalke-boots__image116,yolo,gloves,True,False
ketakichalke-boots__image116,yolo,boots,False,False
ketakichalke-boots__image116,yolo,vest,True,False
ketakichalke-boots__image116,yolo,no-helmet,False,False
ketakichalke-boots__image116,yolo,no-gloves,False,False
ketakichalke-boots__image116,yolo,no-boots,False,False
ketakichalke-boots__image116,yolo,no-vest,False,False
ketakichalke-boots__image116,ollama,person,True,False
ketakichalke-boots__image116,ollama,helmet,True,False
ketakichalke-boots__image116,ollama,gloves,True,False
ketakichalke-boots__image116,ollama,boots,True,False
ketakichalke-boots__image116,ollama,vest,True,False
ketakichalke-boots__image116,ollama,no-helmet,True,False
ketakichalke-boots__image116,ollama,no-gloves,False,False
ketakichalke-boots__image116,ollama,no-boots,False,False
ketakichalke-boots__image116,ollama,no-vest,False,False
ketakichalke-boots__image116,qwen3-vl,person,True,False
ketakichalke-boots__image116,qwen3-vl,helmet,True,False
ketakichalke-boots__image116,qwen3-vl,gloves,True,False
ketakichalke-boots__image116,qwen3-vl,boots,True,False
ketakichalke-boots__image116,qwen3-vl,vest,False,False
ketakichalke-boots__image116,qwen3-vl,no-helmet,False,False
ketakichalke-boots__image116,qwen3-vl,no-gloves,False,False
ketakichalke-boots__image116,qwen3-vl,no-boots,False,False
ketakichalke-boots__image116,qwen3-vl,no-vest,False,False
ketakichalke-boots__image116,gemma4,person,True,False
ketakichalke-boots__image116,gemma4,helmet,True,False
ketakichalke-boots__image116,gemma4,gloves,True,False
ketakichalke-boots__image116,gemma4,boots,True,False
ketakichalke-boots__image116,gemma4,vest,True,False
ketakichalke-boots__image116,gemma4,no-helmet,False,False
ketakichalke-boots__image116,gemma4,no-gloves,False,False
ketakichalke-boots__image116,gemma4,no-boots,False,False
ketakichalke-boots__image116,gemma4,no-vest,False,False
ketakichalke-boots__image116,minicpm-v,person,True,False
ketakichalke-boots__image116,minicpm-v,helmet,True,False
ketakichalke-boots__image116,minicpm-v,gloves,True,False
ketakichalke-boots__image116,minicpm-v,boots,True,False
ketakichalke-boots__image116,minicpm-v,vest,True,False
ketakichalke-boots__image116,minicpm-v,no-helmet,False,False
ketakichalke-boots__image116,minicpm-v,no-gloves,False,False
ketakichalke-boots__image116,minicpm-v,no-boots,False,False
ketakichalke-boots__image116,minicpm-v,no-vest,False,False
ketakichalke-boots__image126,yolo,person,True,False
ketakichalke-boots__image126,yolo,helmet,True,False
ketakichalke-boots__image126,yolo,gloves,False,False
ketakichalke-boots__image126,yolo,boots,True,False
ketakichalke-boots__image126,yolo,vest,True,False
ketakichalke-boots__image126,yolo,no-helmet,False,False
ketakichalke-boots__image126,yolo,no-gloves,False,False
ketakichalke-boots__image126,yolo,no-boots,False,False
ketakichalke-boots__image126,yolo,no-vest,False,False
ketakichalke-boots__image126,ollama,person,True,False
ketakichalke-boots__image126,ollama,helmet,True,False
ketakichalke-boots__image126,ollama,gloves,True,False
ketakichalke-boots__image126,ollama,boots,True,False
ketakichalke-boots__image126,ollama,vest,True,False
ketakichalke-boots__image126,ollama,no-helmet,False,False
ketakichalke-boots__image126,ollama,no-gloves,False,False
ketakichalke-boots__image126,ollama,no-boots,False,False
ketakichalke-boots__image126,ollama,no-vest,False,False
ketakichalke-boots__image126,qwen3-vl,person,True,False
ketakichalke-boots__image126,qwen3-vl,helmet,True,False
ketakichalke-boots__image126,qwen3-vl,gloves,True,False
ketakichalke-boots__image126,qwen3-vl,boots,True,False
ketakichalke-boots__image126,qwen3-vl,vest,False,False
ketakichalke-boots__image126,qwen3-vl,no-helmet,False,False
ketakichalke-boots__image126,qwen3-vl,no-gloves,False,False
ketakichalke-boots__image126,qwen3-vl,no-boots,False,False
ketakichalke-boots__image126,qwen3-vl,no-vest,False,False
ketakichalke-boots__image126,gemma4,person,True,False
ketakichalke-boots__image126,gemma4,helmet,True,False
ketakichalke-boots__image126,gemma4,gloves,True,False
ketakichalke-boots__image126,gemma4,boots,True,False
ketakichalke-boots__image126,gemma4,vest,True,False
ketakichalke-boots__image126,gemma4,no-helmet,False,False
ketakichalke-boots__image126,gemma4,no-gloves,False,False
ketakichalke-boots__image126,gemma4,no-boots,False,False
ketakichalke-boots__image126,gemma4,no-vest,False,False
ketakichalke-boots__image126,minicpm-v,person,True,False
ketakichalke-boots__image126,minicpm-v,helmet,True,False
ketakichalke-boots__image126,minicpm-v,gloves,True,False
ketakichalke-boots__image126,minicpm-v,boots,True,False
ketakichalke-boots__image126,minicpm-v,vest,True,False
ketakichalke-boots__image126,minicpm-v,no-helmet,False,False
ketakichalke-boots__image126,minicpm-v,no-gloves,False,False
ketakichalke-boots__image126,minicpm-v,no-boots,False,False
ketakichalke-boots__image126,minicpm-v,no-vest,False,False
ketakichalke-boots__image1371,yolo,person,True,False
ketakichalke-boots__image1371,yolo,helmet,False,False
ketakichalke-boots__image1371,yolo,gloves,False,False
ketakichalke-boots__image1371,yolo,boots,False,False
ketakichalke-boots__image1371,yolo,vest,False,False
ketakichalke-boots__image1371,yolo,no-helmet,True,False
ketakichalke-boots__image1371,yolo,no-gloves,True,False
ketakichalke-boots__image1371,yolo,no-boots,False,False
ketakichalke-boots__image1371,yolo,no-vest,False,False
ketakichalke-boots__image1371,ollama,person,True,False
ketakichalke-boots__image1371,ollama,helmet,True,False
ketakichalke-boots__image1371,ollama,gloves,True,False
ketakichalke-boots__image1371,ollama,boots,True,False
ketakichalke-boots__image1371,ollama,vest,True,False
ketakichalke-boots__image1371,ollama,no-helmet,True,False
ketakichalke-boots__image1371,ollama,no-gloves,True,False
ketakichalke-boots__image1371,ollama,no-boots,False,False
ketakichalke-boots__image1371,ollama,no-vest,False,False
ketakichalke-boots__image1371,qwen3-vl,person,True,False
ketakichalke-boots__image1371,qwen3-vl,helmet,False,False
ketakichalke-boots__image1371,qwen3-vl,gloves,False,False
ketakichalke-boots__image1371,qwen3-vl,boots,False,False
ketakichalke-boots__image1371,qwen3-vl,vest,False,False
ketakichalke-boots__image1371,qwen3-vl,no-helmet,False,False
ketakichalke-boots__image1371,qwen3-vl,no-gloves,True,False
ketakichalke-boots__image1371,qwen3-vl,no-boots,True,False
ketakichalke-boots__image1371,qwen3-vl,no-vest,True,False
ketakichalke-boots__image1371,gemma4,person,True,False
ketakichalke-boots__image1371,gemma4,helmet,True,False
ketakichalke-boots__image1371,gemma4,gloves,True,False
ketakichalke-boots__image1371,gemma4,boots,True,False
ketakichalke-boots__image1371,gemma4,vest,True,False
ketakichalke-boots__image1371,gemma4,no-helmet,False,False
ketakichalke-boots__image1371,gemma4,no-gloves,False,False
ketakichalke-boots__image1371,gemma4,no-boots,False,False
ketakichalke-boots__image1371,gemma4,no-vest,False,False
ketakichalke-boots__image1371,minicpm-v,person,True,False
ketakichalke-boots__image1371,minicpm-v,helmet,False,False
ketakichalke-boots__image1371,minicpm-v,gloves,False,False
ketakichalke-boots__image1371,minicpm-v,boots,True,False
ketakichalke-boots__image1371,minicpm-v,vest,False,False
ketakichalke-boots__image1371,minicpm-v,no-helmet,True,False
ketakichalke-boots__image1371,minicpm-v,no-gloves,True,False
ketakichalke-boots__image1371,minicpm-v,no-boots,False,False
ketakichalke-boots__image1371,minicpm-v,no-vest,True,False
ketakichalke-boots__image177,yolo,person,True,False
ketakichalke-boots__image177,yolo,helmet,True,False
ketakichalke-boots__image177,yolo,gloves,False,False
ketakichalke-boots__image177,yolo,boots,False,False
ketakichalke-boots__image177,yolo,vest,True,False
ketakichalke-boots__image177,yolo,no-helmet,False,False
ketakichalke-boots__image177,yolo,no-gloves,False,False
ketakichalke-boots__image177,yolo,no-boots,False,False
ketakichalke-boots__image177,yolo,no-vest,False,False
ketakichalke-boots__image177,ollama,person,True,False
ketakichalke-boots__image177,ollama,helmet,False,False
ketakichalke-boots__image177,ollama,gloves,False,False
ketakichalke-boots__image177,ollama,boots,False,False
ketakichalke-boots__image177,ollama,vest,True,False
ketakichalke-boots__image177,ollama,no-helmet,False,False
ketakichalke-boots__image177,ollama,no-gloves,False,False
ketakichalke-boots__image177,ollama,no-boots,False,False
ketakichalke-boots__image177,ollama,no-vest,False,False
ketakichalke-boots__image177,qwen3-vl,person,True,False
ketakichalke-boots__image177,qwen3-vl,helmet,True,False
ketakichalke-boots__image177,qwen3-vl,gloves,False,False
ketakichalke-boots__image177,qwen3-vl,boots,False,False
ketakichalke-boots__image177,qwen3-vl,vest,True,False
ketakichalke-boots__image177,qwen3-vl,no-helmet,False,False
ketakichalke-boots__image177,qwen3-vl,no-gloves,False,False
ketakichalke-boots__image177,qwen3-vl,no-boots,False,False
ketakichalke-boots__image177,qwen3-vl,no-vest,False,False
ketakichalke-boots__image177,gemma4,person,True,False
ketakichalke-boots__image177,gemma4,helmet,True,False
ketakichalke-boots__image177,gemma4,gloves,True,False
ketakichalke-boots__image177,gemma4,boots,True,False
ketakichalke-boots__image177,gemma4,vest,True,False
ketakichalke-boots__image177,gemma4,no-helmet,False,False
ketakichalke-boots__image177,gemma4,no-gloves,False,False
ketakichalke-boots__image177,gemma4,no-boots,False,False
ketakichalke-boots__image177,gemma4,no-vest,False,False
ketakichalke-boots__image177,minicpm-v,person,True,False
ketakichalke-boots__image177,minicpm-v,helmet,True,False
ketakichalke-boots__image177,minicpm-v,gloves,True,False
ketakichalke-boots__image177,minicpm-v,boots,True,False
ketakichalke-boots__image177,minicpm-v,vest,True,False
ketakichalke-boots__image177,minicpm-v,no-helmet,False,False
ketakichalke-boots__image177,minicpm-v,no-gloves,False,False
ketakichalke-boots__image177,minicpm-v,no-boots,False,False
ketakichalke-boots__image177,minicpm-v,no-vest,False,False
ketakichalke-boots__image309,yolo,person,True,False
ketakichalke-boots__image309,yolo,helmet,True,False
ketakichalke-boots__image309,yolo,gloves,False,False
ketakichalke-boots__image309,yolo,boots,False,False
ketakichalke-boots__image309,yolo,vest,True,False
ketakichalke-boots__image309,yolo,no-helmet,False,False
ketakichalke-boots__image309,yolo,no-gloves,False,False
ketakichalke-boots__image309,yolo,no-boots,False,False
ketakichalke-boots__image309,yolo,no-vest,False,False
ketakichalke-boots__image309,ollama,person,True,False
ketakichalke-boots__image309,ollama,helmet,True,False
ketakichalke-boots__image309,ollama,gloves,True,False
ketakichalke-boots__image309,ollama,boots,True,False
ketakichalke-boots__image309,ollama,vest,True,False
ketakichalke-boots__image309,ollama,no-helmet,True,False
ketakichalke-boots__image309,ollama,no-gloves,True,False
ketakichalke-boots__image309,ollama,no-boots,False,False
ketakichalke-boots__image309,ollama,no-vest,False,False
ketakichalke-boots__image309,qwen3-vl,person,True,False
ketakichalke-boots__image309,qwen3-vl,helmet,True,False
ketakichalke-boots__image309,qwen3-vl,gloves,False,False
ketakichalke-boots__image309,qwen3-vl,boots,False,False
ketakichalke-boots__image309,qwen3-vl,vest,False,False
ketakichalke-boots__image309,qwen3-vl,no-helmet,True,False
ketakichalke-boots__image309,qwen3-vl,no-gloves,False,False
ketakichalke-boots__image309,qwen3-vl,no-boots,False,False
ketakichalke-boots__image309,qwen3-vl,no-vest,False,False
ketakichalke-boots__image309,gemma4,person,True,False
ketakichalke-boots__image309,gemma4,helmet,True,False
ketakichalke-boots__image309,gemma4,gloves,True,False
ketakichalke-boots__image309,gemma4,boots,True,False
ketakichalke-boots__image309,gemma4,vest,True,False
ketakichalke-boots__image309,gemma4,no-helmet,False,False
ketakichalke-boots__image309,gemma4,no-gloves,False,False
ketakichalke-boots__image309,gemma4,no-boots,False,False
ketakichalke-boots__image309,gemma4,no-vest,False,False
ketakichalke-boots__image309,minicpm-v,person,True,False
ketakichalke-boots__image309,minicpm-v,helmet,True,False
ketakichalke-boots__image309,minicpm-v,gloves,True,False
ketakichalke-boots__image309,minicpm-v,boots,True,False
ketakichalke-boots__image309,minicpm-v,vest,True,False
ketakichalke-boots__image309,minicpm-v,no-helmet,False,False
ketakichalke-boots__image309,minicpm-v,no-gloves,False,False
ketakichalke-boots__image309,minicpm-v,no-boots,False,False
ketakichalke-boots__image309,minicpm-v,no-vest,False,False
ketakichalke-boots__image36,yolo,person,True,False
ketakichalke-boots__image36,yolo,helmet,True,False
ketakichalke-boots__image36,yolo,gloves,True,False
ketakichalke-boots__image36,yolo,boots,False,False
ketakichalke-boots__image36,yolo,vest,True,False
ketakichalke-boots__image36,yolo,no-helmet,False,False
ketakichalke-boots__image36,yolo,no-gloves,False,False
ketakichalke-boots__image36,yolo,no-boots,False,False
ketakichalke-boots__image36,yolo,no-vest,False,False
ketakichalke-boots__image36,ollama,person,True,False
ketakichalke-boots__image36,ollama,helmet,True,False
ketakichalke-boots__image36,ollama,gloves,True,False
ketakichalke-boots__image36,ollama,boots,True,False
ketakichalke-boots__image36,ollama,vest,True,False
ketakichalke-boots__image36,ollama,no-helmet,True,False
ketakichalke-boots__image36,ollama,no-gloves,False,False
ketakichalke-boots__image36,ollama,no-boots,True,False
ketakichalke-boots__image36,ollama,no-vest,True,False
ketakichalke-boots__image36,qwen3-vl,person,True,False
ketakichalke-boots__image36,qwen3-vl,helmet,True,False
ketakichalke-boots__image36,qwen3-vl,gloves,True,False
ketakichalke-boots__image36,qwen3-vl,boots,False,False
ketakichalke-boots__image36,qwen3-vl,vest,True,False
ketakichalke-boots__image36,qwen3-vl,no-helmet,False,False
ketakichalke-boots__image36,qwen3-vl,no-gloves,False,False
ketakichalke-boots__image36,qwen3-vl,no-boots,True,False
ketakichalke-boots__image36,qwen3-vl,no-vest,False,False
ketakichalke-boots__image36,gemma4,person,True,False
ketakichalke-boots__image36,gemma4,helmet,True,False
ketakichalke-boots__image36,gemma4,gloves,True,False
ketakichalke-boots__image36,gemma4,boots,True,False
ketakichalke-boots__image36,gemma4,vest,True,False
ketakichalke-boots__image36,gemma4,no-helmet,False,False
ketakichalke-boots__image36,gemma4,no-gloves,False,False
ketakichalke-boots__image36,gemma4,no-boots,False,False
ketakichalke-boots__image36,gemma4,no-vest,False,False
ketakichalke-boots__image36,minicpm-v,person,True,False
ketakichalke-boots__image36,minicpm-v,helmet,True,False
ketakichalke-boots__image36,minicpm-v,gloves,True,False
ketakichalke-boots__image36,minicpm-v,boots,True,False
ketakichalke-boots__image36,minicpm-v,vest,True,False
ketakichalke-boots__image36,minicpm-v,no-helmet,False,False
ketakichalke-boots__image36,minicpm-v,no-gloves,False,False
ketakichalke-boots__image36,minicpm-v,no-boots,False,False
ketakichalke-boots__image36,minicpm-v,no-vest,False,False
ketakichalke-boots__image42,yolo,person,True,False
ketakichalke-boots__image42,yolo,helmet,True,False
ketakichalke-boots__image42,yolo,gloves,True,False
ketakichalke-boots__image42,yolo,boots,True,False
ketakichalke-boots__image42,yolo,vest,True,False
ketakichalke-boots__image42,yolo,no-helmet,False,False
ketakichalke-boots__image42,yolo,no-gloves,False,False
ketakichalke-boots__image42,yolo,no-boots,False,False
ketakichalke-boots__image42,yolo,no-vest,False,False
ketakichalke-boots__image42,ollama,person,True,False
ketakichalke-boots__image42,ollama,helmet,True,False
ketakichalke-boots__image42,ollama,gloves,False,False
ketakichalke-boots__image42,ollama,boots,False,False
ketakichalke-boots__image42,ollama,vest,True,False
ketakichalke-boots__image42,ollama,no-helmet,False,False
ketakichalke-boots__image42,ollama,no-gloves,True,False
ketakichalke-boots__image42,ollama,no-boots,True,False
ketakichalke-boots__image42,ollama,no-vest,False,False
ketakichalke-boots__image42,qwen3-vl,person,True,False
ketakichalke-boots__image42,qwen3-vl,helmet,True,False
ketakichalke-boots__image42,qwen3-vl,gloves,True,False
ketakichalke-boots__image42,qwen3-vl,boots,False,False
ketakichalke-boots__image42,qwen3-vl,vest,True,False
ketakichalke-boots__image42,qwen3-vl,no-helmet,False,False
ketakichalke-boots__image42,qwen3-vl,no-gloves,False,False
ketakichalke-boots__image42,qwen3-vl,no-boots,False,False
ketakichalke-boots__image42,qwen3-vl,no-vest,False,False
ketakichalke-boots__image42,gemma4,person,True,False
ketakichalke-boots__image42,gemma4,helmet,True,False
ketakichalke-boots__image42,gemma4,gloves,True,False
ketakichalke-boots__image42,gemma4,boots,True,False
ketakichalke-boots__image42,gemma4,vest,True,False
ketakichalke-boots__image42,gemma4,no-helmet,False,False
ketakichalke-boots__image42,gemma4,no-gloves,False,False
ketakichalke-boots__image42,gemma4,no-boots,False,False
ketakichalke-boots__image42,gemma4,no-vest,False,False
ketakichalke-boots__image42,minicpm-v,person,True,False
ketakichalke-boots__image42,minicpm-v,helmet,True,False
ketakichalke-boots__image42,minicpm-v,gloves,False,False
ketakichalke-boots__image42,minicpm-v,boots,True,False
ketakichalke-boots__image42,minicpm-v,vest,True,False
ketakichalke-boots__image42,minicpm-v,no-helmet,False,False
ketakichalke-boots__image42,minicpm-v,no-gloves,True,False
ketakichalke-boots__image42,minicpm-v,no-boots,False,False
ketakichalke-boots__image42,minicpm-v,no-vest,False,False
ketakichalke-boots__image424,yolo,person,True,False
ketakichalke-boots__image424,yolo,helmet,True,False
ketakichalke-boots__image424,yolo,gloves,True,False
ketakichalke-boots__image424,yolo,boots,True,False
ketakichalke-boots__image424,yolo,vest,True,False
ketakichalke-boots__image424,yolo,no-helmet,False,False
ketakichalke-boots__image424,yolo,no-gloves,False,False
ketakichalke-boots__image424,yolo,no-boots,False,False
ketakichalke-boots__image424,yolo,no-vest,False,False
ketakichalke-boots__image424,ollama,person,True,False
ketakichalke-boots__image424,ollama,helmet,False,False
ketakichalke-boots__image424,ollama,gloves,False,False
ketakichalke-boots__image424,ollama,boots,True,False
ketakichalke-boots__image424,ollama,vest,False,False
ketakichalke-boots__image424,ollama,no-helmet,True,False
ketakichalke-boots__image424,ollama,no-gloves,True,False
ketakichalke-boots__image424,ollama,no-boots,False,False
ketakichalke-boots__image424,ollama,no-vest,True,False
ketakichalke-boots__image424,qwen3-vl,person,True,False
ketakichalke-boots__image424,qwen3-vl,helmet,True,False
ketakichalke-boots__image424,qwen3-vl,gloves,False,False
ketakichalke-boots__image424,qwen3-vl,boots,True,False
ketakichalke-boots__image424,qwen3-vl,vest,True,False
ketakichalke-boots__image424,qwen3-vl,no-helmet,False,False
ketakichalke-boots__image424,qwen3-vl,no-gloves,False,False
ketakichalke-boots__image424,qwen3-vl,no-boots,False,False
ketakichalke-boots__image424,qwen3-vl,no-vest,False,False
ketakichalke-boots__image424,gemma4,person,True,False
ketakichalke-boots__image424,gemma4,helmet,True,False
ketakichalke-boots__image424,gemma4,gloves,True,False
ketakichalke-boots__image424,gemma4,boots,True,False
ketakichalke-boots__image424,gemma4,vest,True,False
ketakichalke-boots__image424,gemma4,no-helmet,False,False
ketakichalke-boots__image424,gemma4,no-gloves,False,False
ketakichalke-boots__image424,gemma4,no-boots,False,False
ketakichalke-boots__image424,gemma4,no-vest,False,False
ketakichalke-boots__image424,minicpm-v,person,True,False
ketakichalke-boots__image424,minicpm-v,helmet,True,False
ketakichalke-boots__image424,minicpm-v,gloves,False,False
ketakichalke-boots__image424,minicpm-v,boots,True,False
ketakichalke-boots__image424,minicpm-v,vest,True,False
ketakichalke-boots__image424,minicpm-v,no-helmet,False,False
ketakichalke-boots__image424,minicpm-v,no-gloves,True,False
ketakichalke-boots__image424,minicpm-v,no-boots,False,False
ketakichalke-boots__image424,minicpm-v,no-vest,False,False
ketakichalke-boots__image443,yolo,person,True,False
ketakichalke-boots__image443,yolo,helmet,True,False
ketakichalke-boots__image443,yolo,gloves,False,False
ketakichalke-boots__image443,yolo,boots,False,False
ketakichalke-boots__image443,yolo,vest,True,False
ketakichalke-boots__image443,yolo,no-helmet,False,False
ketakichalke-boots__image443,yolo,no-gloves,False,False
ketakichalke-boots__image443,yolo,no-boots,False,False
ketakichalke-boots__image443,yolo,no-vest,False,False
ketakichalke-boots__image443,ollama,person,True,False
ketakichalke-boots__image443,ollama,helmet,True,False
ketakichalke-boots__image443,ollama,gloves,True,False
ketakichalke-boots__image443,ollama,boots,True,False
ketakichalke-boots__image443,ollama,vest,False,False
ketakichalke-boots__image443,ollama,no-helmet,True,False
ketakichalke-boots__image443,ollama,no-gloves,False,False
ketakichalke-boots__image443,ollama,no-boots,False,False
ketakichalke-boots__image443,ollama,no-vest,False,False
ketakichalke-boots__image443,qwen3-vl,person,True,False
ketakichalke-boots__image443,qwen3-vl,helmet,True,False
ketakichalke-boots__image443,qwen3-vl,gloves,False,False
ketakichalke-boots__image443,qwen3-vl,boots,True,False
ketakichalke-boots__image443,qwen3-vl,vest,True,False
ketakichalke-boots__image443,qwen3-vl,no-helmet,False,False
ketakichalke-boots__image443,qwen3-vl,no-gloves,False,False
ketakichalke-boots__image443,qwen3-vl,no-boots,False,False
ketakichalke-boots__image443,qwen3-vl,no-vest,False,False
ketakichalke-boots__image443,gemma4,person,True,False
ketakichalke-boots__image443,gemma4,helmet,True,False
ketakichalke-boots__image443,gemma4,gloves,False,False
ketakichalke-boots__image443,gemma4,boots,True,False
ketakichalke-boots__image443,gemma4,vest,True,False
ketakichalke-boots__image443,gemma4,no-helmet,False,False
ketakichalke-boots__image443,gemma4,no-gloves,True,False
ketakichalke-boots__image443,gemma4,no-boots,False,False
ketakichalke-boots__image443,gemma4,no-vest,False,False
ketakichalke-boots__image443,minicpm-v,person,True,False
ketakichalke-boots__image443,minicpm-v,helmet,True,False
ketakichalke-boots__image443,minicpm-v,gloves,True,False
ketakichalke-boots__image443,minicpm-v,boots,True,False
ketakichalke-boots__image443,minicpm-v,vest,True,False
ketakichalke-boots__image443,minicpm-v,no-helmet,False,False
ketakichalke-boots__image443,minicpm-v,no-gloves,False,False
ketakichalke-boots__image443,minicpm-v,no-boots,False,False
ketakichalke-boots__image443,minicpm-v,no-vest,False,False
ketakichalke-boots__image564,yolo,person,True,False
ketakichalke-boots__image564,yolo,helmet,True,False
ketakichalke-boots__image564,yolo,gloves,False,False
ketakichalke-boots__image564,yolo,boots,False,False
ketakichalke-boots__image564,yolo,vest,True,False
ketakichalke-boots__image564,yolo,no-helmet,False,False
ketakichalke-boots__image564,yolo,no-gloves,False,False
ketakichalke-boots__image564,yolo,no-boots,False,False
ketakichalke-boots__image564,yolo,no-vest,False,False
ketakichalke-boots__image564,ollama,person,True,False
ketakichalke-boots__image564,ollama,helmet,True,False
ketakichalke-boots__image564,ollama,gloves,True,False
ketakichalke-boots__image564,ollama,boots,True,False
ketakichalke-boots__image564,ollama,vest,True,False
ketakichalke-boots__image564,ollama,no-helmet,False,False
ketakichalke-boots__image564,ollama,no-gloves,False,False
ketakichalke-boots__image564,ollama,no-boots,False,False
ketakichalke-boots__image564,ollama,no-vest,False,False
ketakichalke-boots__image564,qwen3-vl,person,True,False
ketakichalke-boots__image564,qwen3-vl,helmet,True,False
ketakichalke-boots__image564,qwen3-vl,gloves,False,False
ketakichalke-boots__image564,qwen3-vl,boots,False,False
ketakichalke-boots__image564,qwen3-vl,vest,True,False
ketakichalke-boots__image564,qwen3-vl,no-helmet,False,False
ketakichalke-boots__image564,qwen3-vl,no-gloves,False,False
ketakichalke-boots__image564,qwen3-vl,no-boots,False,False
ketakichalke-boots__image564,qwen3-vl,no-vest,False,False
ketakichalke-boots__image564,gemma4,person,True,False
ketakichalke-boots__image564,gemma4,helmet,True,False
ketakichalke-boots__image564,gemma4,gloves,False,False
ketakichalke-boots__image564,gemma4,boots,True,False
ketakichalke-boots__image564,gemma4,vest,True,False
ketakichalke-boots__image564,gemma4,no-helmet,False,False
ketakichalke-boots__image564,gemma4,no-gloves,False,False
ketakichalke-boots__image564,gemma4,no-boots,False,False
ketakichalke-boots__image564,gemma4,no-vest,False,False
ketakichalke-boots__image564,minicpm-v,person,True,False
ketakichalke-boots__image564,minicpm-v,helmet,True,False
ketakichalke-boots__image564,minicpm-v,gloves,False,False
ketakichalke-boots__image564,minicpm-v,boots,True,False
ketakichalke-boots__image564,minicpm-v,vest,True,False
ketakichalke-boots__image564,minicpm-v,no-helmet,False,False
ketakichalke-boots__image564,minicpm-v,no-gloves,True,False
ketakichalke-boots__image564,minicpm-v,no-boots,False,False
ketakichalke-boots__image564,minicpm-v,no-vest,False,False
ketakichalke-boots__image725,yolo,person,True,False
ketakichalke-boots__image725,yolo,helmet,True,False
ketakichalke-boots__image725,yolo,gloves,True,False
ketakichalke-boots__image725,yolo,boots,True,False
ketakichalke-boots__image725,yolo,vest,True,False
ketakichalke-boots__image725,yolo,no-helmet,False,False
ketakichalke-boots__image725,yolo,no-gloves,False,False
ketakichalke-boots__image725,yolo,no-boots,False,False
ketakichalke-boots__image725,yolo,no-vest,False,False
ketakichalke-boots__image725,ollama,person,True,False
ketakichalke-boots__image725,ollama,helmet,False,False
ketakichalke-boots__image725,ollama,gloves,True,False
ketakichalke-boots__image725,ollama,boots,False,False
ketakichalke-boots__image725,ollama,vest,False,False
ketakichalke-boots__image725,ollama,no-helmet,False,False
ketakichalke-boots__image725,ollama,no-gloves,False,False
ketakichalke-boots__image725,ollama,no-boots,False,False
ketakichalke-boots__image725,ollama,no-vest,False,False
ketakichalke-boots__image725,qwen3-vl,person,True,False
ketakichalke-boots__image725,qwen3-vl,helmet,True,False
ketakichalke-boots__image725,qwen3-vl,gloves,True,False
ketakichalke-boots__image725,qwen3-vl,boots,True,False
ketakichalke-boots__image725,qwen3-vl,vest,True,False
ketakichalke-boots__image725,qwen3-vl,no-helmet,False,False
ketakichalke-boots__image725,qwen3-vl,no-gloves,False,False
ketakichalke-boots__image725,qwen3-vl,no-boots,False,False
ketakichalke-boots__image725,qwen3-vl,no-vest,False,False
ketakichalke-boots__image725,gemma4,person,True,False
ketakichalke-boots__image725,gemma4,helmet,True,False
ketakichalke-boots__image725,gemma4,gloves,True,False
ketakichalke-boots__image725,gemma4,boots,True,False
ketakichalke-boots__image725,gemma4,vest,True,False
ketakichalke-boots__image725,gemma4,no-helmet,False,False
ketakichalke-boots__image725,gemma4,no-gloves,False,False
ketakichalke-boots__image725,gemma4,no-boots,False,False
ketakichalke-boots__image725,gemma4,no-vest,False,False
ketakichalke-boots__image725,minicpm-v,person,True,False
ketakichalke-boots__image725,minicpm-v,helmet,True,False
ketakichalke-boots__image725,minicpm-v,gloves,True,False
ketakichalke-boots__image725,minicpm-v,boots,True,False
ketakichalke-boots__image725,minicpm-v,vest,True,False
ketakichalke-boots__image725,minicpm-v,no-helmet,False,False
ketakichalke-boots__image725,minicpm-v,no-gloves,False,False
ketakichalke-boots__image725,minicpm-v,no-boots,False,False
ketakichalke-boots__image725,minicpm-v,no-vest,False,False
ketakichalke-boots__image789,yolo,person,True,False
ketakichalke-boots__image789,yolo,helmet,True,False
ketakichalke-boots__image789,yolo,gloves,False,False
ketakichalke-boots__image789,yolo,boots,True,False
ketakichalke-boots__image789,yolo,vest,True,False
ketakichalke-boots__image789,yolo,no-helmet,False,False
ketakichalke-boots__image789,yolo,no-gloves,False,False
ketakichalke-boots__image789,yolo,no-boots,False,False
ketakichalke-boots__image789,yolo,no-vest,False,False
ketakichalke-boots__image789,ollama,person,True,False
ketakichalke-boots__image789,ollama,helmet,True,False
ketakichalke-boots__image789,ollama,gloves,True,False
ketakichalke-boots__image789,ollama,boots,True,False
ketakichalke-boots__image789,ollama,vest,True,False
ketakichalke-boots__image789,ollama,no-helmet,True,False
ketakichalke-boots__image789,ollama,no-gloves,True,False
ketakichalke-boots__image789,ollama,no-boots,True,False
ketakichalke-boots__image789,ollama,no-vest,True,False
ketakichalke-boots__image789,qwen3-vl,person,True,False
ketakichalke-boots__image789,qwen3-vl,helmet,True,False
ketakichalke-boots__image789,qwen3-vl,gloves,True,False
ketakichalke-boots__image789,qwen3-vl,boots,True,False
ketakichalke-boots__image789,qwen3-vl,vest,True,False
ketakichalke-boots__image789,qwen3-vl,no-helmet,False,False
ketakichalke-boots__image789,qwen3-vl,no-gloves,False,False
ketakichalke-boots__image789,qwen3-vl,no-boots,False,False
ketakichalke-boots__image789,qwen3-vl,no-vest,False,False
ketakichalke-boots__image789,gemma4,person,True,False
ketakichalke-boots__image789,gemma4,helmet,True,False
ketakichalke-boots__image789,gemma4,gloves,True,False
ketakichalke-boots__image789,gemma4,boots,True,False
ketakichalke-boots__image789,gemma4,vest,True,False
ketakichalke-boots__image789,gemma4,no-helmet,False,False
ketakichalke-boots__image789,gemma4,no-gloves,False,False
ketakichalke-boots__image789,gemma4,no-boots,False,False
ketakichalke-boots__image789,gemma4,no-vest,False,False
ketakichalke-boots__image789,minicpm-v,person,True,False
ketakichalke-boots__image789,minicpm-v,helmet,True,False
ketakichalke-boots__image789,minicpm-v,gloves,True,False
ketakichalke-boots__image789,minicpm-v,boots,True,False
ketakichalke-boots__image789,minicpm-v,vest,True,False
ketakichalke-boots__image789,minicpm-v,no-helmet,False,False
ketakichalke-boots__image789,minicpm-v,no-gloves,False,False
ketakichalke-boots__image789,minicpm-v,no-boots,False,False
ketakichalke-boots__image789,minicpm-v,no-vest,False,False
ketakichalke-boots__image901,yolo,person,True,False
ketakichalke-boots__image901,yolo,helmet,True,False
ketakichalke-boots__image901,yolo,gloves,True,False
ketakichalke-boots__image901,yolo,boots,True,False
ketakichalke-boots__image901,yolo,vest,True,False
ketakichalke-boots__image901,yolo,no-helmet,False,False
ketakichalke-boots__image901,yolo,no-gloves,False,False
ketakichalke-boots__image901,yolo,no-boots,False,False
ketakichalke-boots__image901,yolo,no-vest,False,False
ketakichalke-boots__image901,ollama,person,True,False
ketakichalke-boots__image901,ollama,helmet,False,False
ketakichalke-boots__image901,ollama,gloves,False,False
ketakichalke-boots__image901,ollama,boots,False,False
ketakichalke-boots__image901,ollama,vest,True,False
ketakichalke-boots__image901,ollama,no-helmet,False,False
ketakichalke-boots__image901,ollama,no-gloves,False,False
ketakichalke-boots__image901,ollama,no-boots,False,False
ketakichalke-boots__image901,ollama,no-vest,False,False
ketakichalke-boots__image901,qwen3-vl,person,True,False
ketakichalke-boots__image901,qwen3-vl,helmet,True,False
ketakichalke-boots__image901,qwen3-vl,gloves,True,False
ketakichalke-boots__image901,qwen3-vl,boots,True,False
ketakichalke-boots__image901,qwen3-vl,vest,True,False
ketakichalke-boots__image901,qwen3-vl,no-helmet,False,False
ketakichalke-boots__image901,qwen3-vl,no-gloves,False,False
ketakichalke-boots__image901,qwen3-vl,no-boots,False,False
ketakichalke-boots__image901,qwen3-vl,no-vest,False,False
ketakichalke-boots__image901,gemma4,person,True,False
ketakichalke-boots__image901,gemma4,helmet,True,False
ketakichalke-boots__image901,gemma4,gloves,True,False
ketakichalke-boots__image901,gemma4,boots,True,False
ketakichalke-boots__image901,gemma4,vest,True,False
ketakichalke-boots__image901,gemma4,no-helmet,False,False
ketakichalke-boots__image901,gemma4,no-gloves,False,False
ketakichalke-boots__image901,gemma4,no-boots,False,False
ketakichalke-boots__image901,gemma4,no-vest,False,False
ketakichalke-boots__image901,minicpm-v,person,True,False
ketakichalke-boots__image901,minicpm-v,helmet,True,False
ketakichalke-boots__image901,minicpm-v,gloves,True,False
ketakichalke-boots__image901,minicpm-v,boots,True,False
ketakichalke-boots__image901,minicpm-v,vest,True,False
ketakichalke-boots__image901,minicpm-v,no-helmet,False,False
ketakichalke-boots__image901,minicpm-v,no-gloves,False,False
ketakichalke-boots__image901,minicpm-v,no-boots,False,False
ketakichalke-boots__image901,minicpm-v,no-vest,False,False
ketakichalke-boots__image904,yolo,person,True,False
ketakichalke-boots__image904,yolo,helmet,True,False
ketakichalke-boots__image904,yolo,gloves,True,False
ketakichalke-boots__image904,yolo,boots,True,False
ketakichalke-boots__image904,yolo,vest,True,False
ketakichalke-boots__image904,yolo,no-helmet,False,False
ketakichalke-boots__image904,yolo,no-gloves,False,False
ketakichalke-boots__image904,yolo,no-boots,False,False
ketakichalke-boots__image904,yolo,no-vest,False,False
ketakichalke-boots__image904,ollama,person,True,False
ketakichalke-boots__image904,ollama,helmet,False,False
ketakichalke-boots__image904,ollama,gloves,True,False
ketakichalke-boots__image904,ollama,boots,False,False
ketakichalke-boots__image904,ollama,vest,False,False
ketakichalke-boots__image904,ollama,no-helmet,False,False
ketakichalke-boots__image904,ollama,no-gloves,False,False
ketakichalke-boots__image904,ollama,no-boots,False,False
ketakichalke-boots__image904,ollama,no-vest,False,False
ketakichalke-boots__image904,qwen3-vl,person,True,False
ketakichalke-boots__image904,qwen3-vl,helmet,True,False
ketakichalke-boots__image904,qwen3-vl,gloves,True,False
ketakichalke-boots__image904,qwen3-vl,boots,True,False
ketakichalke-boots__image904,qwen3-vl,vest,True,False
ketakichalke-boots__image904,qwen3-vl,no-helmet,False,False
ketakichalke-boots__image904,qwen3-vl,no-gloves,False,False
ketakichalke-boots__image904,qwen3-vl,no-boots,False,False
ketakichalke-boots__image904,qwen3-vl,no-vest,False,False
ketakichalke-boots__image904,gemma4,person,True,False
ketakichalke-boots__image904,gemma4,helmet,True,False
ketakichalke-boots__image904,gemma4,gloves,True,False
ketakichalke-boots__image904,gemma4,boots,True,False
ketakichalke-boots__image904,gemma4,vest,True,False
ketakichalke-boots__image904,gemma4,no-helmet,False,False
ketakichalke-boots__image904,gemma4,no-gloves,False,False
ketakichalke-boots__image904,gemma4,no-boots,False,False
ketakichalke-boots__image904,gemma4,no-vest,False,False
ketakichalke-boots__image904,minicpm-v,person,True,False
ketakichalke-boots__image904,minicpm-v,helmet,True,False
ketakichalke-boots__image904,minicpm-v,gloves,True,False
ketakichalke-boots__image904,minicpm-v,boots,True,False
ketakichalke-boots__image904,minicpm-v,vest,True,False
ketakichalke-boots__image904,minicpm-v,no-helmet,False,False
ketakichalke-boots__image904,minicpm-v,no-gloves,False,False
ketakichalke-boots__image904,minicpm-v,no-boots,False,False
ketakichalke-boots__image904,minicpm-v,no-vest,False,False
ketakichalke-boots__image936,yolo,person,True,False
ketakichalke-boots__image936,yolo,helmet,True,False
ketakichalke-boots__image936,yolo,gloves,True,False
ketakichalke-boots__image936,yolo,boots,True,False
ketakichalke-boots__image936,yolo,vest,True,False
ketakichalke-boots__image936,yolo,no-helmet,False,False
ketakichalke-boots__image936,yolo,no-gloves,False,False
ketakichalke-boots__image936,yolo,no-boots,False,False
ketakichalke-boots__image936,yolo,no-vest,False,False
ketakichalke-boots__image936,ollama,person,True,False
ketakichalke-boots__image936,ollama,helmet,False,False
ketakichalke-boots__image936,ollama,gloves,False,False
ketakichalke-boots__image936,ollama,boots,False,False
ketakichalke-boots__image936,ollama,vest,False,False
ketakichalke-boots__image936,ollama,no-helmet,True,False
ketakichalke-boots__image936,ollama,no-gloves,True,False
ketakichalke-boots__image936,ollama,no-boots,True,False
ketakichalke-boots__image936,ollama,no-vest,True,False
ketakichalke-boots__image936,qwen3-vl,person,True,False
ketakichalke-boots__image936,qwen3-vl,helmet,True,False
ketakichalke-boots__image936,qwen3-vl,gloves,True,False
ketakichalke-boots__image936,qwen3-vl,boots,True,False
ketakichalke-boots__image936,qwen3-vl,vest,True,False
ketakichalke-boots__image936,qwen3-vl,no-helmet,False,False
ketakichalke-boots__image936,qwen3-vl,no-gloves,False,False
ketakichalke-boots__image936,qwen3-vl,no-boots,False,False
ketakichalke-boots__image936,qwen3-vl,no-vest,False,False
ketakichalke-boots__image936,gemma4,person,True,False
ketakichalke-boots__image936,gemma4,helmet,True,False
ketakichalke-boots__image936,gemma4,gloves,True,False
ketakichalke-boots__image936,gemma4,boots,True,False
ketakichalke-boots__image936,gemma4,vest,True,False
ketakichalke-boots__image936,gemma4,no-helmet,False,False
ketakichalke-boots__image936,gemma4,no-gloves,False,False
ketakichalke-boots__image936,gemma4,no-boots,False,False
ketakichalke-boots__image936,gemma4,no-vest,False,False
ketakichalke-boots__image936,minicpm-v,person,True,False
ketakichalke-boots__image936,minicpm-v,helmet,True,False
ketakichalke-boots__image936,minicpm-v,gloves,True,False
ketakichalke-boots__image936,minicpm-v,boots,True,False
ketakichalke-boots__image936,minicpm-v,vest,True,False
ketakichalke-boots__image936,minicpm-v,no-helmet,False,False
ketakichalke-boots__image936,minicpm-v,no-gloves,False,False
ketakichalke-boots__image936,minicpm-v,no-boots,False,False
ketakichalke-boots__image936,minicpm-v,no-vest,False,False
ketakichalke-boots__image97,yolo,person,True,False
ketakichalke-boots__image97,yolo,helmet,True,False
ketakichalke-boots__image97,yolo,gloves,True,False
ketakichalke-boots__image97,yolo,boots,True,False
ketakichalke-boots__image97,yolo,vest,True,False
ketakichalke-boots__image97,yolo,no-helmet,False,False
ketakichalke-boots__image97,yolo,no-gloves,False,False
ketakichalke-boots__image97,yolo,no-boots,False,False
ketakichalke-boots__image97,yolo,no-vest,False,False
ketakichalke-boots__image97,ollama,person,True,False
ketakichalke-boots__image97,ollama,helmet,True,False
ketakichalke-boots__image97,ollama,gloves,True,False
ketakichalke-boots__image97,ollama,boots,True,False
ketakichalke-boots__image97,ollama,vest,False,False
ketakichalke-boots__image97,ollama,no-helmet,False,False
ketakichalke-boots__image97,ollama,no-gloves,False,False
ketakichalke-boots__image97,ollama,no-boots,False,False
ketakichalke-boots__image97,ollama,no-vest,True,False
ketakichalke-boots__image97,qwen3-vl,person,True,False
ketakichalke-boots__image97,qwen3-vl,helmet,True,False
ketakichalke-boots__image97,qwen3-vl,gloves,True,False
ketakichalke-boots__image97,qwen3-vl,boots,True,False
ketakichalke-boots__image97,qwen3-vl,vest,True,False
ketakichalke-boots__image97,qwen3-vl,no-helmet,False,False
ketakichalke-boots__image97,qwen3-vl,no-gloves,False,False
ketakichalke-boots__image97,qwen3-vl,no-boots,False,False
ketakichalke-boots__image97,qwen3-vl,no-vest,False,False
ketakichalke-boots__image97,gemma4,person,True,False
ketakichalke-boots__image97,gemma4,helmet,True,False
ketakichalke-boots__image97,gemma4,gloves,True,False
ketakichalke-boots__image97,gemma4,boots,True,False
ketakichalke-boots__image97,gemma4,vest,True,False
ketakichalke-boots__image97,gemma4,no-helmet,False,False
ketakichalke-boots__image97,gemma4,no-gloves,False,False
ketakichalke-boots__image97,gemma4,no-boots,False,False
ketakichalke-boots__image97,gemma4,no-vest,False,False
ketakichalke-boots__image97,minicpm-v,person,True,False
ketakichalke-boots__image97,minicpm-v,helmet,True,False
ketakichalke-boots__image97,minicpm-v,gloves,True,False
ketakichalke-boots__image97,minicpm-v,boots,True,False
ketakichalke-boots__image97,minicpm-v,vest,True,False
ketakichalke-boots__image97,minicpm-v,no-helmet,False,False
ketakichalke-boots__image97,minicpm-v,no-gloves,False,False
ketakichalke-boots__image97,minicpm-v,no-boots,False,False
ketakichalke-boots__image97,minicpm-v,no-vest,False,False
snehilsanyal-main__000415_jpg.rf.63b7e0293fb53612fdb4695fa0debfb7,yolo,person,True,False
snehilsanyal-main__000415_jpg.rf.63b7e0293fb53612fdb4695fa0debfb7,yolo,helmet,True,False
snehilsanyal-main__000415_jpg.rf.63b7e0293fb53612fdb4695fa0debfb7,yolo,gloves,False,False
snehilsanyal-main__000415_jpg.rf.63b7e0293fb53612fdb4695fa0debfb7,yolo,boots,False,False
snehilsanyal-main__000415_jpg.rf.63b7e0293fb53612fdb4695fa0debfb7,yolo,vest,False,False
snehilsanyal-main__000415_jpg.rf.63b7e0293fb53612fdb4695fa0debfb7,yolo,no-helmet,True,False
snehilsanyal-main__000415_jpg.rf.63b7e0293fb53612fdb4695fa0debfb7,yolo,no-gloves,False,False
snehilsanyal-main__000415_jpg.rf.63b7e0293fb53612fdb4695fa0debfb7,yolo,no-boots,False,False
snehilsanyal-main__000415_jpg.rf.63b7e0293fb53612fdb4695fa0debfb7,yolo,no-vest,True,False
snehilsanyal-main__000415_jpg.rf.63b7e0293fb53612fdb4695fa0debfb7,ollama,person,True,False
snehilsanyal-main__000415_jpg.rf.63b7e0293fb53612fdb4695fa0debfb7,ollama,helmet,True,False
snehilsanyal-main__000415_jpg.rf.63b7e0293fb53612fdb4695fa0debfb7,ollama,gloves,True,False
snehilsanyal-main__000415_jpg.rf.63b7e0293fb53612fdb4695fa0debfb7,ollama,boots,True,False
snehilsanyal-main__000415_jpg.rf.63b7e0293fb53612fdb4695fa0debfb7,ollama,vest,True,False
snehilsanyal-main__000415_jpg.rf.63b7e0293fb53612fdb4695fa0debfb7,ollama,no-helmet,False,False
snehilsanyal-main__000415_jpg.rf.63b7e0293fb53612fdb4695fa0debfb7,ollama,no-gloves,False,False
snehilsanyal-main__000415_jpg.rf.63b7e0293fb53612fdb4695fa0debfb7,ollama,no-boots,False,False
snehilsanyal-main__000415_jpg.rf.63b7e0293fb53612fdb4695fa0debfb7,ollama,no-vest,False,False
snehilsanyal-main__000415_jpg.rf.63b7e0293fb53612fdb4695fa0debfb7,qwen3-vl,person,True,False
snehilsanyal-main__000415_jpg.rf.63b7e0293fb53612fdb4695fa0debfb7,qwen3-vl,helmet,True,False
snehilsanyal-main__000415_jpg.rf.63b7e0293fb53612fdb4695fa0debfb7,qwen3-vl,gloves,True,False
snehilsanyal-main__000415_jpg.rf.63b7e0293fb53612fdb4695fa0debfb7,qwen3-vl,boots,True,False
snehilsanyal-main__000415_jpg.rf.63b7e0293fb53612fdb4695fa0debfb7,qwen3-vl,vest,True,False
snehilsanyal-main__000415_jpg.rf.63b7e0293fb53612fdb4695fa0debfb7,qwen3-vl,no-helmet,False,False
snehilsanyal-main__000415_jpg.rf.63b7e0293fb53612fdb4695fa0debfb7,qwen3-vl,no-gloves,False,False
snehilsanyal-main__000415_jpg.rf.63b7e0293fb53612fdb4695fa0debfb7,qwen3-vl,no-boots,False,False
snehilsanyal-main__000415_jpg.rf.63b7e0293fb53612fdb4695fa0debfb7,qwen3-vl,no-vest,False,False
snehilsanyal-main__000415_jpg.rf.63b7e0293fb53612fdb4695fa0debfb7,gemma4,person,True,False
snehilsanyal-main__000415_jpg.rf.63b7e0293fb53612fdb4695fa0debfb7,gemma4,helmet,True,False
snehilsanyal-main__000415_jpg.rf.63b7e0293fb53612fdb4695fa0debfb7,gemma4,gloves,True,False
snehilsanyal-main__000415_jpg.rf.63b7e0293fb53612fdb4695fa0debfb7,gemma4,boots,True,False
snehilsanyal-main__000415_jpg.rf.63b7e0293fb53612fdb4695fa0debfb7,gemma4,vest,True,False
snehilsanyal-main__000415_jpg.rf.63b7e0293fb53612fdb4695fa0debfb7,gemma4,no-helmet,False,False
snehilsanyal-main__000415_jpg.rf.63b7e0293fb53612fdb4695fa0debfb7,gemma4,no-gloves,False,False
snehilsanyal-main__000415_jpg.rf.63b7e0293fb53612fdb4695fa0debfb7,gemma4,no-boots,False,False
snehilsanyal-main__000415_jpg.rf.63b7e0293fb53612fdb4695fa0debfb7,gemma4,no-vest,False,False
snehilsanyal-main__000415_jpg.rf.63b7e0293fb53612fdb4695fa0debfb7,minicpm-v,person,True,False
snehilsanyal-main__000415_jpg.rf.63b7e0293fb53612fdb4695fa0debfb7,minicpm-v,helmet,False,False
snehilsanyal-main__000415_jpg.rf.63b7e0293fb53612fdb4695fa0debfb7,minicpm-v,gloves,True,False
snehilsanyal-main__000415_jpg.rf.63b7e0293fb53612fdb4695fa0debfb7,minicpm-v,boots,True,False
snehilsanyal-main__000415_jpg.rf.63b7e0293fb53612fdb4695fa0debfb7,minicpm-v,vest,False,False
snehilsanyal-main__000415_jpg.rf.63b7e0293fb53612fdb4695fa0debfb7,minicpm-v,no-helmet,False,False
snehilsanyal-main__000415_jpg.rf.63b7e0293fb53612fdb4695fa0debfb7,minicpm-v,no-gloves,False,False
snehilsanyal-main__000415_jpg.rf.63b7e0293fb53612fdb4695fa0debfb7,minicpm-v,no-boots,False,False
snehilsanyal-main__000415_jpg.rf.63b7e0293fb53612fdb4695fa0debfb7,minicpm-v,no-vest,True,False
snehilsanyal-main__000415_jpg.rf.6b9ff926deef3b67d6cb46c8bd2b2366,yolo,person,True,False
snehilsanyal-main__000415_jpg.rf.6b9ff926deef3b67d6cb46c8bd2b2366,yolo,helmet,False,False
snehilsanyal-main__000415_jpg.rf.6b9ff926deef3b67d6cb46c8bd2b2366,yolo,gloves,False,False
snehilsanyal-main__000415_jpg.rf.6b9ff926deef3b67d6cb46c8bd2b2366,yolo,boots,False,False
snehilsanyal-main__000415_jpg.rf.6b9ff926deef3b67d6cb46c8bd2b2366,yolo,vest,False,False
snehilsanyal-main__000415_jpg.rf.6b9ff926deef3b67d6cb46c8bd2b2366,yolo,no-helmet,False,False
snehilsanyal-main__000415_jpg.rf.6b9ff926deef3b67d6cb46c8bd2b2366,yolo,no-gloves,False,False
snehilsanyal-main__000415_jpg.rf.6b9ff926deef3b67d6cb46c8bd2b2366,yolo,no-boots,False,False
snehilsanyal-main__000415_jpg.rf.6b9ff926deef3b67d6cb46c8bd2b2366,yolo,no-vest,True,False
snehilsanyal-main__000415_jpg.rf.6b9ff926deef3b67d6cb46c8bd2b2366,ollama,person,True,False
snehilsanyal-main__000415_jpg.rf.6b9ff926deef3b67d6cb46c8bd2b2366,ollama,helmet,True,False
snehilsanyal-main__000415_jpg.rf.6b9ff926deef3b67d6cb46c8bd2b2366,ollama,gloves,False,False
snehilsanyal-main__000415_jpg.rf.6b9ff926deef3b67d6cb46c8bd2b2366,ollama,boots,True,False
snehilsanyal-main__000415_jpg.rf.6b9ff926deef3b67d6cb46c8bd2b2366,ollama,vest,True,False
snehilsanyal-main__000415_jpg.rf.6b9ff926deef3b67d6cb46c8bd2b2366,ollama,no-helmet,True,False
snehilsanyal-main__000415_jpg.rf.6b9ff926deef3b67d6cb46c8bd2b2366,ollama,no-gloves,True,False
snehilsanyal-main__000415_jpg.rf.6b9ff926deef3b67d6cb46c8bd2b2366,ollama,no-boots,False,False
snehilsanyal-main__000415_jpg.rf.6b9ff926deef3b67d6cb46c8bd2b2366,ollama,no-vest,False,False
snehilsanyal-main__000415_jpg.rf.6b9ff926deef3b67d6cb46c8bd2b2366,qwen3-vl,person,True,False
snehilsanyal-main__000415_jpg.rf.6b9ff926deef3b67d6cb46c8bd2b2366,qwen3-vl,helmet,False,False
snehilsanyal-main__000415_jpg.rf.6b9ff926deef3b67d6cb46c8bd2b2366,qwen3-vl,gloves,False,False
snehilsanyal-main__000415_jpg.rf.6b9ff926deef3b67d6cb46c8bd2b2366,qwen3-vl,boots,False,False
snehilsanyal-main__000415_jpg.rf.6b9ff926deef3b67d6cb46c8bd2b2366,qwen3-vl,vest,False,False
snehilsanyal-main__000415_jpg.rf.6b9ff926deef3b67d6cb46c8bd2b2366,qwen3-vl,no-helmet,True,False
snehilsanyal-main__000415_jpg.rf.6b9ff926deef3b67d6cb46c8bd2b2366,qwen3-vl,no-gloves,True,False
snehilsanyal-main__000415_jpg.rf.6b9ff926deef3b67d6cb46c8bd2b2366,qwen3-vl,no-boots,True,False
snehilsanyal-main__000415_jpg.rf.6b9ff926deef3b67d6cb46c8bd2b2366,qwen3-vl,no-vest,True,False
snehilsanyal-main__000415_jpg.rf.6b9ff926deef3b67d6cb46c8bd2b2366,gemma4,person,True,False
snehilsanyal-main__000415_jpg.rf.6b9ff926deef3b67d6cb46c8bd2b2366,gemma4,helmet,False,False
snehilsanyal-main__000415_jpg.rf.6b9ff926deef3b67d6cb46c8bd2b2366,gemma4,gloves,True,False
snehilsanyal-main__000415_jpg.rf.6b9ff926deef3b67d6cb46c8bd2b2366,gemma4,boots,True,False
snehilsanyal-main__000415_jpg.rf.6b9ff926deef3b67d6cb46c8bd2b2366,gemma4,vest,False,False
snehilsanyal-main__000415_jpg.rf.6b9ff926deef3b67d6cb46c8bd2b2366,gemma4,no-helmet,True,False
snehilsanyal-main__000415_jpg.rf.6b9ff926deef3b67d6cb46c8bd2b2366,gemma4,no-gloves,False,False
snehilsanyal-main__000415_jpg.rf.6b9ff926deef3b67d6cb46c8bd2b2366,gemma4,no-boots,False,False
snehilsanyal-main__000415_jpg.rf.6b9ff926deef3b67d6cb46c8bd2b2366,gemma4,no-vest,True,False
snehilsanyal-main__000415_jpg.rf.6b9ff926deef3b67d6cb46c8bd2b2366,minicpm-v,person,True,False
snehilsanyal-main__000415_jpg.rf.6b9ff926deef3b67d6cb46c8bd2b2366,minicpm-v,helmet,False,False
snehilsanyal-main__000415_jpg.rf.6b9ff926deef3b67d6cb46c8bd2b2366,minicpm-v,gloves,False,False
snehilsanyal-main__000415_jpg.rf.6b9ff926deef3b67d6cb46c8bd2b2366,minicpm-v,boots,True,False
snehilsanyal-main__000415_jpg.rf.6b9ff926deef3b67d6cb46c8bd2b2366,minicpm-v,vest,False,False
snehilsanyal-main__000415_jpg.rf.6b9ff926deef3b67d6cb46c8bd2b2366,minicpm-v,no-helmet,True,False
snehilsanyal-main__000415_jpg.rf.6b9ff926deef3b67d6cb46c8bd2b2366,minicpm-v,no-gloves,True,False
snehilsanyal-main__000415_jpg.rf.6b9ff926deef3b67d6cb46c8bd2b2366,minicpm-v,no-boots,False,False
snehilsanyal-main__000415_jpg.rf.6b9ff926deef3b67d6cb46c8bd2b2366,minicpm-v,no-vest,True,False
snehilsanyal-main__006012_jpg.rf.2300bacf07c885b49cd596a85e5adda3,yolo,person,True,False
snehilsanyal-main__006012_jpg.rf.2300bacf07c885b49cd596a85e5adda3,yolo,helmet,False,False
snehilsanyal-main__006012_jpg.rf.2300bacf07c885b49cd596a85e5adda3,yolo,gloves,False,False
snehilsanyal-main__006012_jpg.rf.2300bacf07c885b49cd596a85e5adda3,yolo,boots,False,False
snehilsanyal-main__006012_jpg.rf.2300bacf07c885b49cd596a85e5adda3,yolo,vest,False,False
snehilsanyal-main__006012_jpg.rf.2300bacf07c885b49cd596a85e5adda3,yolo,no-helmet,True,False
snehilsanyal-main__006012_jpg.rf.2300bacf07c885b49cd596a85e5adda3,yolo,no-gloves,False,False
snehilsanyal-main__006012_jpg.rf.2300bacf07c885b49cd596a85e5adda3,yolo,no-boots,False,False
snehilsanyal-main__006012_jpg.rf.2300bacf07c885b49cd596a85e5adda3,yolo,no-vest,True,False
snehilsanyal-main__006012_jpg.rf.2300bacf07c885b49cd596a85e5adda3,ollama,person,True,False
snehilsanyal-main__006012_jpg.rf.2300bacf07c885b49cd596a85e5adda3,ollama,helmet,False,False
snehilsanyal-main__006012_jpg.rf.2300bacf07c885b49cd596a85e5adda3,ollama,gloves,True,False
snehilsanyal-main__006012_jpg.rf.2300bacf07c885b49cd596a85e5adda3,ollama,boots,False,False
snehilsanyal-main__006012_jpg.rf.2300bacf07c885b49cd596a85e5adda3,ollama,vest,False,False
snehilsanyal-main__006012_jpg.rf.2300bacf07c885b49cd596a85e5adda3,ollama,no-helmet,False,False
snehilsanyal-main__006012_jpg.rf.2300bacf07c885b49cd596a85e5adda3,ollama,no-gloves,True,False
snehilsanyal-main__006012_jpg.rf.2300bacf07c885b49cd596a85e5adda3,ollama,no-boots,True,False
snehilsanyal-main__006012_jpg.rf.2300bacf07c885b49cd596a85e5adda3,ollama,no-vest,False,False
snehilsanyal-main__006012_jpg.rf.2300bacf07c885b49cd596a85e5adda3,qwen3-vl,person,True,False
snehilsanyal-main__006012_jpg.rf.2300bacf07c885b49cd596a85e5adda3,qwen3-vl,helmet,False,False
snehilsanyal-main__006012_jpg.rf.2300bacf07c885b49cd596a85e5adda3,qwen3-vl,gloves,False,False
snehilsanyal-main__006012_jpg.rf.2300bacf07c885b49cd596a85e5adda3,qwen3-vl,boots,True,False
snehilsanyal-main__006012_jpg.rf.2300bacf07c885b49cd596a85e5adda3,qwen3-vl,vest,False,False
snehilsanyal-main__006012_jpg.rf.2300bacf07c885b49cd596a85e5adda3,qwen3-vl,no-helmet,True,False
snehilsanyal-main__006012_jpg.rf.2300bacf07c885b49cd596a85e5adda3,qwen3-vl,no-gloves,True,False
snehilsanyal-main__006012_jpg.rf.2300bacf07c885b49cd596a85e5adda3,qwen3-vl,no-boots,False,False
snehilsanyal-main__006012_jpg.rf.2300bacf07c885b49cd596a85e5adda3,qwen3-vl,no-vest,False,False
snehilsanyal-main__006012_jpg.rf.2300bacf07c885b49cd596a85e5adda3,gemma4,person,True,False
snehilsanyal-main__006012_jpg.rf.2300bacf07c885b49cd596a85e5adda3,gemma4,helmet,False,False
snehilsanyal-main__006012_jpg.rf.2300bacf07c885b49cd596a85e5adda3,gemma4,gloves,False,False
snehilsanyal-main__006012_jpg.rf.2300bacf07c885b49cd596a85e5adda3,gemma4,boots,True,False
snehilsanyal-main__006012_jpg.rf.2300bacf07c885b49cd596a85e5adda3,gemma4,vest,False,False
snehilsanyal-main__006012_jpg.rf.2300bacf07c885b49cd596a85e5adda3,gemma4,no-helmet,True,False
snehilsanyal-main__006012_jpg.rf.2300bacf07c885b49cd596a85e5adda3,gemma4,no-gloves,True,False
snehilsanyal-main__006012_jpg.rf.2300bacf07c885b49cd596a85e5adda3,gemma4,no-boots,False,False
snehilsanyal-main__006012_jpg.rf.2300bacf07c885b49cd596a85e5adda3,gemma4,no-vest,True,False
snehilsanyal-main__006012_jpg.rf.2300bacf07c885b49cd596a85e5adda3,minicpm-v,person,True,False
snehilsanyal-main__006012_jpg.rf.2300bacf07c885b49cd596a85e5adda3,minicpm-v,helmet,False,False
snehilsanyal-main__006012_jpg.rf.2300bacf07c885b49cd596a85e5adda3,minicpm-v,gloves,False,False
snehilsanyal-main__006012_jpg.rf.2300bacf07c885b49cd596a85e5adda3,minicpm-v,boots,True,False
snehilsanyal-main__006012_jpg.rf.2300bacf07c885b49cd596a85e5adda3,minicpm-v,vest,False,False
snehilsanyal-main__006012_jpg.rf.2300bacf07c885b49cd596a85e5adda3,minicpm-v,no-helmet,True,False
snehilsanyal-main__006012_jpg.rf.2300bacf07c885b49cd596a85e5adda3,minicpm-v,no-gloves,True,False
snehilsanyal-main__006012_jpg.rf.2300bacf07c885b49cd596a85e5adda3,minicpm-v,no-boots,False,False
snehilsanyal-main__006012_jpg.rf.2300bacf07c885b49cd596a85e5adda3,minicpm-v,no-vest,True,False
snehilsanyal-main__135e-huxwryw6451820_jpg.rf.ee9ca43c493a451ed87dcea9c7b3e0c6,yolo,person,True,False
snehilsanyal-main__135e-huxwryw6451820_jpg.rf.ee9ca43c493a451ed87dcea9c7b3e0c6,yolo,helmet,False,False
snehilsanyal-main__135e-huxwryw6451820_jpg.rf.ee9ca43c493a451ed87dcea9c7b3e0c6,yolo,gloves,False,False
snehilsanyal-main__135e-huxwryw6451820_jpg.rf.ee9ca43c493a451ed87dcea9c7b3e0c6,yolo,boots,False,False
snehilsanyal-main__135e-huxwryw6451820_jpg.rf.ee9ca43c493a451ed87dcea9c7b3e0c6,yolo,vest,False,False
snehilsanyal-main__135e-huxwryw6451820_jpg.rf.ee9ca43c493a451ed87dcea9c7b3e0c6,yolo,no-helmet,False,False
snehilsanyal-main__135e-huxwryw6451820_jpg.rf.ee9ca43c493a451ed87dcea9c7b3e0c6,yolo,no-gloves,False,False
snehilsanyal-main__135e-huxwryw6451820_jpg.rf.ee9ca43c493a451ed87dcea9c7b3e0c6,yolo,no-boots,False,False
snehilsanyal-main__135e-huxwryw6451820_jpg.rf.ee9ca43c493a451ed87dcea9c7b3e0c6,yolo,no-vest,True,False
snehilsanyal-main__135e-huxwryw6451820_jpg.rf.ee9ca43c493a451ed87dcea9c7b3e0c6,ollama,person,True,False
snehilsanyal-main__135e-huxwryw6451820_jpg.rf.ee9ca43c493a451ed87dcea9c7b3e0c6,ollama,helmet,True,False
snehilsanyal-main__135e-huxwryw6451820_jpg.rf.ee9ca43c493a451ed87dcea9c7b3e0c6,ollama,gloves,True,False
snehilsanyal-main__135e-huxwryw6451820_jpg.rf.ee9ca43c493a451ed87dcea9c7b3e0c6,ollama,boots,True,False
snehilsanyal-main__135e-huxwryw6451820_jpg.rf.ee9ca43c493a451ed87dcea9c7b3e0c6,ollama,vest,True,False
snehilsanyal-main__135e-huxwryw6451820_jpg.rf.ee9ca43c493a451ed87dcea9c7b3e0c6,ollama,no-helmet,False,False
snehilsanyal-main__135e-huxwryw6451820_jpg.rf.ee9ca43c493a451ed87dcea9c7b3e0c6,ollama,no-gloves,False,False
snehilsanyal-main__135e-huxwryw6451820_jpg.rf.ee9ca43c493a451ed87dcea9c7b3e0c6,ollama,no-boots,False,False
snehilsanyal-main__135e-huxwryw6451820_jpg.rf.ee9ca43c493a451ed87dcea9c7b3e0c6,ollama,no-vest,False,False
snehilsanyal-main__135e-huxwryw6451820_jpg.rf.ee9ca43c493a451ed87dcea9c7b3e0c6,qwen3-vl,person,True,False
snehilsanyal-main__135e-huxwryw6451820_jpg.rf.ee9ca43c493a451ed87dcea9c7b3e0c6,qwen3-vl,helmet,False,False
snehilsanyal-main__135e-huxwryw6451820_jpg.rf.ee9ca43c493a451ed87dcea9c7b3e0c6,qwen3-vl,gloves,False,False
snehilsanyal-main__135e-huxwryw6451820_jpg.rf.ee9ca43c493a451ed87dcea9c7b3e0c6,qwen3-vl,boots,False,False
snehilsanyal-main__135e-huxwryw6451820_jpg.rf.ee9ca43c493a451ed87dcea9c7b3e0c6,qwen3-vl,vest,False,False
snehilsanyal-main__135e-huxwryw6451820_jpg.rf.ee9ca43c493a451ed87dcea9c7b3e0c6,qwen3-vl,no-helmet,False,False
snehilsanyal-main__135e-huxwryw6451820_jpg.rf.ee9ca43c493a451ed87dcea9c7b3e0c6,qwen3-vl,no-gloves,False,False
snehilsanyal-main__135e-huxwryw6451820_jpg.rf.ee9ca43c493a451ed87dcea9c7b3e0c6,qwen3-vl,no-boots,False,False
snehilsanyal-main__135e-huxwryw6451820_jpg.rf.ee9ca43c493a451ed87dcea9c7b3e0c6,qwen3-vl,no-vest,False,False
snehilsanyal-main__135e-huxwryw6451820_jpg.rf.ee9ca43c493a451ed87dcea9c7b3e0c6,gemma4,person,True,False
snehilsanyal-main__135e-huxwryw6451820_jpg.rf.ee9ca43c493a451ed87dcea9c7b3e0c6,gemma4,helmet,True,False
snehilsanyal-main__135e-huxwryw6451820_jpg.rf.ee9ca43c493a451ed87dcea9c7b3e0c6,gemma4,gloves,False,False
snehilsanyal-main__135e-huxwryw6451820_jpg.rf.ee9ca43c493a451ed87dcea9c7b3e0c6,gemma4,boots,True,False
snehilsanyal-main__135e-huxwryw6451820_jpg.rf.ee9ca43c493a451ed87dcea9c7b3e0c6,gemma4,vest,True,False
snehilsanyal-main__135e-huxwryw6451820_jpg.rf.ee9ca43c493a451ed87dcea9c7b3e0c6,gemma4,no-helmet,False,False
snehilsanyal-main__135e-huxwryw6451820_jpg.rf.ee9ca43c493a451ed87dcea9c7b3e0c6,gemma4,no-gloves,True,False
snehilsanyal-main__135e-huxwryw6451820_jpg.rf.ee9ca43c493a451ed87dcea9c7b3e0c6,gemma4,no-boots,False,False
snehilsanyal-main__135e-huxwryw6451820_jpg.rf.ee9ca43c493a451ed87dcea9c7b3e0c6,gemma4,no-vest,False,False
snehilsanyal-main__135e-huxwryw6451820_jpg.rf.ee9ca43c493a451ed87dcea9c7b3e0c6,minicpm-v,person,True,False
snehilsanyal-main__135e-huxwryw6451820_jpg.rf.ee9ca43c493a451ed87dcea9c7b3e0c6,minicpm-v,helmet,False,False
snehilsanyal-main__135e-huxwryw6451820_jpg.rf.ee9ca43c493a451ed87dcea9c7b3e0c6,minicpm-v,gloves,False,False
snehilsanyal-main__135e-huxwryw6451820_jpg.rf.ee9ca43c493a451ed87dcea9c7b3e0c6,minicpm-v,boots,False,False
snehilsanyal-main__135e-huxwryw6451820_jpg.rf.ee9ca43c493a451ed87dcea9c7b3e0c6,minicpm-v,vest,False,False
snehilsanyal-main__135e-huxwryw6451820_jpg.rf.ee9ca43c493a451ed87dcea9c7b3e0c6,minicpm-v,no-helmet,True,False
snehilsanyal-main__135e-huxwryw6451820_jpg.rf.ee9ca43c493a451ed87dcea9c7b3e0c6,minicpm-v,no-gloves,True,False
snehilsanyal-main__135e-huxwryw6451820_jpg.rf.ee9ca43c493a451ed87dcea9c7b3e0c6,minicpm-v,no-boots,True,False
snehilsanyal-main__135e-huxwryw6451820_jpg.rf.ee9ca43c493a451ed87dcea9c7b3e0c6,minicpm-v,no-vest,True,False
snehilsanyal-main__2008_008526_jpg.rf.b9241d674aac7899827bcc5db9486bdc,yolo,person,True,False
snehilsanyal-main__2008_008526_jpg.rf.b9241d674aac7899827bcc5db9486bdc,yolo,helmet,False,False
snehilsanyal-main__2008_008526_jpg.rf.b9241d674aac7899827bcc5db9486bdc,yolo,gloves,False,False
snehilsanyal-main__2008_008526_jpg.rf.b9241d674aac7899827bcc5db9486bdc,yolo,boots,False,False
snehilsanyal-main__2008_008526_jpg.rf.b9241d674aac7899827bcc5db9486bdc,yolo,vest,False,False
snehilsanyal-main__2008_008526_jpg.rf.b9241d674aac7899827bcc5db9486bdc,yolo,no-helmet,True,False
snehilsanyal-main__2008_008526_jpg.rf.b9241d674aac7899827bcc5db9486bdc,yolo,no-gloves,False,False
snehilsanyal-main__2008_008526_jpg.rf.b9241d674aac7899827bcc5db9486bdc,yolo,no-boots,False,False
snehilsanyal-main__2008_008526_jpg.rf.b9241d674aac7899827bcc5db9486bdc,yolo,no-vest,True,False
snehilsanyal-main__2008_008526_jpg.rf.b9241d674aac7899827bcc5db9486bdc,ollama,person,True,False
snehilsanyal-main__2008_008526_jpg.rf.b9241d674aac7899827bcc5db9486bdc,ollama,helmet,False,False
snehilsanyal-main__2008_008526_jpg.rf.b9241d674aac7899827bcc5db9486bdc,ollama,gloves,False,False
snehilsanyal-main__2008_008526_jpg.rf.b9241d674aac7899827bcc5db9486bdc,ollama,boots,False,False
snehilsanyal-main__2008_008526_jpg.rf.b9241d674aac7899827bcc5db9486bdc,ollama,vest,False,False
snehilsanyal-main__2008_008526_jpg.rf.b9241d674aac7899827bcc5db9486bdc,ollama,no-helmet,True,False
snehilsanyal-main__2008_008526_jpg.rf.b9241d674aac7899827bcc5db9486bdc,ollama,no-gloves,False,False
snehilsanyal-main__2008_008526_jpg.rf.b9241d674aac7899827bcc5db9486bdc,ollama,no-boots,True,False
snehilsanyal-main__2008_008526_jpg.rf.b9241d674aac7899827bcc5db9486bdc,ollama,no-vest,True,False
snehilsanyal-main__2008_008526_jpg.rf.b9241d674aac7899827bcc5db9486bdc,qwen3-vl,person,True,False
snehilsanyal-main__2008_008526_jpg.rf.b9241d674aac7899827bcc5db9486bdc,qwen3-vl,helmet,False,False
snehilsanyal-main__2008_008526_jpg.rf.b9241d674aac7899827bcc5db9486bdc,qwen3-vl,gloves,False,False
snehilsanyal-main__2008_008526_jpg.rf.b9241d674aac7899827bcc5db9486bdc,qwen3-vl,boots,False,False
snehilsanyal-main__2008_008526_jpg.rf.b9241d674aac7899827bcc5db9486bdc,qwen3-vl,vest,False,False
snehilsanyal-main__2008_008526_jpg.rf.b9241d674aac7899827bcc5db9486bdc,qwen3-vl,no-helmet,True,False
snehilsanyal-main__2008_008526_jpg.rf.b9241d674aac7899827bcc5db9486bdc,qwen3-vl,no-gloves,True,False
snehilsanyal-main__2008_008526_jpg.rf.b9241d674aac7899827bcc5db9486bdc,qwen3-vl,no-boots,True,False
snehilsanyal-main__2008_008526_jpg.rf.b9241d674aac7899827bcc5db9486bdc,qwen3-vl,no-vest,True,False
snehilsanyal-main__2008_008526_jpg.rf.b9241d674aac7899827bcc5db9486bdc,gemma4,person,True,False
snehilsanyal-main__2008_008526_jpg.rf.b9241d674aac7899827bcc5db9486bdc,gemma4,helmet,False,False
snehilsanyal-main__2008_008526_jpg.rf.b9241d674aac7899827bcc5db9486bdc,gemma4,gloves,False,False
snehilsanyal-main__2008_008526_jpg.rf.b9241d674aac7899827bcc5db9486bdc,gemma4,boots,False,False
snehilsanyal-main__2008_008526_jpg.rf.b9241d674aac7899827bcc5db9486bdc,gemma4,vest,False,False
snehilsanyal-main__2008_008526_jpg.rf.b9241d674aac7899827bcc5db9486bdc,gemma4,no-helmet,True,False
snehilsanyal-main__2008_008526_jpg.rf.b9241d674aac7899827bcc5db9486bdc,gemma4,no-gloves,True,False
snehilsanyal-main__2008_008526_jpg.rf.b9241d674aac7899827bcc5db9486bdc,gemma4,no-boots,True,False
snehilsanyal-main__2008_008526_jpg.rf.b9241d674aac7899827bcc5db9486bdc,gemma4,no-vest,True,False
snehilsanyal-main__2008_008526_jpg.rf.b9241d674aac7899827bcc5db9486bdc,minicpm-v,person,True,False
snehilsanyal-main__2008_008526_jpg.rf.b9241d674aac7899827bcc5db9486bdc,minicpm-v,helmet,True,False
snehilsanyal-main__2008_008526_jpg.rf.b9241d674aac7899827bcc5db9486bdc,minicpm-v,gloves,True,False
snehilsanyal-main__2008_008526_jpg.rf.b9241d674aac7899827bcc5db9486bdc,minicpm-v,boots,True,False
snehilsanyal-main__2008_008526_jpg.rf.b9241d674aac7899827bcc5db9486bdc,minicpm-v,vest,True,False
snehilsanyal-main__2008_008526_jpg.rf.b9241d674aac7899827bcc5db9486bdc,minicpm-v,no-helmet,False,False
snehilsanyal-main__2008_008526_jpg.rf.b9241d674aac7899827bcc5db9486bdc,minicpm-v,no-gloves,False,False
snehilsanyal-main__2008_008526_jpg.rf.b9241d674aac7899827bcc5db9486bdc,minicpm-v,no-boots,False,False
snehilsanyal-main__2008_008526_jpg.rf.b9241d674aac7899827bcc5db9486bdc,minicpm-v,no-vest,False,False
snehilsanyal-main__IMG_0871_mp4-24_jpg.rf.f9e7803a7755260449de41f00a63c0a0,yolo,person,True,False
snehilsanyal-main__IMG_0871_mp4-24_jpg.rf.f9e7803a7755260449de41f00a63c0a0,yolo,helmet,False,False
snehilsanyal-main__IMG_0871_mp4-24_jpg.rf.f9e7803a7755260449de41f00a63c0a0,yolo,gloves,False,False
snehilsanyal-main__IMG_0871_mp4-24_jpg.rf.f9e7803a7755260449de41f00a63c0a0,yolo,boots,False,False
snehilsanyal-main__IMG_0871_mp4-24_jpg.rf.f9e7803a7755260449de41f00a63c0a0,yolo,vest,False,False
snehilsanyal-main__IMG_0871_mp4-24_jpg.rf.f9e7803a7755260449de41f00a63c0a0,yolo,no-helmet,True,False
snehilsanyal-main__IMG_0871_mp4-24_jpg.rf.f9e7803a7755260449de41f00a63c0a0,yolo,no-gloves,False,False
snehilsanyal-main__IMG_0871_mp4-24_jpg.rf.f9e7803a7755260449de41f00a63c0a0,yolo,no-boots,False,False
snehilsanyal-main__IMG_0871_mp4-24_jpg.rf.f9e7803a7755260449de41f00a63c0a0,yolo,no-vest,True,False
snehilsanyal-main__IMG_0871_mp4-24_jpg.rf.f9e7803a7755260449de41f00a63c0a0,ollama,person,True,False
snehilsanyal-main__IMG_0871_mp4-24_jpg.rf.f9e7803a7755260449de41f00a63c0a0,ollama,helmet,True,False
snehilsanyal-main__IMG_0871_mp4-24_jpg.rf.f9e7803a7755260449de41f00a63c0a0,ollama,gloves,False,False
snehilsanyal-main__IMG_0871_mp4-24_jpg.rf.f9e7803a7755260449de41f00a63c0a0,ollama,boots,False,False
snehilsanyal-main__IMG_0871_mp4-24_jpg.rf.f9e7803a7755260449de41f00a63c0a0,ollama,vest,False,False
snehilsanyal-main__IMG_0871_mp4-24_jpg.rf.f9e7803a7755260449de41f00a63c0a0,ollama,no-helmet,True,False
snehilsanyal-main__IMG_0871_mp4-24_jpg.rf.f9e7803a7755260449de41f00a63c0a0,ollama,no-gloves,True,False
snehilsanyal-main__IMG_0871_mp4-24_jpg.rf.f9e7803a7755260449de41f00a63c0a0,ollama,no-boots,True,False
snehilsanyal-main__IMG_0871_mp4-24_jpg.rf.f9e7803a7755260449de41f00a63c0a0,ollama,no-vest,True,False
snehilsanyal-main__IMG_0871_mp4-24_jpg.rf.f9e7803a7755260449de41f00a63c0a0,qwen3-vl,person,True,False
snehilsanyal-main__IMG_0871_mp4-24_jpg.rf.f9e7803a7755260449de41f00a63c0a0,qwen3-vl,helmet,False,False
snehilsanyal-main__IMG_0871_mp4-24_jpg.rf.f9e7803a7755260449de41f00a63c0a0,qwen3-vl,gloves,False,False
snehilsanyal-main__IMG_0871_mp4-24_jpg.rf.f9e7803a7755260449de41f00a63c0a0,qwen3-vl,boots,False,False
snehilsanyal-main__IMG_0871_mp4-24_jpg.rf.f9e7803a7755260449de41f00a63c0a0,qwen3-vl,vest,False,False
snehilsanyal-main__IMG_0871_mp4-24_jpg.rf.f9e7803a7755260449de41f00a63c0a0,qwen3-vl,no-helmet,True,False
snehilsanyal-main__IMG_0871_mp4-24_jpg.rf.f9e7803a7755260449de41f00a63c0a0,qwen3-vl,no-gloves,True,False
snehilsanyal-main__IMG_0871_mp4-24_jpg.rf.f9e7803a7755260449de41f00a63c0a0,qwen3-vl,no-boots,True,False
snehilsanyal-main__IMG_0871_mp4-24_jpg.rf.f9e7803a7755260449de41f00a63c0a0,qwen3-vl,no-vest,True,False
snehilsanyal-main__IMG_0871_mp4-24_jpg.rf.f9e7803a7755260449de41f00a63c0a0,gemma4,person,True,False
snehilsanyal-main__IMG_0871_mp4-24_jpg.rf.f9e7803a7755260449de41f00a63c0a0,gemma4,helmet,True,False
snehilsanyal-main__IMG_0871_mp4-24_jpg.rf.f9e7803a7755260449de41f00a63c0a0,gemma4,gloves,True,False
snehilsanyal-main__IMG_0871_mp4-24_jpg.rf.f9e7803a7755260449de41f00a63c0a0,gemma4,boots,True,False
snehilsanyal-main__IMG_0871_mp4-24_jpg.rf.f9e7803a7755260449de41f00a63c0a0,gemma4,vest,True,False
snehilsanyal-main__IMG_0871_mp4-24_jpg.rf.f9e7803a7755260449de41f00a63c0a0,gemma4,no-helmet,False,False
snehilsanyal-main__IMG_0871_mp4-24_jpg.rf.f9e7803a7755260449de41f00a63c0a0,gemma4,no-gloves,False,False
snehilsanyal-main__IMG_0871_mp4-24_jpg.rf.f9e7803a7755260449de41f00a63c0a0,gemma4,no-boots,False,False
snehilsanyal-main__IMG_0871_mp4-24_jpg.rf.f9e7803a7755260449de41f00a63c0a0,gemma4,no-vest,False,False
snehilsanyal-main__IMG_0871_mp4-24_jpg.rf.f9e7803a7755260449de41f00a63c0a0,minicpm-v,person,True,False
snehilsanyal-main__IMG_0871_mp4-24_jpg.rf.f9e7803a7755260449de41f00a63c0a0,minicpm-v,helmet,True,False
snehilsanyal-main__IMG_0871_mp4-24_jpg.rf.f9e7803a7755260449de41f00a63c0a0,minicpm-v,gloves,False,False
snehilsanyal-main__IMG_0871_mp4-24_jpg.rf.f9e7803a7755260449de41f00a63c0a0,minicpm-v,boots,True,False
snehilsanyal-main__IMG_0871_mp4-24_jpg.rf.f9e7803a7755260449de41f00a63c0a0,minicpm-v,vest,True,False
snehilsanyal-main__IMG_0871_mp4-24_jpg.rf.f9e7803a7755260449de41f00a63c0a0,minicpm-v,no-helmet,False,False
snehilsanyal-main__IMG_0871_mp4-24_jpg.rf.f9e7803a7755260449de41f00a63c0a0,minicpm-v,no-gloves,True,False
snehilsanyal-main__IMG_0871_mp4-24_jpg.rf.f9e7803a7755260449de41f00a63c0a0,minicpm-v,no-boots,False,False
snehilsanyal-main__IMG_0871_mp4-24_jpg.rf.f9e7803a7755260449de41f00a63c0a0,minicpm-v,no-vest,False,False
snehilsanyal-main__IMG_5024_mp4-2_jpg.rf.f14476eee4096607def4cd1f1883ca5d,yolo,person,True,False
snehilsanyal-main__IMG_5024_mp4-2_jpg.rf.f14476eee4096607def4cd1f1883ca5d,yolo,helmet,False,False
snehilsanyal-main__IMG_5024_mp4-2_jpg.rf.f14476eee4096607def4cd1f1883ca5d,yolo,gloves,False,False
snehilsanyal-main__IMG_5024_mp4-2_jpg.rf.f14476eee4096607def4cd1f1883ca5d,yolo,boots,False,False
snehilsanyal-main__IMG_5024_mp4-2_jpg.rf.f14476eee4096607def4cd1f1883ca5d,yolo,vest,True,False
snehilsanyal-main__IMG_5024_mp4-2_jpg.rf.f14476eee4096607def4cd1f1883ca5d,yolo,no-helmet,True,False
snehilsanyal-main__IMG_5024_mp4-2_jpg.rf.f14476eee4096607def4cd1f1883ca5d,yolo,no-gloves,False,False
snehilsanyal-main__IMG_5024_mp4-2_jpg.rf.f14476eee4096607def4cd1f1883ca5d,yolo,no-boots,False,False
snehilsanyal-main__IMG_5024_mp4-2_jpg.rf.f14476eee4096607def4cd1f1883ca5d,yolo,no-vest,False,False
snehilsanyal-main__IMG_5024_mp4-2_jpg.rf.f14476eee4096607def4cd1f1883ca5d,ollama,person,True,False
snehilsanyal-main__IMG_5024_mp4-2_jpg.rf.f14476eee4096607def4cd1f1883ca5d,ollama,helmet,True,False
snehilsanyal-main__IMG_5024_mp4-2_jpg.rf.f14476eee4096607def4cd1f1883ca5d,ollama,gloves,False,False
snehilsanyal-main__IMG_5024_mp4-2_jpg.rf.f14476eee4096607def4cd1f1883ca5d,ollama,boots,True,False
snehilsanyal-main__IMG_5024_mp4-2_jpg.rf.f14476eee4096607def4cd1f1883ca5d,ollama,vest,True,False
snehilsanyal-main__IMG_5024_mp4-2_jpg.rf.f14476eee4096607def4cd1f1883ca5d,ollama,no-helmet,False,False
snehilsanyal-main__IMG_5024_mp4-2_jpg.rf.f14476eee4096607def4cd1f1883ca5d,ollama,no-gloves,False,False
snehilsanyal-main__IMG_5024_mp4-2_jpg.rf.f14476eee4096607def4cd1f1883ca5d,ollama,no-boots,False,False
snehilsanyal-main__IMG_5024_mp4-2_jpg.rf.f14476eee4096607def4cd1f1883ca5d,ollama,no-vest,False,False
snehilsanyal-main__IMG_5024_mp4-2_jpg.rf.f14476eee4096607def4cd1f1883ca5d,qwen3-vl,person,True,False
snehilsanyal-main__IMG_5024_mp4-2_jpg.rf.f14476eee4096607def4cd1f1883ca5d,qwen3-vl,helmet,False,False
snehilsanyal-main__IMG_5024_mp4-2_jpg.rf.f14476eee4096607def4cd1f1883ca5d,qwen3-vl,gloves,False,False
snehilsanyal-main__IMG_5024_mp4-2_jpg.rf.f14476eee4096607def4cd1f1883ca5d,qwen3-vl,boots,True,False
snehilsanyal-main__IMG_5024_mp4-2_jpg.rf.f14476eee4096607def4cd1f1883ca5d,qwen3-vl,vest,True,False
snehilsanyal-main__IMG_5024_mp4-2_jpg.rf.f14476eee4096607def4cd1f1883ca5d,qwen3-vl,no-helmet,False,False
snehilsanyal-main__IMG_5024_mp4-2_jpg.rf.f14476eee4096607def4cd1f1883ca5d,qwen3-vl,no-gloves,True,False
snehilsanyal-main__IMG_5024_mp4-2_jpg.rf.f14476eee4096607def4cd1f1883ca5d,qwen3-vl,no-boots,False,False
snehilsanyal-main__IMG_5024_mp4-2_jpg.rf.f14476eee4096607def4cd1f1883ca5d,qwen3-vl,no-vest,False,False
snehilsanyal-main__IMG_5024_mp4-2_jpg.rf.f14476eee4096607def4cd1f1883ca5d,gemma4,person,True,False
snehilsanyal-main__IMG_5024_mp4-2_jpg.rf.f14476eee4096607def4cd1f1883ca5d,gemma4,helmet,False,False
snehilsanyal-main__IMG_5024_mp4-2_jpg.rf.f14476eee4096607def4cd1f1883ca5d,gemma4,gloves,False,False
snehilsanyal-main__IMG_5024_mp4-2_jpg.rf.f14476eee4096607def4cd1f1883ca5d,gemma4,boots,True,False
snehilsanyal-main__IMG_5024_mp4-2_jpg.rf.f14476eee4096607def4cd1f1883ca5d,gemma4,vest,True,False
snehilsanyal-main__IMG_5024_mp4-2_jpg.rf.f14476eee4096607def4cd1f1883ca5d,gemma4,no-helmet,True,False
snehilsanyal-main__IMG_5024_mp4-2_jpg.rf.f14476eee4096607def4cd1f1883ca5d,gemma4,no-gloves,False,False
snehilsanyal-main__IMG_5024_mp4-2_jpg.rf.f14476eee4096607def4cd1f1883ca5d,gemma4,no-boots,False,False
snehilsanyal-main__IMG_5024_mp4-2_jpg.rf.f14476eee4096607def4cd1f1883ca5d,gemma4,no-vest,False,False
snehilsanyal-main__IMG_5024_mp4-2_jpg.rf.f14476eee4096607def4cd1f1883ca5d,minicpm-v,person,True,False
snehilsanyal-main__IMG_5024_mp4-2_jpg.rf.f14476eee4096607def4cd1f1883ca5d,minicpm-v,helmet,False,False
snehilsanyal-main__IMG_5024_mp4-2_jpg.rf.f14476eee4096607def4cd1f1883ca5d,minicpm-v,gloves,True,False
snehilsanyal-main__IMG_5024_mp4-2_jpg.rf.f14476eee4096607def4cd1f1883ca5d,minicpm-v,boots,True,False
snehilsanyal-main__IMG_5024_mp4-2_jpg.rf.f14476eee4096607def4cd1f1883ca5d,minicpm-v,vest,True,False
snehilsanyal-main__IMG_5024_mp4-2_jpg.rf.f14476eee4096607def4cd1f1883ca5d,minicpm-v,no-helmet,False,False
snehilsanyal-main__IMG_5024_mp4-2_jpg.rf.f14476eee4096607def4cd1f1883ca5d,minicpm-v,no-gloves,False,False
snehilsanyal-main__IMG_5024_mp4-2_jpg.rf.f14476eee4096607def4cd1f1883ca5d,minicpm-v,no-boots,False,False
snehilsanyal-main__IMG_5024_mp4-2_jpg.rf.f14476eee4096607def4cd1f1883ca5d,minicpm-v,no-vest,False,False
snehilsanyal-main__IMG_5024_mp4-4_jpg.rf.02dc33f0f0ffc6b8eab4a796f01b3e79,yolo,person,True,False
snehilsanyal-main__IMG_5024_mp4-4_jpg.rf.02dc33f0f0ffc6b8eab4a796f01b3e79,yolo,helmet,False,False
snehilsanyal-main__IMG_5024_mp4-4_jpg.rf.02dc33f0f0ffc6b8eab4a796f01b3e79,yolo,gloves,False,False
snehilsanyal-main__IMG_5024_mp4-4_jpg.rf.02dc33f0f0ffc6b8eab4a796f01b3e79,yolo,boots,False,False
snehilsanyal-main__IMG_5024_mp4-4_jpg.rf.02dc33f0f0ffc6b8eab4a796f01b3e79,yolo,vest,False,False
snehilsanyal-main__IMG_5024_mp4-4_jpg.rf.02dc33f0f0ffc6b8eab4a796f01b3e79,yolo,no-helmet,False,False
snehilsanyal-main__IMG_5024_mp4-4_jpg.rf.02dc33f0f0ffc6b8eab4a796f01b3e79,yolo,no-gloves,False,False
snehilsanyal-main__IMG_5024_mp4-4_jpg.rf.02dc33f0f0ffc6b8eab4a796f01b3e79,yolo,no-boots,False,False
snehilsanyal-main__IMG_5024_mp4-4_jpg.rf.02dc33f0f0ffc6b8eab4a796f01b3e79,yolo,no-vest,True,False
snehilsanyal-main__IMG_5024_mp4-4_jpg.rf.02dc33f0f0ffc6b8eab4a796f01b3e79,ollama,person,True,False
snehilsanyal-main__IMG_5024_mp4-4_jpg.rf.02dc33f0f0ffc6b8eab4a796f01b3e79,ollama,helmet,True,False
snehilsanyal-main__IMG_5024_mp4-4_jpg.rf.02dc33f0f0ffc6b8eab4a796f01b3e79,ollama,gloves,False,False
snehilsanyal-main__IMG_5024_mp4-4_jpg.rf.02dc33f0f0ffc6b8eab4a796f01b3e79,ollama,boots,False,False
snehilsanyal-main__IMG_5024_mp4-4_jpg.rf.02dc33f0f0ffc6b8eab4a796f01b3e79,ollama,vest,True,False
snehilsanyal-main__IMG_5024_mp4-4_jpg.rf.02dc33f0f0ffc6b8eab4a796f01b3e79,ollama,no-helmet,False,False
snehilsanyal-main__IMG_5024_mp4-4_jpg.rf.02dc33f0f0ffc6b8eab4a796f01b3e79,ollama,no-gloves,True,False
snehilsanyal-main__IMG_5024_mp4-4_jpg.rf.02dc33f0f0ffc6b8eab4a796f01b3e79,ollama,no-boots,True,False
snehilsanyal-main__IMG_5024_mp4-4_jpg.rf.02dc33f0f0ffc6b8eab4a796f01b3e79,ollama,no-vest,False,False
snehilsanyal-main__IMG_5024_mp4-4_jpg.rf.02dc33f0f0ffc6b8eab4a796f01b3e79,qwen3-vl,person,True,False
snehilsanyal-main__IMG_5024_mp4-4_jpg.rf.02dc33f0f0ffc6b8eab4a796f01b3e79,qwen3-vl,helmet,False,False
snehilsanyal-main__IMG_5024_mp4-4_jpg.rf.02dc33f0f0ffc6b8eab4a796f01b3e79,qwen3-vl,gloves,False,False
snehilsanyal-main__IMG_5024_mp4-4_jpg.rf.02dc33f0f0ffc6b8eab4a796f01b3e79,qwen3-vl,boots,False,False
snehilsanyal-main__IMG_5024_mp4-4_jpg.rf.02dc33f0f0ffc6b8eab4a796f01b3e79,qwen3-vl,vest,False,False
snehilsanyal-main__IMG_5024_mp4-4_jpg.rf.02dc33f0f0ffc6b8eab4a796f01b3e79,qwen3-vl,no-helmet,True,False
snehilsanyal-main__IMG_5024_mp4-4_jpg.rf.02dc33f0f0ffc6b8eab4a796f01b3e79,qwen3-vl,no-gloves,False,False
snehilsanyal-main__IMG_5024_mp4-4_jpg.rf.02dc33f0f0ffc6b8eab4a796f01b3e79,qwen3-vl,no-boots,False,False
snehilsanyal-main__IMG_5024_mp4-4_jpg.rf.02dc33f0f0ffc6b8eab4a796f01b3e79,qwen3-vl,no-vest,False,False
snehilsanyal-main__IMG_5024_mp4-4_jpg.rf.02dc33f0f0ffc6b8eab4a796f01b3e79,gemma4,person,True,False
snehilsanyal-main__IMG_5024_mp4-4_jpg.rf.02dc33f0f0ffc6b8eab4a796f01b3e79,gemma4,helmet,False,False
snehilsanyal-main__IMG_5024_mp4-4_jpg.rf.02dc33f0f0ffc6b8eab4a796f01b3e79,gemma4,gloves,False,False
snehilsanyal-main__IMG_5024_mp4-4_jpg.rf.02dc33f0f0ffc6b8eab4a796f01b3e79,gemma4,boots,False,False
snehilsanyal-main__IMG_5024_mp4-4_jpg.rf.02dc33f0f0ffc6b8eab4a796f01b3e79,gemma4,vest,False,False
snehilsanyal-main__IMG_5024_mp4-4_jpg.rf.02dc33f0f0ffc6b8eab4a796f01b3e79,gemma4,no-helmet,True,False
snehilsanyal-main__IMG_5024_mp4-4_jpg.rf.02dc33f0f0ffc6b8eab4a796f01b3e79,gemma4,no-gloves,True,False
snehilsanyal-main__IMG_5024_mp4-4_jpg.rf.02dc33f0f0ffc6b8eab4a796f01b3e79,gemma4,no-boots,True,False
snehilsanyal-main__IMG_5024_mp4-4_jpg.rf.02dc33f0f0ffc6b8eab4a796f01b3e79,gemma4,no-vest,True,False
snehilsanyal-main__IMG_5024_mp4-4_jpg.rf.02dc33f0f0ffc6b8eab4a796f01b3e79,minicpm-v,person,True,False
snehilsanyal-main__IMG_5024_mp4-4_jpg.rf.02dc33f0f0ffc6b8eab4a796f01b3e79,minicpm-v,helmet,False,False
snehilsanyal-main__IMG_5024_mp4-4_jpg.rf.02dc33f0f0ffc6b8eab4a796f01b3e79,minicpm-v,gloves,False,False
snehilsanyal-main__IMG_5024_mp4-4_jpg.rf.02dc33f0f0ffc6b8eab4a796f01b3e79,minicpm-v,boots,False,False
snehilsanyal-main__IMG_5024_mp4-4_jpg.rf.02dc33f0f0ffc6b8eab4a796f01b3e79,minicpm-v,vest,False,False
snehilsanyal-main__IMG_5024_mp4-4_jpg.rf.02dc33f0f0ffc6b8eab4a796f01b3e79,minicpm-v,no-helmet,True,False
snehilsanyal-main__IMG_5024_mp4-4_jpg.rf.02dc33f0f0ffc6b8eab4a796f01b3e79,minicpm-v,no-gloves,True,False
snehilsanyal-main__IMG_5024_mp4-4_jpg.rf.02dc33f0f0ffc6b8eab4a796f01b3e79,minicpm-v,no-boots,True,False
snehilsanyal-main__IMG_5024_mp4-4_jpg.rf.02dc33f0f0ffc6b8eab4a796f01b3e79,minicpm-v,no-vest,True,False
snehilsanyal-main__IMG_9949-1-_mp4-6_jpg.rf.a680f2403994b4c82fa353a5bd97e81c,yolo,person,True,False
snehilsanyal-main__IMG_9949-1-_mp4-6_jpg.rf.a680f2403994b4c82fa353a5bd97e81c,yolo,helmet,True,False
snehilsanyal-main__IMG_9949-1-_mp4-6_jpg.rf.a680f2403994b4c82fa353a5bd97e81c,yolo,gloves,False,False
snehilsanyal-main__IMG_9949-1-_mp4-6_jpg.rf.a680f2403994b4c82fa353a5bd97e81c,yolo,boots,False,False
snehilsanyal-main__IMG_9949-1-_mp4-6_jpg.rf.a680f2403994b4c82fa353a5bd97e81c,yolo,vest,False,False
snehilsanyal-main__IMG_9949-1-_mp4-6_jpg.rf.a680f2403994b4c82fa353a5bd97e81c,yolo,no-helmet,False,False
snehilsanyal-main__IMG_9949-1-_mp4-6_jpg.rf.a680f2403994b4c82fa353a5bd97e81c,yolo,no-gloves,False,False
snehilsanyal-main__IMG_9949-1-_mp4-6_jpg.rf.a680f2403994b4c82fa353a5bd97e81c,yolo,no-boots,False,False
snehilsanyal-main__IMG_9949-1-_mp4-6_jpg.rf.a680f2403994b4c82fa353a5bd97e81c,yolo,no-vest,True,False
snehilsanyal-main__IMG_9949-1-_mp4-6_jpg.rf.a680f2403994b4c82fa353a5bd97e81c,ollama,person,True,False
snehilsanyal-main__IMG_9949-1-_mp4-6_jpg.rf.a680f2403994b4c82fa353a5bd97e81c,ollama,helmet,False,False
snehilsanyal-main__IMG_9949-1-_mp4-6_jpg.rf.a680f2403994b4c82fa353a5bd97e81c,ollama,gloves,False,False
snehilsanyal-main__IMG_9949-1-_mp4-6_jpg.rf.a680f2403994b4c82fa353a5bd97e81c,ollama,boots,False,False
snehilsanyal-main__IMG_9949-1-_mp4-6_jpg.rf.a680f2403994b4c82fa353a5bd97e81c,ollama,vest,False,False
snehilsanyal-main__IMG_9949-1-_mp4-6_jpg.rf.a680f2403994b4c82fa353a5bd97e81c,ollama,no-helmet,True,False
snehilsanyal-main__IMG_9949-1-_mp4-6_jpg.rf.a680f2403994b4c82fa353a5bd97e81c,ollama,no-gloves,True,False
snehilsanyal-main__IMG_9949-1-_mp4-6_jpg.rf.a680f2403994b4c82fa353a5bd97e81c,ollama,no-boots,True,False
snehilsanyal-main__IMG_9949-1-_mp4-6_jpg.rf.a680f2403994b4c82fa353a5bd97e81c,ollama,no-vest,True,False
snehilsanyal-main__IMG_9949-1-_mp4-6_jpg.rf.a680f2403994b4c82fa353a5bd97e81c,qwen3-vl,person,True,False
snehilsanyal-main__IMG_9949-1-_mp4-6_jpg.rf.a680f2403994b4c82fa353a5bd97e81c,qwen3-vl,helmet,False,False
snehilsanyal-main__IMG_9949-1-_mp4-6_jpg.rf.a680f2403994b4c82fa353a5bd97e81c,qwen3-vl,gloves,True,False
snehilsanyal-main__IMG_9949-1-_mp4-6_jpg.rf.a680f2403994b4c82fa353a5bd97e81c,qwen3-vl,boots,True,False
snehilsanyal-main__IMG_9949-1-_mp4-6_jpg.rf.a680f2403994b4c82fa353a5bd97e81c,qwen3-vl,vest,False,False
snehilsanyal-main__IMG_9949-1-_mp4-6_jpg.rf.a680f2403994b4c82fa353a5bd97e81c,qwen3-vl,no-helmet,False,False
snehilsanyal-main__IMG_9949-1-_mp4-6_jpg.rf.a680f2403994b4c82fa353a5bd97e81c,qwen3-vl,no-gloves,False,False
snehilsanyal-main__IMG_9949-1-_mp4-6_jpg.rf.a680f2403994b4c82fa353a5bd97e81c,qwen3-vl,no-boots,False,False
snehilsanyal-main__IMG_9949-1-_mp4-6_jpg.rf.a680f2403994b4c82fa353a5bd97e81c,qwen3-vl,no-vest,False,False
snehilsanyal-main__IMG_9949-1-_mp4-6_jpg.rf.a680f2403994b4c82fa353a5bd97e81c,gemma4,person,True,False
snehilsanyal-main__IMG_9949-1-_mp4-6_jpg.rf.a680f2403994b4c82fa353a5bd97e81c,gemma4,helmet,True,False
snehilsanyal-main__IMG_9949-1-_mp4-6_jpg.rf.a680f2403994b4c82fa353a5bd97e81c,gemma4,gloves,True,False
snehilsanyal-main__IMG_9949-1-_mp4-6_jpg.rf.a680f2403994b4c82fa353a5bd97e81c,gemma4,boots,True,False
snehilsanyal-main__IMG_9949-1-_mp4-6_jpg.rf.a680f2403994b4c82fa353a5bd97e81c,gemma4,vest,True,False
snehilsanyal-main__IMG_9949-1-_mp4-6_jpg.rf.a680f2403994b4c82fa353a5bd97e81c,gemma4,no-helmet,True,False
snehilsanyal-main__IMG_9949-1-_mp4-6_jpg.rf.a680f2403994b4c82fa353a5bd97e81c,gemma4,no-gloves,True,False
snehilsanyal-main__IMG_9949-1-_mp4-6_jpg.rf.a680f2403994b4c82fa353a5bd97e81c,gemma4,no-boots,True,False
snehilsanyal-main__IMG_9949-1-_mp4-6_jpg.rf.a680f2403994b4c82fa353a5bd97e81c,gemma4,no-vest,True,False
snehilsanyal-main__IMG_9949-1-_mp4-6_jpg.rf.a680f2403994b4c82fa353a5bd97e81c,minicpm-v,person,True,False
snehilsanyal-main__IMG_9949-1-_mp4-6_jpg.rf.a680f2403994b4c82fa353a5bd97e81c,minicpm-v,helmet,False,False
snehilsanyal-main__IMG_9949-1-_mp4-6_jpg.rf.a680f2403994b4c82fa353a5bd97e81c,minicpm-v,gloves,True,False
snehilsanyal-main__IMG_9949-1-_mp4-6_jpg.rf.a680f2403994b4c82fa353a5bd97e81c,minicpm-v,boots,True,False
snehilsanyal-main__IMG_9949-1-_mp4-6_jpg.rf.a680f2403994b4c82fa353a5bd97e81c,minicpm-v,vest,True,False
snehilsanyal-main__IMG_9949-1-_mp4-6_jpg.rf.a680f2403994b4c82fa353a5bd97e81c,minicpm-v,no-helmet,False,False
snehilsanyal-main__IMG_9949-1-_mp4-6_jpg.rf.a680f2403994b4c82fa353a5bd97e81c,minicpm-v,no-gloves,False,False
snehilsanyal-main__IMG_9949-1-_mp4-6_jpg.rf.a680f2403994b4c82fa353a5bd97e81c,minicpm-v,no-boots,False,False
snehilsanyal-main__IMG_9949-1-_mp4-6_jpg.rf.a680f2403994b4c82fa353a5bd97e81c,minicpm-v,no-vest,False,False
snehilsanyal-main__RPReplay_Final1667001201_MP4-79_jpg.rf.0fcc7de22dfa5f7992a47c7ff06b0d16,yolo,person,True,False
snehilsanyal-main__RPReplay_Final1667001201_MP4-79_jpg.rf.0fcc7de22dfa5f7992a47c7ff06b0d16,yolo,helmet,True,False
snehilsanyal-main__RPReplay_Final1667001201_MP4-79_jpg.rf.0fcc7de22dfa5f7992a47c7ff06b0d16,yolo,gloves,False,False
snehilsanyal-main__RPReplay_Final1667001201_MP4-79_jpg.rf.0fcc7de22dfa5f7992a47c7ff06b0d16,yolo,boots,False,False
snehilsanyal-main__RPReplay_Final1667001201_MP4-79_jpg.rf.0fcc7de22dfa5f7992a47c7ff06b0d16,yolo,vest,True,False
snehilsanyal-main__RPReplay_Final1667001201_MP4-79_jpg.rf.0fcc7de22dfa5f7992a47c7ff06b0d16,yolo,no-helmet,False,False
snehilsanyal-main__RPReplay_Final1667001201_MP4-79_jpg.rf.0fcc7de22dfa5f7992a47c7ff06b0d16,yolo,no-gloves,False,False
snehilsanyal-main__RPReplay_Final1667001201_MP4-79_jpg.rf.0fcc7de22dfa5f7992a47c7ff06b0d16,yolo,no-boots,False,False
snehilsanyal-main__RPReplay_Final1667001201_MP4-79_jpg.rf.0fcc7de22dfa5f7992a47c7ff06b0d16,yolo,no-vest,True,False
snehilsanyal-main__RPReplay_Final1667001201_MP4-79_jpg.rf.0fcc7de22dfa5f7992a47c7ff06b0d16,ollama,person,True,False
snehilsanyal-main__RPReplay_Final1667001201_MP4-79_jpg.rf.0fcc7de22dfa5f7992a47c7ff06b0d16,ollama,helmet,False,False
snehilsanyal-main__RPReplay_Final1667001201_MP4-79_jpg.rf.0fcc7de22dfa5f7992a47c7ff06b0d16,ollama,gloves,False,False
snehilsanyal-main__RPReplay_Final1667001201_MP4-79_jpg.rf.0fcc7de22dfa5f7992a47c7ff06b0d16,ollama,boots,False,False
snehilsanyal-main__RPReplay_Final1667001201_MP4-79_jpg.rf.0fcc7de22dfa5f7992a47c7ff06b0d16,ollama,vest,False,False
snehilsanyal-main__RPReplay_Final1667001201_MP4-79_jpg.rf.0fcc7de22dfa5f7992a47c7ff06b0d16,ollama,no-helmet,True,False
snehilsanyal-main__RPReplay_Final1667001201_MP4-79_jpg.rf.0fcc7de22dfa5f7992a47c7ff06b0d16,ollama,no-gloves,True,False
snehilsanyal-main__RPReplay_Final1667001201_MP4-79_jpg.rf.0fcc7de22dfa5f7992a47c7ff06b0d16,ollama,no-boots,True,False
snehilsanyal-main__RPReplay_Final1667001201_MP4-79_jpg.rf.0fcc7de22dfa5f7992a47c7ff06b0d16,ollama,no-vest,False,False
snehilsanyal-main__RPReplay_Final1667001201_MP4-79_jpg.rf.0fcc7de22dfa5f7992a47c7ff06b0d16,qwen3-vl,person,True,False
snehilsanyal-main__RPReplay_Final1667001201_MP4-79_jpg.rf.0fcc7de22dfa5f7992a47c7ff06b0d16,qwen3-vl,helmet,True,False
snehilsanyal-main__RPReplay_Final1667001201_MP4-79_jpg.rf.0fcc7de22dfa5f7992a47c7ff06b0d16,qwen3-vl,gloves,False,False
snehilsanyal-main__RPReplay_Final1667001201_MP4-79_jpg.rf.0fcc7de22dfa5f7992a47c7ff06b0d16,qwen3-vl,boots,False,False
snehilsanyal-main__RPReplay_Final1667001201_MP4-79_jpg.rf.0fcc7de22dfa5f7992a47c7ff06b0d16,qwen3-vl,vest,True,False
snehilsanyal-main__RPReplay_Final1667001201_MP4-79_jpg.rf.0fcc7de22dfa5f7992a47c7ff06b0d16,qwen3-vl,no-helmet,False,False
snehilsanyal-main__RPReplay_Final1667001201_MP4-79_jpg.rf.0fcc7de22dfa5f7992a47c7ff06b0d16,qwen3-vl,no-gloves,False,False
snehilsanyal-main__RPReplay_Final1667001201_MP4-79_jpg.rf.0fcc7de22dfa5f7992a47c7ff06b0d16,qwen3-vl,no-boots,False,False
snehilsanyal-main__RPReplay_Final1667001201_MP4-79_jpg.rf.0fcc7de22dfa5f7992a47c7ff06b0d16,qwen3-vl,no-vest,False,False
snehilsanyal-main__RPReplay_Final1667001201_MP4-79_jpg.rf.0fcc7de22dfa5f7992a47c7ff06b0d16,gemma4,person,True,False
snehilsanyal-main__RPReplay_Final1667001201_MP4-79_jpg.rf.0fcc7de22dfa5f7992a47c7ff06b0d16,gemma4,helmet,True,False
snehilsanyal-main__RPReplay_Final1667001201_MP4-79_jpg.rf.0fcc7de22dfa5f7992a47c7ff06b0d16,gemma4,gloves,True,False
snehilsanyal-main__RPReplay_Final1667001201_MP4-79_jpg.rf.0fcc7de22dfa5f7992a47c7ff06b0d16,gemma4,boots,True,False
snehilsanyal-main__RPReplay_Final1667001201_MP4-79_jpg.rf.0fcc7de22dfa5f7992a47c7ff06b0d16,gemma4,vest,True,False
snehilsanyal-main__RPReplay_Final1667001201_MP4-79_jpg.rf.0fcc7de22dfa5f7992a47c7ff06b0d16,gemma4,no-helmet,False,False
snehilsanyal-main__RPReplay_Final1667001201_MP4-79_jpg.rf.0fcc7de22dfa5f7992a47c7ff06b0d16,gemma4,no-gloves,False,False
snehilsanyal-main__RPReplay_Final1667001201_MP4-79_jpg.rf.0fcc7de22dfa5f7992a47c7ff06b0d16,gemma4,no-boots,False,False
snehilsanyal-main__RPReplay_Final1667001201_MP4-79_jpg.rf.0fcc7de22dfa5f7992a47c7ff06b0d16,gemma4,no-vest,False,False
snehilsanyal-main__RPReplay_Final1667001201_MP4-79_jpg.rf.0fcc7de22dfa5f7992a47c7ff06b0d16,minicpm-v,person,True,False
snehilsanyal-main__RPReplay_Final1667001201_MP4-79_jpg.rf.0fcc7de22dfa5f7992a47c7ff06b0d16,minicpm-v,helmet,True,False
snehilsanyal-main__RPReplay_Final1667001201_MP4-79_jpg.rf.0fcc7de22dfa5f7992a47c7ff06b0d16,minicpm-v,gloves,True,False
snehilsanyal-main__RPReplay_Final1667001201_MP4-79_jpg.rf.0fcc7de22dfa5f7992a47c7ff06b0d16,minicpm-v,boots,True,False
snehilsanyal-main__RPReplay_Final1667001201_MP4-79_jpg.rf.0fcc7de22dfa5f7992a47c7ff06b0d16,minicpm-v,vest,True,False
snehilsanyal-main__RPReplay_Final1667001201_MP4-79_jpg.rf.0fcc7de22dfa5f7992a47c7ff06b0d16,minicpm-v,no-helmet,False,False
snehilsanyal-main__RPReplay_Final1667001201_MP4-79_jpg.rf.0fcc7de22dfa5f7992a47c7ff06b0d16,minicpm-v,no-gloves,False,False
snehilsanyal-main__RPReplay_Final1667001201_MP4-79_jpg.rf.0fcc7de22dfa5f7992a47c7ff06b0d16,minicpm-v,no-boots,False,False
snehilsanyal-main__RPReplay_Final1667001201_MP4-79_jpg.rf.0fcc7de22dfa5f7992a47c7ff06b0d16,minicpm-v,no-vest,False,False
snehilsanyal-main__airport_inside_0363_jpg.rf.0c8e1d8f49a8f7f8fa0fd1be8019db94,yolo,person,True,False
snehilsanyal-main__airport_inside_0363_jpg.rf.0c8e1d8f49a8f7f8fa0fd1be8019db94,yolo,helmet,False,False
snehilsanyal-main__airport_inside_0363_jpg.rf.0c8e1d8f49a8f7f8fa0fd1be8019db94,yolo,gloves,False,False
snehilsanyal-main__airport_inside_0363_jpg.rf.0c8e1d8f49a8f7f8fa0fd1be8019db94,yolo,boots,False,False
snehilsanyal-main__airport_inside_0363_jpg.rf.0c8e1d8f49a8f7f8fa0fd1be8019db94,yolo,vest,False,False
snehilsanyal-main__airport_inside_0363_jpg.rf.0c8e1d8f49a8f7f8fa0fd1be8019db94,yolo,no-helmet,True,False
snehilsanyal-main__airport_inside_0363_jpg.rf.0c8e1d8f49a8f7f8fa0fd1be8019db94,yolo,no-gloves,False,False
snehilsanyal-main__airport_inside_0363_jpg.rf.0c8e1d8f49a8f7f8fa0fd1be8019db94,yolo,no-boots,False,False
snehilsanyal-main__airport_inside_0363_jpg.rf.0c8e1d8f49a8f7f8fa0fd1be8019db94,yolo,no-vest,True,False
snehilsanyal-main__airport_inside_0363_jpg.rf.0c8e1d8f49a8f7f8fa0fd1be8019db94,ollama,person,True,False
snehilsanyal-main__airport_inside_0363_jpg.rf.0c8e1d8f49a8f7f8fa0fd1be8019db94,ollama,helmet,True,False
snehilsanyal-main__airport_inside_0363_jpg.rf.0c8e1d8f49a8f7f8fa0fd1be8019db94,ollama,gloves,True,False
snehilsanyal-main__airport_inside_0363_jpg.rf.0c8e1d8f49a8f7f8fa0fd1be8019db94,ollama,boots,True,False
snehilsanyal-main__airport_inside_0363_jpg.rf.0c8e1d8f49a8f7f8fa0fd1be8019db94,ollama,vest,True,False
snehilsanyal-main__airport_inside_0363_jpg.rf.0c8e1d8f49a8f7f8fa0fd1be8019db94,ollama,no-helmet,False,False
snehilsanyal-main__airport_inside_0363_jpg.rf.0c8e1d8f49a8f7f8fa0fd1be8019db94,ollama,no-gloves,False,False
snehilsanyal-main__airport_inside_0363_jpg.rf.0c8e1d8f49a8f7f8fa0fd1be8019db94,ollama,no-boots,False,False
snehilsanyal-main__airport_inside_0363_jpg.rf.0c8e1d8f49a8f7f8fa0fd1be8019db94,ollama,no-vest,False,False
snehilsanyal-main__airport_inside_0363_jpg.rf.0c8e1d8f49a8f7f8fa0fd1be8019db94,qwen3-vl,person,True,False
snehilsanyal-main__airport_inside_0363_jpg.rf.0c8e1d8f49a8f7f8fa0fd1be8019db94,qwen3-vl,helmet,True,False
snehilsanyal-main__airport_inside_0363_jpg.rf.0c8e1d8f49a8f7f8fa0fd1be8019db94,qwen3-vl,gloves,True,False
snehilsanyal-main__airport_inside_0363_jpg.rf.0c8e1d8f49a8f7f8fa0fd1be8019db94,qwen3-vl,boots,False,False
snehilsanyal-main__airport_inside_0363_jpg.rf.0c8e1d8f49a8f7f8fa0fd1be8019db94,qwen3-vl,vest,False,False
snehilsanyal-main__airport_inside_0363_jpg.rf.0c8e1d8f49a8f7f8fa0fd1be8019db94,qwen3-vl,no-helmet,False,False
snehilsanyal-main__airport_inside_0363_jpg.rf.0c8e1d8f49a8f7f8fa0fd1be8019db94,qwen3-vl,no-gloves,False,False
snehilsanyal-main__airport_inside_0363_jpg.rf.0c8e1d8f49a8f7f8fa0fd1be8019db94,qwen3-vl,no-boots,False,False
snehilsanyal-main__airport_inside_0363_jpg.rf.0c8e1d8f49a8f7f8fa0fd1be8019db94,qwen3-vl,no-vest,False,False
snehilsanyal-main__airport_inside_0363_jpg.rf.0c8e1d8f49a8f7f8fa0fd1be8019db94,gemma4,person,True,False
snehilsanyal-main__airport_inside_0363_jpg.rf.0c8e1d8f49a8f7f8fa0fd1be8019db94,gemma4,helmet,False,False
snehilsanyal-main__airport_inside_0363_jpg.rf.0c8e1d8f49a8f7f8fa0fd1be8019db94,gemma4,gloves,False,False
snehilsanyal-main__airport_inside_0363_jpg.rf.0c8e1d8f49a8f7f8fa0fd1be8019db94,gemma4,boots,False,False
snehilsanyal-main__airport_inside_0363_jpg.rf.0c8e1d8f49a8f7f8fa0fd1be8019db94,gemma4,vest,False,False
snehilsanyal-main__airport_inside_0363_jpg.rf.0c8e1d8f49a8f7f8fa0fd1be8019db94,gemma4,no-helmet,True,False
snehilsanyal-main__airport_inside_0363_jpg.rf.0c8e1d8f49a8f7f8fa0fd1be8019db94,gemma4,no-gloves,True,False
snehilsanyal-main__airport_inside_0363_jpg.rf.0c8e1d8f49a8f7f8fa0fd1be8019db94,gemma4,no-boots,True,False
snehilsanyal-main__airport_inside_0363_jpg.rf.0c8e1d8f49a8f7f8fa0fd1be8019db94,gemma4,no-vest,True,False
snehilsanyal-main__airport_inside_0363_jpg.rf.0c8e1d8f49a8f7f8fa0fd1be8019db94,minicpm-v,person,True,False
snehilsanyal-main__airport_inside_0363_jpg.rf.0c8e1d8f49a8f7f8fa0fd1be8019db94,minicpm-v,helmet,False,False
snehilsanyal-main__airport_inside_0363_jpg.rf.0c8e1d8f49a8f7f8fa0fd1be8019db94,minicpm-v,gloves,True,False
snehilsanyal-main__airport_inside_0363_jpg.rf.0c8e1d8f49a8f7f8fa0fd1be8019db94,minicpm-v,boots,True,False
snehilsanyal-main__airport_inside_0363_jpg.rf.0c8e1d8f49a8f7f8fa0fd1be8019db94,minicpm-v,vest,False,False
snehilsanyal-main__airport_inside_0363_jpg.rf.0c8e1d8f49a8f7f8fa0fd1be8019db94,minicpm-v,no-helmet,False,False
snehilsanyal-main__airport_inside_0363_jpg.rf.0c8e1d8f49a8f7f8fa0fd1be8019db94,minicpm-v,no-gloves,False,False
snehilsanyal-main__airport_inside_0363_jpg.rf.0c8e1d8f49a8f7f8fa0fd1be8019db94,minicpm-v,no-boots,False,False
snehilsanyal-main__airport_inside_0363_jpg.rf.0c8e1d8f49a8f7f8fa0fd1be8019db94,minicpm-v,no-vest,False,False
snehilsanyal-main__autox3_mp4-49_jpg.rf.d7456fd447bd86e27aaa1d689c73f605,yolo,person,True,False
snehilsanyal-main__autox3_mp4-49_jpg.rf.d7456fd447bd86e27aaa1d689c73f605,yolo,helmet,False,False
snehilsanyal-main__autox3_mp4-49_jpg.rf.d7456fd447bd86e27aaa1d689c73f605,yolo,gloves,False,False
snehilsanyal-main__autox3_mp4-49_jpg.rf.d7456fd447bd86e27aaa1d689c73f605,yolo,boots,False,False
snehilsanyal-main__autox3_mp4-49_jpg.rf.d7456fd447bd86e27aaa1d689c73f605,yolo,vest,False,False
snehilsanyal-main__autox3_mp4-49_jpg.rf.d7456fd447bd86e27aaa1d689c73f605,yolo,no-helmet,False,False
snehilsanyal-main__autox3_mp4-49_jpg.rf.d7456fd447bd86e27aaa1d689c73f605,yolo,no-gloves,False,False
snehilsanyal-main__autox3_mp4-49_jpg.rf.d7456fd447bd86e27aaa1d689c73f605,yolo,no-boots,False,False
snehilsanyal-main__autox3_mp4-49_jpg.rf.d7456fd447bd86e27aaa1d689c73f605,yolo,no-vest,False,False
snehilsanyal-main__autox3_mp4-49_jpg.rf.d7456fd447bd86e27aaa1d689c73f605,ollama,person,True,False
snehilsanyal-main__autox3_mp4-49_jpg.rf.d7456fd447bd86e27aaa1d689c73f605,ollama,helmet,False,False
snehilsanyal-main__autox3_mp4-49_jpg.rf.d7456fd447bd86e27aaa1d689c73f605,ollama,gloves,True,False
snehilsanyal-main__autox3_mp4-49_jpg.rf.d7456fd447bd86e27aaa1d689c73f605,ollama,boots,True,False
snehilsanyal-main__autox3_mp4-49_jpg.rf.d7456fd447bd86e27aaa1d689c73f605,ollama,vest,True,False
snehilsanyal-main__autox3_mp4-49_jpg.rf.d7456fd447bd86e27aaa1d689c73f605,ollama,no-helmet,True,False
snehilsanyal-main__autox3_mp4-49_jpg.rf.d7456fd447bd86e27aaa1d689c73f605,ollama,no-gloves,False,False
snehilsanyal-main__autox3_mp4-49_jpg.rf.d7456fd447bd86e27aaa1d689c73f605,ollama,no-boots,False,False
snehilsanyal-main__autox3_mp4-49_jpg.rf.d7456fd447bd86e27aaa1d689c73f605,ollama,no-vest,False,False
snehilsanyal-main__autox3_mp4-49_jpg.rf.d7456fd447bd86e27aaa1d689c73f605,qwen3-vl,person,False,False
snehilsanyal-main__autox3_mp4-49_jpg.rf.d7456fd447bd86e27aaa1d689c73f605,qwen3-vl,helmet,False,False
snehilsanyal-main__autox3_mp4-49_jpg.rf.d7456fd447bd86e27aaa1d689c73f605,qwen3-vl,gloves,False,False
snehilsanyal-main__autox3_mp4-49_jpg.rf.d7456fd447bd86e27aaa1d689c73f605,qwen3-vl,boots,False,False
snehilsanyal-main__autox3_mp4-49_jpg.rf.d7456fd447bd86e27aaa1d689c73f605,qwen3-vl,vest,False,False
snehilsanyal-main__autox3_mp4-49_jpg.rf.d7456fd447bd86e27aaa1d689c73f605,qwen3-vl,no-helmet,False,False
snehilsanyal-main__autox3_mp4-49_jpg.rf.d7456fd447bd86e27aaa1d689c73f605,qwen3-vl,no-gloves,False,False
snehilsanyal-main__autox3_mp4-49_jpg.rf.d7456fd447bd86e27aaa1d689c73f605,qwen3-vl,no-boots,False,False
snehilsanyal-main__autox3_mp4-49_jpg.rf.d7456fd447bd86e27aaa1d689c73f605,qwen3-vl,no-vest,False,False
snehilsanyal-main__autox3_mp4-49_jpg.rf.d7456fd447bd86e27aaa1d689c73f605,gemma4,person,True,False
snehilsanyal-main__autox3_mp4-49_jpg.rf.d7456fd447bd86e27aaa1d689c73f605,gemma4,helmet,True,False
snehilsanyal-main__autox3_mp4-49_jpg.rf.d7456fd447bd86e27aaa1d689c73f605,gemma4,gloves,True,False
snehilsanyal-main__autox3_mp4-49_jpg.rf.d7456fd447bd86e27aaa1d689c73f605,gemma4,boots,True,False
snehilsanyal-main__autox3_mp4-49_jpg.rf.d7456fd447bd86e27aaa1d689c73f605,gemma4,vest,True,False
snehilsanyal-main__autox3_mp4-49_jpg.rf.d7456fd447bd86e27aaa1d689c73f605,gemma4,no-helmet,False,False
snehilsanyal-main__autox3_mp4-49_jpg.rf.d7456fd447bd86e27aaa1d689c73f605,gemma4,no-gloves,False,False
snehilsanyal-main__autox3_mp4-49_jpg.rf.d7456fd447bd86e27aaa1d689c73f605,gemma4,no-boots,False,False
snehilsanyal-main__autox3_mp4-49_jpg.rf.d7456fd447bd86e27aaa1d689c73f605,gemma4,no-vest,False,False
snehilsanyal-main__autox3_mp4-49_jpg.rf.d7456fd447bd86e27aaa1d689c73f605,minicpm-v,person,True,False
snehilsanyal-main__autox3_mp4-49_jpg.rf.d7456fd447bd86e27aaa1d689c73f605,minicpm-v,helmet,False,False
snehilsanyal-main__autox3_mp4-49_jpg.rf.d7456fd447bd86e27aaa1d689c73f605,minicpm-v,gloves,False,False
snehilsanyal-main__autox3_mp4-49_jpg.rf.d7456fd447bd86e27aaa1d689c73f605,minicpm-v,boots,True,False
snehilsanyal-main__autox3_mp4-49_jpg.rf.d7456fd447bd86e27aaa1d689c73f605,minicpm-v,vest,True,False
snehilsanyal-main__autox3_mp4-49_jpg.rf.d7456fd447bd86e27aaa1d689c73f605,minicpm-v,no-helmet,False,False
snehilsanyal-main__autox3_mp4-49_jpg.rf.d7456fd447bd86e27aaa1d689c73f605,minicpm-v,no-gloves,True,False
snehilsanyal-main__autox3_mp4-49_jpg.rf.d7456fd447bd86e27aaa1d689c73f605,minicpm-v,no-boots,False,False
snehilsanyal-main__autox3_mp4-49_jpg.rf.d7456fd447bd86e27aaa1d689c73f605,minicpm-v,no-vest,False,False
snehilsanyal-main__autox6_mp4-157_jpg.rf.5083cfa42053e2766397344e36be6ca8,yolo,person,True,False
snehilsanyal-main__autox6_mp4-157_jpg.rf.5083cfa42053e2766397344e36be6ca8,yolo,helmet,True,False
snehilsanyal-main__autox6_mp4-157_jpg.rf.5083cfa42053e2766397344e36be6ca8,yolo,gloves,False,False
snehilsanyal-main__autox6_mp4-157_jpg.rf.5083cfa42053e2766397344e36be6ca8,yolo,boots,False,False
snehilsanyal-main__autox6_mp4-157_jpg.rf.5083cfa42053e2766397344e36be6ca8,yolo,vest,True,False
snehilsanyal-main__autox6_mp4-157_jpg.rf.5083cfa42053e2766397344e36be6ca8,yolo,no-helmet,False,False
snehilsanyal-main__autox6_mp4-157_jpg.rf.5083cfa42053e2766397344e36be6ca8,yolo,no-gloves,False,False
snehilsanyal-main__autox6_mp4-157_jpg.rf.5083cfa42053e2766397344e36be6ca8,yolo,no-boots,False,False
snehilsanyal-main__autox6_mp4-157_jpg.rf.5083cfa42053e2766397344e36be6ca8,yolo,no-vest,True,False
snehilsanyal-main__autox6_mp4-157_jpg.rf.5083cfa42053e2766397344e36be6ca8,ollama,person,True,False
snehilsanyal-main__autox6_mp4-157_jpg.rf.5083cfa42053e2766397344e36be6ca8,ollama,helmet,True,False
snehilsanyal-main__autox6_mp4-157_jpg.rf.5083cfa42053e2766397344e36be6ca8,ollama,gloves,True,False
snehilsanyal-main__autox6_mp4-157_jpg.rf.5083cfa42053e2766397344e36be6ca8,ollama,boots,True,False
snehilsanyal-main__autox6_mp4-157_jpg.rf.5083cfa42053e2766397344e36be6ca8,ollama,vest,True,False
snehilsanyal-main__autox6_mp4-157_jpg.rf.5083cfa42053e2766397344e36be6ca8,ollama,no-helmet,True,False
snehilsanyal-main__autox6_mp4-157_jpg.rf.5083cfa42053e2766397344e36be6ca8,ollama,no-gloves,True,False
snehilsanyal-main__autox6_mp4-157_jpg.rf.5083cfa42053e2766397344e36be6ca8,ollama,no-boots,True,False
snehilsanyal-main__autox6_mp4-157_jpg.rf.5083cfa42053e2766397344e36be6ca8,ollama,no-vest,True,False
snehilsanyal-main__autox6_mp4-157_jpg.rf.5083cfa42053e2766397344e36be6ca8,qwen3-vl,person,True,False
snehilsanyal-main__autox6_mp4-157_jpg.rf.5083cfa42053e2766397344e36be6ca8,qwen3-vl,helmet,True,False
snehilsanyal-main__autox6_mp4-157_jpg.rf.5083cfa42053e2766397344e36be6ca8,qwen3-vl,gloves,True,False
snehilsanyal-main__autox6_mp4-157_jpg.rf.5083cfa42053e2766397344e36be6ca8,qwen3-vl,boots,True,False
snehilsanyal-main__autox6_mp4-157_jpg.rf.5083cfa42053e2766397344e36be6ca8,qwen3-vl,vest,True,False
snehilsanyal-main__autox6_mp4-157_jpg.rf.5083cfa42053e2766397344e36be6ca8,qwen3-vl,no-helmet,False,False
snehilsanyal-main__autox6_mp4-157_jpg.rf.5083cfa42053e2766397344e36be6ca8,qwen3-vl,no-gloves,False,False
snehilsanyal-main__autox6_mp4-157_jpg.rf.5083cfa42053e2766397344e36be6ca8,qwen3-vl,no-boots,False,False
snehilsanyal-main__autox6_mp4-157_jpg.rf.5083cfa42053e2766397344e36be6ca8,qwen3-vl,no-vest,False,False
snehilsanyal-main__autox6_mp4-157_jpg.rf.5083cfa42053e2766397344e36be6ca8,gemma4,person,True,False
snehilsanyal-main__autox6_mp4-157_jpg.rf.5083cfa42053e2766397344e36be6ca8,gemma4,helmet,True,False
snehilsanyal-main__autox6_mp4-157_jpg.rf.5083cfa42053e2766397344e36be6ca8,gemma4,gloves,True,False
snehilsanyal-main__autox6_mp4-157_jpg.rf.5083cfa42053e2766397344e36be6ca8,gemma4,boots,True,False
snehilsanyal-main__autox6_mp4-157_jpg.rf.5083cfa42053e2766397344e36be6ca8,gemma4,vest,True,False
snehilsanyal-main__autox6_mp4-157_jpg.rf.5083cfa42053e2766397344e36be6ca8,gemma4,no-helmet,False,False
snehilsanyal-main__autox6_mp4-157_jpg.rf.5083cfa42053e2766397344e36be6ca8,gemma4,no-gloves,False,False
snehilsanyal-main__autox6_mp4-157_jpg.rf.5083cfa42053e2766397344e36be6ca8,gemma4,no-boots,False,False
snehilsanyal-main__autox6_mp4-157_jpg.rf.5083cfa42053e2766397344e36be6ca8,gemma4,no-vest,False,False
snehilsanyal-main__autox6_mp4-157_jpg.rf.5083cfa42053e2766397344e36be6ca8,minicpm-v,person,True,False
snehilsanyal-main__autox6_mp4-157_jpg.rf.5083cfa42053e2766397344e36be6ca8,minicpm-v,helmet,True,False
snehilsanyal-main__autox6_mp4-157_jpg.rf.5083cfa42053e2766397344e36be6ca8,minicpm-v,gloves,True,False
snehilsanyal-main__autox6_mp4-157_jpg.rf.5083cfa42053e2766397344e36be6ca8,minicpm-v,boots,True,False
snehilsanyal-main__autox6_mp4-157_jpg.rf.5083cfa42053e2766397344e36be6ca8,minicpm-v,vest,True,False
snehilsanyal-main__autox6_mp4-157_jpg.rf.5083cfa42053e2766397344e36be6ca8,minicpm-v,no-helmet,False,False
snehilsanyal-main__autox6_mp4-157_jpg.rf.5083cfa42053e2766397344e36be6ca8,minicpm-v,no-gloves,False,False
snehilsanyal-main__autox6_mp4-157_jpg.rf.5083cfa42053e2766397344e36be6ca8,minicpm-v,no-boots,False,False
snehilsanyal-main__autox6_mp4-157_jpg.rf.5083cfa42053e2766397344e36be6ca8,minicpm-v,no-vest,False,False
snehilsanyal-main__autox6_mp4-80_jpg.rf.44eee52828ea57aaaac102dfbcc55e45,yolo,person,True,False
snehilsanyal-main__autox6_mp4-80_jpg.rf.44eee52828ea57aaaac102dfbcc55e45,yolo,helmet,False,False
snehilsanyal-main__autox6_mp4-80_jpg.rf.44eee52828ea57aaaac102dfbcc55e45,yolo,gloves,False,False
snehilsanyal-main__autox6_mp4-80_jpg.rf.44eee52828ea57aaaac102dfbcc55e45,yolo,boots,False,False
snehilsanyal-main__autox6_mp4-80_jpg.rf.44eee52828ea57aaaac102dfbcc55e45,yolo,vest,False,False
snehilsanyal-main__autox6_mp4-80_jpg.rf.44eee52828ea57aaaac102dfbcc55e45,yolo,no-helmet,True,False
snehilsanyal-main__autox6_mp4-80_jpg.rf.44eee52828ea57aaaac102dfbcc55e45,yolo,no-gloves,False,False
snehilsanyal-main__autox6_mp4-80_jpg.rf.44eee52828ea57aaaac102dfbcc55e45,yolo,no-boots,False,False
snehilsanyal-main__autox6_mp4-80_jpg.rf.44eee52828ea57aaaac102dfbcc55e45,yolo,no-vest,False,False
snehilsanyal-main__autox6_mp4-80_jpg.rf.44eee52828ea57aaaac102dfbcc55e45,ollama,person,True,False
snehilsanyal-main__autox6_mp4-80_jpg.rf.44eee52828ea57aaaac102dfbcc55e45,ollama,helmet,True,False
snehilsanyal-main__autox6_mp4-80_jpg.rf.44eee52828ea57aaaac102dfbcc55e45,ollama,gloves,True,False
snehilsanyal-main__autox6_mp4-80_jpg.rf.44eee52828ea57aaaac102dfbcc55e45,ollama,boots,True,False
snehilsanyal-main__autox6_mp4-80_jpg.rf.44eee52828ea57aaaac102dfbcc55e45,ollama,vest,True,False
snehilsanyal-main__autox6_mp4-80_jpg.rf.44eee52828ea57aaaac102dfbcc55e45,ollama,no-helmet,True,False
snehilsanyal-main__autox6_mp4-80_jpg.rf.44eee52828ea57aaaac102dfbcc55e45,ollama,no-gloves,True,False
snehilsanyal-main__autox6_mp4-80_jpg.rf.44eee52828ea57aaaac102dfbcc55e45,ollama,no-boots,True,False
snehilsanyal-main__autox6_mp4-80_jpg.rf.44eee52828ea57aaaac102dfbcc55e45,ollama,no-vest,True,False
snehilsanyal-main__autox6_mp4-80_jpg.rf.44eee52828ea57aaaac102dfbcc55e45,qwen3-vl,person,True,False
snehilsanyal-main__autox6_mp4-80_jpg.rf.44eee52828ea57aaaac102dfbcc55e45,qwen3-vl,helmet,False,False
snehilsanyal-main__autox6_mp4-80_jpg.rf.44eee52828ea57aaaac102dfbcc55e45,qwen3-vl,gloves,False,False
snehilsanyal-main__autox6_mp4-80_jpg.rf.44eee52828ea57aaaac102dfbcc55e45,qwen3-vl,boots,False,False
snehilsanyal-main__autox6_mp4-80_jpg.rf.44eee52828ea57aaaac102dfbcc55e45,qwen3-vl,vest,False,False
snehilsanyal-main__autox6_mp4-80_jpg.rf.44eee52828ea57aaaac102dfbcc55e45,qwen3-vl,no-helmet,True,False
snehilsanyal-main__autox6_mp4-80_jpg.rf.44eee52828ea57aaaac102dfbcc55e45,qwen3-vl,no-gloves,True,False
snehilsanyal-main__autox6_mp4-80_jpg.rf.44eee52828ea57aaaac102dfbcc55e45,qwen3-vl,no-boots,True,False
snehilsanyal-main__autox6_mp4-80_jpg.rf.44eee52828ea57aaaac102dfbcc55e45,qwen3-vl,no-vest,True,False
snehilsanyal-main__autox6_mp4-80_jpg.rf.44eee52828ea57aaaac102dfbcc55e45,gemma4,person,True,False
snehilsanyal-main__autox6_mp4-80_jpg.rf.44eee52828ea57aaaac102dfbcc55e45,gemma4,helmet,True,False
snehilsanyal-main__autox6_mp4-80_jpg.rf.44eee52828ea57aaaac102dfbcc55e45,gemma4,gloves,True,False
snehilsanyal-main__autox6_mp4-80_jpg.rf.44eee52828ea57aaaac102dfbcc55e45,gemma4,boots,True,False
snehilsanyal-main__autox6_mp4-80_jpg.rf.44eee52828ea57aaaac102dfbcc55e45,gemma4,vest,True,False
snehilsanyal-main__autox6_mp4-80_jpg.rf.44eee52828ea57aaaac102dfbcc55e45,gemma4,no-helmet,False,False
snehilsanyal-main__autox6_mp4-80_jpg.rf.44eee52828ea57aaaac102dfbcc55e45,gemma4,no-gloves,False,False
snehilsanyal-main__autox6_mp4-80_jpg.rf.44eee52828ea57aaaac102dfbcc55e45,gemma4,no-boots,False,False
snehilsanyal-main__autox6_mp4-80_jpg.rf.44eee52828ea57aaaac102dfbcc55e45,gemma4,no-vest,False,False
snehilsanyal-main__autox6_mp4-80_jpg.rf.44eee52828ea57aaaac102dfbcc55e45,minicpm-v,person,True,False
snehilsanyal-main__autox6_mp4-80_jpg.rf.44eee52828ea57aaaac102dfbcc55e45,minicpm-v,helmet,False,False
snehilsanyal-main__autox6_mp4-80_jpg.rf.44eee52828ea57aaaac102dfbcc55e45,minicpm-v,gloves,True,False
snehilsanyal-main__autox6_mp4-80_jpg.rf.44eee52828ea57aaaac102dfbcc55e45,minicpm-v,boots,True,False
snehilsanyal-main__autox6_mp4-80_jpg.rf.44eee52828ea57aaaac102dfbcc55e45,minicpm-v,vest,True,False
snehilsanyal-main__autox6_mp4-80_jpg.rf.44eee52828ea57aaaac102dfbcc55e45,minicpm-v,no-helmet,False,False
snehilsanyal-main__autox6_mp4-80_jpg.rf.44eee52828ea57aaaac102dfbcc55e45,minicpm-v,no-gloves,False,False
snehilsanyal-main__autox6_mp4-80_jpg.rf.44eee52828ea57aaaac102dfbcc55e45,minicpm-v,no-boots,False,False
snehilsanyal-main__autox6_mp4-80_jpg.rf.44eee52828ea57aaaac102dfbcc55e45,minicpm-v,no-vest,False,False
snehilsanyal-main__class1_075_jpg.rf.a03d62c65431fdb47562593e28991d07,yolo,person,True,False
snehilsanyal-main__class1_075_jpg.rf.a03d62c65431fdb47562593e28991d07,yolo,helmet,False,False
snehilsanyal-main__class1_075_jpg.rf.a03d62c65431fdb47562593e28991d07,yolo,gloves,False,False
snehilsanyal-main__class1_075_jpg.rf.a03d62c65431fdb47562593e28991d07,yolo,boots,False,False
snehilsanyal-main__class1_075_jpg.rf.a03d62c65431fdb47562593e28991d07,yolo,vest,True,False
snehilsanyal-main__class1_075_jpg.rf.a03d62c65431fdb47562593e28991d07,yolo,no-helmet,False,False
snehilsanyal-main__class1_075_jpg.rf.a03d62c65431fdb47562593e28991d07,yolo,no-gloves,False,False
snehilsanyal-main__class1_075_jpg.rf.a03d62c65431fdb47562593e28991d07,yolo,no-boots,False,False
snehilsanyal-main__class1_075_jpg.rf.a03d62c65431fdb47562593e28991d07,yolo,no-vest,True,False
snehilsanyal-main__class1_075_jpg.rf.a03d62c65431fdb47562593e28991d07,ollama,person,True,False
snehilsanyal-main__class1_075_jpg.rf.a03d62c65431fdb47562593e28991d07,ollama,helmet,False,False
snehilsanyal-main__class1_075_jpg.rf.a03d62c65431fdb47562593e28991d07,ollama,gloves,False,False
snehilsanyal-main__class1_075_jpg.rf.a03d62c65431fdb47562593e28991d07,ollama,boots,False,False
snehilsanyal-main__class1_075_jpg.rf.a03d62c65431fdb47562593e28991d07,ollama,vest,False,False
snehilsanyal-main__class1_075_jpg.rf.a03d62c65431fdb47562593e28991d07,ollama,no-helmet,True,False
snehilsanyal-main__class1_075_jpg.rf.a03d62c65431fdb47562593e28991d07,ollama,no-gloves,True,False
snehilsanyal-main__class1_075_jpg.rf.a03d62c65431fdb47562593e28991d07,ollama,no-boots,True,False
snehilsanyal-main__class1_075_jpg.rf.a03d62c65431fdb47562593e28991d07,ollama,no-vest,True,False
snehilsanyal-main__class1_075_jpg.rf.a03d62c65431fdb47562593e28991d07,qwen3-vl,person,True,False
snehilsanyal-main__class1_075_jpg.rf.a03d62c65431fdb47562593e28991d07,qwen3-vl,helmet,False,False
snehilsanyal-main__class1_075_jpg.rf.a03d62c65431fdb47562593e28991d07,qwen3-vl,gloves,False,False
snehilsanyal-main__class1_075_jpg.rf.a03d62c65431fdb47562593e28991d07,qwen3-vl,boots,True,False
snehilsanyal-main__class1_075_jpg.rf.a03d62c65431fdb47562593e28991d07,qwen3-vl,vest,False,False
snehilsanyal-main__class1_075_jpg.rf.a03d62c65431fdb47562593e28991d07,qwen3-vl,no-helmet,True,False
snehilsanyal-main__class1_075_jpg.rf.a03d62c65431fdb47562593e28991d07,qwen3-vl,no-gloves,True,False
snehilsanyal-main__class1_075_jpg.rf.a03d62c65431fdb47562593e28991d07,qwen3-vl,no-boots,False,False
snehilsanyal-main__class1_075_jpg.rf.a03d62c65431fdb47562593e28991d07,qwen3-vl,no-vest,False,False
snehilsanyal-main__class1_075_jpg.rf.a03d62c65431fdb47562593e28991d07,gemma4,person,True,False
snehilsanyal-main__class1_075_jpg.rf.a03d62c65431fdb47562593e28991d07,gemma4,helmet,False,False
snehilsanyal-main__class1_075_jpg.rf.a03d62c65431fdb47562593e28991d07,gemma4,gloves,False,False
snehilsanyal-main__class1_075_jpg.rf.a03d62c65431fdb47562593e28991d07,gemma4,boots,True,False
snehilsanyal-main__class1_075_jpg.rf.a03d62c65431fdb47562593e28991d07,gemma4,vest,False,False
snehilsanyal-main__class1_075_jpg.rf.a03d62c65431fdb47562593e28991d07,gemma4,no-helmet,True,False
snehilsanyal-main__class1_075_jpg.rf.a03d62c65431fdb47562593e28991d07,gemma4,no-gloves,True,False
snehilsanyal-main__class1_075_jpg.rf.a03d62c65431fdb47562593e28991d07,gemma4,no-boots,False,False
snehilsanyal-main__class1_075_jpg.rf.a03d62c65431fdb47562593e28991d07,gemma4,no-vest,True,False
snehilsanyal-main__class1_075_jpg.rf.a03d62c65431fdb47562593e28991d07,minicpm-v,person,True,False
snehilsanyal-main__class1_075_jpg.rf.a03d62c65431fdb47562593e28991d07,minicpm-v,helmet,False,False
snehilsanyal-main__class1_075_jpg.rf.a03d62c65431fdb47562593e28991d07,minicpm-v,gloves,False,False
snehilsanyal-main__class1_075_jpg.rf.a03d62c65431fdb47562593e28991d07,minicpm-v,boots,True,False
snehilsanyal-main__class1_075_jpg.rf.a03d62c65431fdb47562593e28991d07,minicpm-v,vest,False,False
snehilsanyal-main__class1_075_jpg.rf.a03d62c65431fdb47562593e28991d07,minicpm-v,no-helmet,False,False
snehilsanyal-main__class1_075_jpg.rf.a03d62c65431fdb47562593e28991d07,minicpm-v,no-gloves,True,False
snehilsanyal-main__class1_075_jpg.rf.a03d62c65431fdb47562593e28991d07,minicpm-v,no-boots,False,False
snehilsanyal-main__class1_075_jpg.rf.a03d62c65431fdb47562593e28991d07,minicpm-v,no-vest,False,False
snehilsanyal-main__construction-1050-_jpg.rf.02208e58055900f0e9f2e8ded960c690,yolo,person,True,False
snehilsanyal-main__construction-1050-_jpg.rf.02208e58055900f0e9f2e8ded960c690,yolo,helmet,False,False
snehilsanyal-main__construction-1050-_jpg.rf.02208e58055900f0e9f2e8ded960c690,yolo,gloves,False,False
snehilsanyal-main__construction-1050-_jpg.rf.02208e58055900f0e9f2e8ded960c690,yolo,boots,False,False
snehilsanyal-main__construction-1050-_jpg.rf.02208e58055900f0e9f2e8ded960c690,yolo,vest,True,False
snehilsanyal-main__construction-1050-_jpg.rf.02208e58055900f0e9f2e8ded960c690,yolo,no-helmet,False,False
snehilsanyal-main__construction-1050-_jpg.rf.02208e58055900f0e9f2e8ded960c690,yolo,no-gloves,False,False
snehilsanyal-main__construction-1050-_jpg.rf.02208e58055900f0e9f2e8ded960c690,yolo,no-boots,False,False
snehilsanyal-main__construction-1050-_jpg.rf.02208e58055900f0e9f2e8ded960c690,yolo,no-vest,False,False
snehilsanyal-main__construction-1050-_jpg.rf.02208e58055900f0e9f2e8ded960c690,ollama,person,True,False
snehilsanyal-main__construction-1050-_jpg.rf.02208e58055900f0e9f2e8ded960c690,ollama,helmet,False,False
snehilsanyal-main__construction-1050-_jpg.rf.02208e58055900f0e9f2e8ded960c690,ollama,gloves,True,False
snehilsanyal-main__construction-1050-_jpg.rf.02208e58055900f0e9f2e8ded960c690,ollama,boots,True,False
snehilsanyal-main__construction-1050-_jpg.rf.02208e58055900f0e9f2e8ded960c690,ollama,vest,False,False
snehilsanyal-main__construction-1050-_jpg.rf.02208e58055900f0e9f2e8ded960c690,ollama,no-helmet,True,False
snehilsanyal-main__construction-1050-_jpg.rf.02208e58055900f0e9f2e8ded960c690,ollama,no-gloves,True,False
snehilsanyal-main__construction-1050-_jpg.rf.02208e58055900f0e9f2e8ded960c690,ollama,no-boots,False,False
snehilsanyal-main__construction-1050-_jpg.rf.02208e58055900f0e9f2e8ded960c690,ollama,no-vest,False,False
snehilsanyal-main__construction-1050-_jpg.rf.02208e58055900f0e9f2e8ded960c690,qwen3-vl,person,True,False
snehilsanyal-main__construction-1050-_jpg.rf.02208e58055900f0e9f2e8ded960c690,qwen3-vl,helmet,False,False
snehilsanyal-main__construction-1050-_jpg.rf.02208e58055900f0e9f2e8ded960c690,qwen3-vl,gloves,True,False
snehilsanyal-main__construction-1050-_jpg.rf.02208e58055900f0e9f2e8ded960c690,qwen3-vl,boots,False,False
snehilsanyal-main__construction-1050-_jpg.rf.02208e58055900f0e9f2e8ded960c690,qwen3-vl,vest,True,False
snehilsanyal-main__construction-1050-_jpg.rf.02208e58055900f0e9f2e8ded960c690,qwen3-vl,no-helmet,False,False
snehilsanyal-main__construction-1050-_jpg.rf.02208e58055900f0e9f2e8ded960c690,qwen3-vl,no-gloves,False,False
snehilsanyal-main__construction-1050-_jpg.rf.02208e58055900f0e9f2e8ded960c690,qwen3-vl,no-boots,False,False
snehilsanyal-main__construction-1050-_jpg.rf.02208e58055900f0e9f2e8ded960c690,qwen3-vl,no-vest,False,False
snehilsanyal-main__construction-1050-_jpg.rf.02208e58055900f0e9f2e8ded960c690,gemma4,person,True,False
snehilsanyal-main__construction-1050-_jpg.rf.02208e58055900f0e9f2e8ded960c690,gemma4,helmet,False,False
snehilsanyal-main__construction-1050-_jpg.rf.02208e58055900f0e9f2e8ded960c690,gemma4,gloves,False,False
snehilsanyal-main__construction-1050-_jpg.rf.02208e58055900f0e9f2e8ded960c690,gemma4,boots,False,False
snehilsanyal-main__construction-1050-_jpg.rf.02208e58055900f0e9f2e8ded960c690,gemma4,vest,False,False
snehilsanyal-main__construction-1050-_jpg.rf.02208e58055900f0e9f2e8ded960c690,gemma4,no-helmet,False,False
snehilsanyal-main__construction-1050-_jpg.rf.02208e58055900f0e9f2e8ded960c690,gemma4,no-gloves,False,False
snehilsanyal-main__construction-1050-_jpg.rf.02208e58055900f0e9f2e8ded960c690,gemma4,no-boots,False,False
snehilsanyal-main__construction-1050-_jpg.rf.02208e58055900f0e9f2e8ded960c690,gemma4,no-vest,False,False
snehilsanyal-main__construction-1050-_jpg.rf.02208e58055900f0e9f2e8ded960c690,minicpm-v,person,True,False
snehilsanyal-main__construction-1050-_jpg.rf.02208e58055900f0e9f2e8ded960c690,minicpm-v,helmet,True,False
snehilsanyal-main__construction-1050-_jpg.rf.02208e58055900f0e9f2e8ded960c690,minicpm-v,gloves,True,False
snehilsanyal-main__construction-1050-_jpg.rf.02208e58055900f0e9f2e8ded960c690,minicpm-v,boots,True,False
snehilsanyal-main__construction-1050-_jpg.rf.02208e58055900f0e9f2e8ded960c690,minicpm-v,vest,True,False
snehilsanyal-main__construction-1050-_jpg.rf.02208e58055900f0e9f2e8ded960c690,minicpm-v,no-helmet,False,False
snehilsanyal-main__construction-1050-_jpg.rf.02208e58055900f0e9f2e8ded960c690,minicpm-v,no-gloves,False,False
snehilsanyal-main__construction-1050-_jpg.rf.02208e58055900f0e9f2e8ded960c690,minicpm-v,no-boots,False,False
snehilsanyal-main__construction-1050-_jpg.rf.02208e58055900f0e9f2e8ded960c690,minicpm-v,no-vest,False,False
snehilsanyal-main__construction-253-_jpg.rf.c67e3fcf3be1e96d7fec63a327b585f7,yolo,person,True,False
snehilsanyal-main__construction-253-_jpg.rf.c67e3fcf3be1e96d7fec63a327b585f7,yolo,helmet,False,False
snehilsanyal-main__construction-253-_jpg.rf.c67e3fcf3be1e96d7fec63a327b585f7,yolo,gloves,False,False
snehilsanyal-main__construction-253-_jpg.rf.c67e3fcf3be1e96d7fec63a327b585f7,yolo,boots,False,False
snehilsanyal-main__construction-253-_jpg.rf.c67e3fcf3be1e96d7fec63a327b585f7,yolo,vest,False,False
snehilsanyal-main__construction-253-_jpg.rf.c67e3fcf3be1e96d7fec63a327b585f7,yolo,no-helmet,False,False
snehilsanyal-main__construction-253-_jpg.rf.c67e3fcf3be1e96d7fec63a327b585f7,yolo,no-gloves,False,False
snehilsanyal-main__construction-253-_jpg.rf.c67e3fcf3be1e96d7fec63a327b585f7,yolo,no-boots,False,False
snehilsanyal-main__construction-253-_jpg.rf.c67e3fcf3be1e96d7fec63a327b585f7,yolo,no-vest,True,False
snehilsanyal-main__construction-253-_jpg.rf.c67e3fcf3be1e96d7fec63a327b585f7,ollama,person,True,False
snehilsanyal-main__construction-253-_jpg.rf.c67e3fcf3be1e96d7fec63a327b585f7,ollama,helmet,True,False
snehilsanyal-main__construction-253-_jpg.rf.c67e3fcf3be1e96d7fec63a327b585f7,ollama,gloves,False,False
snehilsanyal-main__construction-253-_jpg.rf.c67e3fcf3be1e96d7fec63a327b585f7,ollama,boots,False,False
snehilsanyal-main__construction-253-_jpg.rf.c67e3fcf3be1e96d7fec63a327b585f7,ollama,vest,False,False
snehilsanyal-main__construction-253-_jpg.rf.c67e3fcf3be1e96d7fec63a327b585f7,ollama,no-helmet,True,False
snehilsanyal-main__construction-253-_jpg.rf.c67e3fcf3be1e96d7fec63a327b585f7,ollama,no-gloves,True,False
snehilsanyal-main__construction-253-_jpg.rf.c67e3fcf3be1e96d7fec63a327b585f7,ollama,no-boots,True,False
snehilsanyal-main__construction-253-_jpg.rf.c67e3fcf3be1e96d7fec63a327b585f7,ollama,no-vest,True,False
snehilsanyal-main__construction-253-_jpg.rf.c67e3fcf3be1e96d7fec63a327b585f7,qwen3-vl,person,True,False
snehilsanyal-main__construction-253-_jpg.rf.c67e3fcf3be1e96d7fec63a327b585f7,qwen3-vl,helmet,False,False
snehilsanyal-main__construction-253-_jpg.rf.c67e3fcf3be1e96d7fec63a327b585f7,qwen3-vl,gloves,False,False
snehilsanyal-main__construction-253-_jpg.rf.c67e3fcf3be1e96d7fec63a327b585f7,qwen3-vl,boots,False,False
snehilsanyal-main__construction-253-_jpg.rf.c67e3fcf3be1e96d7fec63a327b585f7,qwen3-vl,vest,False,False
snehilsanyal-main__construction-253-_jpg.rf.c67e3fcf3be1e96d7fec63a327b585f7,qwen3-vl,no-helmet,True,False
snehilsanyal-main__construction-253-_jpg.rf.c67e3fcf3be1e96d7fec63a327b585f7,qwen3-vl,no-gloves,True,False
snehilsanyal-main__construction-253-_jpg.rf.c67e3fcf3be1e96d7fec63a327b585f7,qwen3-vl,no-boots,True,False
snehilsanyal-main__construction-253-_jpg.rf.c67e3fcf3be1e96d7fec63a327b585f7,qwen3-vl,no-vest,True,False
snehilsanyal-main__construction-253-_jpg.rf.c67e3fcf3be1e96d7fec63a327b585f7,gemma4,person,True,False
snehilsanyal-main__construction-253-_jpg.rf.c67e3fcf3be1e96d7fec63a327b585f7,gemma4,helmet,False,False
snehilsanyal-main__construction-253-_jpg.rf.c67e3fcf3be1e96d7fec63a327b585f7,gemma4,gloves,False,False
snehilsanyal-main__construction-253-_jpg.rf.c67e3fcf3be1e96d7fec63a327b585f7,gemma4,boots,False,False
snehilsanyal-main__construction-253-_jpg.rf.c67e3fcf3be1e96d7fec63a327b585f7,gemma4,vest,False,False
snehilsanyal-main__construction-253-_jpg.rf.c67e3fcf3be1e96d7fec63a327b585f7,gemma4,no-helmet,True,False
snehilsanyal-main__construction-253-_jpg.rf.c67e3fcf3be1e96d7fec63a327b585f7,gemma4,no-gloves,True,False
snehilsanyal-main__construction-253-_jpg.rf.c67e3fcf3be1e96d7fec63a327b585f7,gemma4,no-boots,True,False
snehilsanyal-main__construction-253-_jpg.rf.c67e3fcf3be1e96d7fec63a327b585f7,gemma4,no-vest,True,False
snehilsanyal-main__construction-253-_jpg.rf.c67e3fcf3be1e96d7fec63a327b585f7,minicpm-v,person,True,False
snehilsanyal-main__construction-253-_jpg.rf.c67e3fcf3be1e96d7fec63a327b585f7,minicpm-v,helmet,False,False
snehilsanyal-main__construction-253-_jpg.rf.c67e3fcf3be1e96d7fec63a327b585f7,minicpm-v,gloves,False,False
snehilsanyal-main__construction-253-_jpg.rf.c67e3fcf3be1e96d7fec63a327b585f7,minicpm-v,boots,False,False
snehilsanyal-main__construction-253-_jpg.rf.c67e3fcf3be1e96d7fec63a327b585f7,minicpm-v,vest,False,False
snehilsanyal-main__construction-253-_jpg.rf.c67e3fcf3be1e96d7fec63a327b585f7,minicpm-v,no-helmet,True,False
snehilsanyal-main__construction-253-_jpg.rf.c67e3fcf3be1e96d7fec63a327b585f7,minicpm-v,no-gloves,True,False
snehilsanyal-main__construction-253-_jpg.rf.c67e3fcf3be1e96d7fec63a327b585f7,minicpm-v,no-boots,True,False
snehilsanyal-main__construction-253-_jpg.rf.c67e3fcf3be1e96d7fec63a327b585f7,minicpm-v,no-vest,True,False
snehilsanyal-main__construction-369-_jpg.rf.23dd790f943919d62800543641ea8474,yolo,person,True,False
snehilsanyal-main__construction-369-_jpg.rf.23dd790f943919d62800543641ea8474,yolo,helmet,True,False
snehilsanyal-main__construction-369-_jpg.rf.23dd790f943919d62800543641ea8474,yolo,gloves,False,False
snehilsanyal-main__construction-369-_jpg.rf.23dd790f943919d62800543641ea8474,yolo,boots,False,False
snehilsanyal-main__construction-369-_jpg.rf.23dd790f943919d62800543641ea8474,yolo,vest,True,False
snehilsanyal-main__construction-369-_jpg.rf.23dd790f943919d62800543641ea8474,yolo,no-helmet,True,False
snehilsanyal-main__construction-369-_jpg.rf.23dd790f943919d62800543641ea8474,yolo,no-gloves,False,False
snehilsanyal-main__construction-369-_jpg.rf.23dd790f943919d62800543641ea8474,yolo,no-boots,False,False
snehilsanyal-main__construction-369-_jpg.rf.23dd790f943919d62800543641ea8474,yolo,no-vest,True,False
snehilsanyal-main__construction-369-_jpg.rf.23dd790f943919d62800543641ea8474,ollama,person,True,False
snehilsanyal-main__construction-369-_jpg.rf.23dd790f943919d62800543641ea8474,ollama,helmet,True,False
snehilsanyal-main__construction-369-_jpg.rf.23dd790f943919d62800543641ea8474,ollama,gloves,True,False
snehilsanyal-main__construction-369-_jpg.rf.23dd790f943919d62800543641ea8474,ollama,boots,True,False
snehilsanyal-main__construction-369-_jpg.rf.23dd790f943919d62800543641ea8474,ollama,vest,True,False
snehilsanyal-main__construction-369-_jpg.rf.23dd790f943919d62800543641ea8474,ollama,no-helmet,True,False
snehilsanyal-main__construction-369-_jpg.rf.23dd790f943919d62800543641ea8474,ollama,no-gloves,True,False
snehilsanyal-main__construction-369-_jpg.rf.23dd790f943919d62800543641ea8474,ollama,no-boots,True,False
snehilsanyal-main__construction-369-_jpg.rf.23dd790f943919d62800543641ea8474,ollama,no-vest,True,False
snehilsanyal-main__construction-369-_jpg.rf.23dd790f943919d62800543641ea8474,qwen3-vl,person,True,False
snehilsanyal-main__construction-369-_jpg.rf.23dd790f943919d62800543641ea8474,qwen3-vl,helmet,True,False
snehilsanyal-main__construction-369-_jpg.rf.23dd790f943919d62800543641ea8474,qwen3-vl,gloves,False,False
snehilsanyal-main__construction-369-_jpg.rf.23dd790f943919d62800543641ea8474,qwen3-vl,boots,True,False
snehilsanyal-main__construction-369-_jpg.rf.23dd790f943919d62800543641ea8474,qwen3-vl,vest,True,False
snehilsanyal-main__construction-369-_jpg.rf.23dd790f943919d62800543641ea8474,qwen3-vl,no-helmet,False,False
snehilsanyal-main__construction-369-_jpg.rf.23dd790f943919d62800543641ea8474,qwen3-vl,no-gloves,False,False
snehilsanyal-main__construction-369-_jpg.rf.23dd790f943919d62800543641ea8474,qwen3-vl,no-boots,False,False
snehilsanyal-main__construction-369-_jpg.rf.23dd790f943919d62800543641ea8474,qwen3-vl,no-vest,False,False
snehilsanyal-main__construction-369-_jpg.rf.23dd790f943919d62800543641ea8474,gemma4,person,True,False
snehilsanyal-main__construction-369-_jpg.rf.23dd790f943919d62800543641ea8474,gemma4,helmet,False,False
snehilsanyal-main__construction-369-_jpg.rf.23dd790f943919d62800543641ea8474,gemma4,gloves,False,False
snehilsanyal-main__construction-369-_jpg.rf.23dd790f943919d62800543641ea8474,gemma4,boots,True,False
snehilsanyal-main__construction-369-_jpg.rf.23dd790f943919d62800543641ea8474,gemma4,vest,True,False
snehilsanyal-main__construction-369-_jpg.rf.23dd790f943919d62800543641ea8474,gemma4,no-helmet,True,False
snehilsanyal-main__construction-369-_jpg.rf.23dd790f943919d62800543641ea8474,gemma4,no-gloves,True,False
snehilsanyal-main__construction-369-_jpg.rf.23dd790f943919d62800543641ea8474,gemma4,no-boots,False,False
snehilsanyal-main__construction-369-_jpg.rf.23dd790f943919d62800543641ea8474,gemma4,no-vest,False,False
snehilsanyal-main__construction-369-_jpg.rf.23dd790f943919d62800543641ea8474,minicpm-v,person,True,False
snehilsanyal-main__construction-369-_jpg.rf.23dd790f943919d62800543641ea8474,minicpm-v,helmet,False,False
snehilsanyal-main__construction-369-_jpg.rf.23dd790f943919d62800543641ea8474,minicpm-v,gloves,True,False
snehilsanyal-main__construction-369-_jpg.rf.23dd790f943919d62800543641ea8474,minicpm-v,boots,True,False
snehilsanyal-main__construction-369-_jpg.rf.23dd790f943919d62800543641ea8474,minicpm-v,vest,True,False
snehilsanyal-main__construction-369-_jpg.rf.23dd790f943919d62800543641ea8474,minicpm-v,no-helmet,False,False
snehilsanyal-main__construction-369-_jpg.rf.23dd790f943919d62800543641ea8474,minicpm-v,no-gloves,False,False
snehilsanyal-main__construction-369-_jpg.rf.23dd790f943919d62800543641ea8474,minicpm-v,no-boots,False,False
snehilsanyal-main__construction-369-_jpg.rf.23dd790f943919d62800543641ea8474,minicpm-v,no-vest,False,False
snehilsanyal-main__construction-708-_jpg.rf.8412869d37074b8796769c0d431af32e,yolo,person,True,False
snehilsanyal-main__construction-708-_jpg.rf.8412869d37074b8796769c0d431af32e,yolo,helmet,True,False
snehilsanyal-main__construction-708-_jpg.rf.8412869d37074b8796769c0d431af32e,yolo,gloves,False,False
snehilsanyal-main__construction-708-_jpg.rf.8412869d37074b8796769c0d431af32e,yolo,boots,False,False
snehilsanyal-main__construction-708-_jpg.rf.8412869d37074b8796769c0d431af32e,yolo,vest,True,False
snehilsanyal-main__construction-708-_jpg.rf.8412869d37074b8796769c0d431af32e,yolo,no-helmet,False,False
snehilsanyal-main__construction-708-_jpg.rf.8412869d37074b8796769c0d431af32e,yolo,no-gloves,False,False
snehilsanyal-main__construction-708-_jpg.rf.8412869d37074b8796769c0d431af32e,yolo,no-boots,False,False
snehilsanyal-main__construction-708-_jpg.rf.8412869d37074b8796769c0d431af32e,yolo,no-vest,True,False
snehilsanyal-main__construction-708-_jpg.rf.8412869d37074b8796769c0d431af32e,ollama,person,True,False
snehilsanyal-main__construction-708-_jpg.rf.8412869d37074b8796769c0d431af32e,ollama,helmet,True,False
snehilsanyal-main__construction-708-_jpg.rf.8412869d37074b8796769c0d431af32e,ollama,gloves,True,False
snehilsanyal-main__construction-708-_jpg.rf.8412869d37074b8796769c0d431af32e,ollama,boots,True,False
snehilsanyal-main__construction-708-_jpg.rf.8412869d37074b8796769c0d431af32e,ollama,vest,True,False
snehilsanyal-main__construction-708-_jpg.rf.8412869d37074b8796769c0d431af32e,ollama,no-helmet,False,False
snehilsanyal-main__construction-708-_jpg.rf.8412869d37074b8796769c0d431af32e,ollama,no-gloves,False,False
snehilsanyal-main__construction-708-_jpg.rf.8412869d37074b8796769c0d431af32e,ollama,no-boots,False,False
snehilsanyal-main__construction-708-_jpg.rf.8412869d37074b8796769c0d431af32e,ollama,no-vest,False,False
snehilsanyal-main__construction-708-_jpg.rf.8412869d37074b8796769c0d431af32e,qwen3-vl,person,True,False
snehilsanyal-main__construction-708-_jpg.rf.8412869d37074b8796769c0d431af32e,qwen3-vl,helmet,True,False
snehilsanyal-main__construction-708-_jpg.rf.8412869d37074b8796769c0d431af32e,qwen3-vl,gloves,True,False
snehilsanyal-main__construction-708-_jpg.rf.8412869d37074b8796769c0d431af32e,qwen3-vl,boots,True,False
snehilsanyal-main__construction-708-_jpg.rf.8412869d37074b8796769c0d431af32e,qwen3-vl,vest,True,False
snehilsanyal-main__construction-708-_jpg.rf.8412869d37074b8796769c0d431af32e,qwen3-vl,no-helmet,True,False
snehilsanyal-main__construction-708-_jpg.rf.8412869d37074b8796769c0d431af32e,qwen3-vl,no-gloves,True,False
snehilsanyal-main__construction-708-_jpg.rf.8412869d37074b8796769c0d431af32e,qwen3-vl,no-boots,True,False
snehilsanyal-main__construction-708-_jpg.rf.8412869d37074b8796769c0d431af32e,qwen3-vl,no-vest,True,False
snehilsanyal-main__construction-708-_jpg.rf.8412869d37074b8796769c0d431af32e,gemma4,person,True,False
snehilsanyal-main__construction-708-_jpg.rf.8412869d37074b8796769c0d431af32e,gemma4,helmet,False,False
snehilsanyal-main__construction-708-_jpg.rf.8412869d37074b8796769c0d431af32e,gemma4,gloves,False,False
snehilsanyal-main__construction-708-_jpg.rf.8412869d37074b8796769c0d431af32e,gemma4,boots,True,False
snehilsanyal-main__construction-708-_jpg.rf.8412869d37074b8796769c0d431af32e,gemma4,vest,True,False
snehilsanyal-main__construction-708-_jpg.rf.8412869d37074b8796769c0d431af32e,gemma4,no-helmet,True,False
snehilsanyal-main__construction-708-_jpg.rf.8412869d37074b8796769c0d431af32e,gemma4,no-gloves,True,False
snehilsanyal-main__construction-708-_jpg.rf.8412869d37074b8796769c0d431af32e,gemma4,no-boots,False,False
snehilsanyal-main__construction-708-_jpg.rf.8412869d37074b8796769c0d431af32e,gemma4,no-vest,False,False
snehilsanyal-main__construction-708-_jpg.rf.8412869d37074b8796769c0d431af32e,minicpm-v,person,True,False
snehilsanyal-main__construction-708-_jpg.rf.8412869d37074b8796769c0d431af32e,minicpm-v,helmet,True,False
snehilsanyal-main__construction-708-_jpg.rf.8412869d37074b8796769c0d431af32e,minicpm-v,gloves,True,False
snehilsanyal-main__construction-708-_jpg.rf.8412869d37074b8796769c0d431af32e,minicpm-v,boots,True,False
snehilsanyal-main__construction-708-_jpg.rf.8412869d37074b8796769c0d431af32e,minicpm-v,vest,True,False
snehilsanyal-main__construction-708-_jpg.rf.8412869d37074b8796769c0d431af32e,minicpm-v,no-helmet,False,False
snehilsanyal-main__construction-708-_jpg.rf.8412869d37074b8796769c0d431af32e,minicpm-v,no-gloves,False,False
snehilsanyal-main__construction-708-_jpg.rf.8412869d37074b8796769c0d431af32e,minicpm-v,no-boots,False,False
snehilsanyal-main__construction-708-_jpg.rf.8412869d37074b8796769c0d431af32e,minicpm-v,no-vest,False,False
snehilsanyal-main__image_55_jpg.rf.687fe5037e332ac02eb6cc93310845be,yolo,person,True,False
snehilsanyal-main__image_55_jpg.rf.687fe5037e332ac02eb6cc93310845be,yolo,helmet,True,False
snehilsanyal-main__image_55_jpg.rf.687fe5037e332ac02eb6cc93310845be,yolo,gloves,False,False
snehilsanyal-main__image_55_jpg.rf.687fe5037e332ac02eb6cc93310845be,yolo,boots,False,False
snehilsanyal-main__image_55_jpg.rf.687fe5037e332ac02eb6cc93310845be,yolo,vest,True,False
snehilsanyal-main__image_55_jpg.rf.687fe5037e332ac02eb6cc93310845be,yolo,no-helmet,False,False
snehilsanyal-main__image_55_jpg.rf.687fe5037e332ac02eb6cc93310845be,yolo,no-gloves,False,False
snehilsanyal-main__image_55_jpg.rf.687fe5037e332ac02eb6cc93310845be,yolo,no-boots,False,False
snehilsanyal-main__image_55_jpg.rf.687fe5037e332ac02eb6cc93310845be,yolo,no-vest,False,False
snehilsanyal-main__image_55_jpg.rf.687fe5037e332ac02eb6cc93310845be,ollama,person,True,False
snehilsanyal-main__image_55_jpg.rf.687fe5037e332ac02eb6cc93310845be,ollama,helmet,True,False
snehilsanyal-main__image_55_jpg.rf.687fe5037e332ac02eb6cc93310845be,ollama,gloves,True,False
snehilsanyal-main__image_55_jpg.rf.687fe5037e332ac02eb6cc93310845be,ollama,boots,True,False
snehilsanyal-main__image_55_jpg.rf.687fe5037e332ac02eb6cc93310845be,ollama,vest,True,False
snehilsanyal-main__image_55_jpg.rf.687fe5037e332ac02eb6cc93310845be,ollama,no-helmet,True,False
snehilsanyal-main__image_55_jpg.rf.687fe5037e332ac02eb6cc93310845be,ollama,no-gloves,True,False
snehilsanyal-main__image_55_jpg.rf.687fe5037e332ac02eb6cc93310845be,ollama,no-boots,True,False
snehilsanyal-main__image_55_jpg.rf.687fe5037e332ac02eb6cc93310845be,ollama,no-vest,True,False
snehilsanyal-main__image_55_jpg.rf.687fe5037e332ac02eb6cc93310845be,qwen3-vl,person,True,False
snehilsanyal-main__image_55_jpg.rf.687fe5037e332ac02eb6cc93310845be,qwen3-vl,helmet,True,False
snehilsanyal-main__image_55_jpg.rf.687fe5037e332ac02eb6cc93310845be,qwen3-vl,gloves,False,False
snehilsanyal-main__image_55_jpg.rf.687fe5037e332ac02eb6cc93310845be,qwen3-vl,boots,False,False
snehilsanyal-main__image_55_jpg.rf.687fe5037e332ac02eb6cc93310845be,qwen3-vl,vest,True,False
snehilsanyal-main__image_55_jpg.rf.687fe5037e332ac02eb6cc93310845be,qwen3-vl,no-helmet,False,False
snehilsanyal-main__image_55_jpg.rf.687fe5037e332ac02eb6cc93310845be,qwen3-vl,no-gloves,False,False
snehilsanyal-main__image_55_jpg.rf.687fe5037e332ac02eb6cc93310845be,qwen3-vl,no-boots,False,False
snehilsanyal-main__image_55_jpg.rf.687fe5037e332ac02eb6cc93310845be,qwen3-vl,no-vest,False,False
snehilsanyal-main__image_55_jpg.rf.687fe5037e332ac02eb6cc93310845be,gemma4,person,True,False
snehilsanyal-main__image_55_jpg.rf.687fe5037e332ac02eb6cc93310845be,gemma4,helmet,True,False
snehilsanyal-main__image_55_jpg.rf.687fe5037e332ac02eb6cc93310845be,gemma4,gloves,False,False
snehilsanyal-main__image_55_jpg.rf.687fe5037e332ac02eb6cc93310845be,gemma4,boots,True,False
snehilsanyal-main__image_55_jpg.rf.687fe5037e332ac02eb6cc93310845be,gemma4,vest,True,False
snehilsanyal-main__image_55_jpg.rf.687fe5037e332ac02eb6cc93310845be,gemma4,no-helmet,False,False
snehilsanyal-main__image_55_jpg.rf.687fe5037e332ac02eb6cc93310845be,gemma4,no-gloves,True,False
snehilsanyal-main__image_55_jpg.rf.687fe5037e332ac02eb6cc93310845be,gemma4,no-boots,False,False
snehilsanyal-main__image_55_jpg.rf.687fe5037e332ac02eb6cc93310845be,gemma4,no-vest,False,False
snehilsanyal-main__image_55_jpg.rf.687fe5037e332ac02eb6cc93310845be,minicpm-v,person,True,False
snehilsanyal-main__image_55_jpg.rf.687fe5037e332ac02eb6cc93310845be,minicpm-v,helmet,True,False
snehilsanyal-main__image_55_jpg.rf.687fe5037e332ac02eb6cc93310845be,minicpm-v,gloves,False,False
snehilsanyal-main__image_55_jpg.rf.687fe5037e332ac02eb6cc93310845be,minicpm-v,boots,True,False
snehilsanyal-main__image_55_jpg.rf.687fe5037e332ac02eb6cc93310845be,minicpm-v,vest,True,False
snehilsanyal-main__image_55_jpg.rf.687fe5037e332ac02eb6cc93310845be,minicpm-v,no-helmet,False,False
snehilsanyal-main__image_55_jpg.rf.687fe5037e332ac02eb6cc93310845be,minicpm-v,no-gloves,True,False
snehilsanyal-main__image_55_jpg.rf.687fe5037e332ac02eb6cc93310845be,minicpm-v,no-boots,False,False
snehilsanyal-main__image_55_jpg.rf.687fe5037e332ac02eb6cc93310845be,minicpm-v,no-vest,False,False
snehilsanyal-main__image_560_jpg.rf.cec604e4e8173d635fc4c4170df9d739,yolo,person,True,False
snehilsanyal-main__image_560_jpg.rf.cec604e4e8173d635fc4c4170df9d739,yolo,helmet,False,False
snehilsanyal-main__image_560_jpg.rf.cec604e4e8173d635fc4c4170df9d739,yolo,gloves,False,False
snehilsanyal-main__image_560_jpg.rf.cec604e4e8173d635fc4c4170df9d739,yolo,boots,False,False
snehilsanyal-main__image_560_jpg.rf.cec604e4e8173d635fc4c4170df9d739,yolo,vest,False,False
snehilsanyal-main__image_560_jpg.rf.cec604e4e8173d635fc4c4170df9d739,yolo,no-helmet,False,False
snehilsanyal-main__image_560_jpg.rf.cec604e4e8173d635fc4c4170df9d739,yolo,no-gloves,False,False
snehilsanyal-main__image_560_jpg.rf.cec604e4e8173d635fc4c4170df9d739,yolo,no-boots,False,False
snehilsanyal-main__image_560_jpg.rf.cec604e4e8173d635fc4c4170df9d739,yolo,no-vest,True,False
snehilsanyal-main__image_560_jpg.rf.cec604e4e8173d635fc4c4170df9d739,ollama,person,True,False
snehilsanyal-main__image_560_jpg.rf.cec604e4e8173d635fc4c4170df9d739,ollama,helmet,True,False
snehilsanyal-main__image_560_jpg.rf.cec604e4e8173d635fc4c4170df9d739,ollama,gloves,False,False
snehilsanyal-main__image_560_jpg.rf.cec604e4e8173d635fc4c4170df9d739,ollama,boots,True,False
snehilsanyal-main__image_560_jpg.rf.cec604e4e8173d635fc4c4170df9d739,ollama,vest,False,False
snehilsanyal-main__image_560_jpg.rf.cec604e4e8173d635fc4c4170df9d739,ollama,no-helmet,False,False
snehilsanyal-main__image_560_jpg.rf.cec604e4e8173d635fc4c4170df9d739,ollama,no-gloves,True,False
snehilsanyal-main__image_560_jpg.rf.cec604e4e8173d635fc4c4170df9d739,ollama,no-boots,True,False
snehilsanyal-main__image_560_jpg.rf.cec604e4e8173d635fc4c4170df9d739,ollama,no-vest,False,False
snehilsanyal-main__image_560_jpg.rf.cec604e4e8173d635fc4c4170df9d739,qwen3-vl,person,True,False
snehilsanyal-main__image_560_jpg.rf.cec604e4e8173d635fc4c4170df9d739,qwen3-vl,helmet,False,False
snehilsanyal-main__image_560_jpg.rf.cec604e4e8173d635fc4c4170df9d739,qwen3-vl,gloves,True,False
snehilsanyal-main__image_560_jpg.rf.cec604e4e8173d635fc4c4170df9d739,qwen3-vl,boots,False,False
snehilsanyal-main__image_560_jpg.rf.cec604e4e8173d635fc4c4170df9d739,qwen3-vl,vest,False,False
snehilsanyal-main__image_560_jpg.rf.cec604e4e8173d635fc4c4170df9d739,qwen3-vl,no-helmet,True,False
snehilsanyal-main__image_560_jpg.rf.cec604e4e8173d635fc4c4170df9d739,qwen3-vl,no-gloves,False,False
snehilsanyal-main__image_560_jpg.rf.cec604e4e8173d635fc4c4170df9d739,qwen3-vl,no-boots,True,False
snehilsanyal-main__image_560_jpg.rf.cec604e4e8173d635fc4c4170df9d739,qwen3-vl,no-vest,False,False
snehilsanyal-main__image_560_jpg.rf.cec604e4e8173d635fc4c4170df9d739,gemma4,person,True,False
snehilsanyal-main__image_560_jpg.rf.cec604e4e8173d635fc4c4170df9d739,gemma4,helmet,True,False
snehilsanyal-main__image_560_jpg.rf.cec604e4e8173d635fc4c4170df9d739,gemma4,gloves,True,False
snehilsanyal-main__image_560_jpg.rf.cec604e4e8173d635fc4c4170df9d739,gemma4,boots,True,False
snehilsanyal-main__image_560_jpg.rf.cec604e4e8173d635fc4c4170df9d739,gemma4,vest,True,False
snehilsanyal-main__image_560_jpg.rf.cec604e4e8173d635fc4c4170df9d739,gemma4,no-helmet,False,False
snehilsanyal-main__image_560_jpg.rf.cec604e4e8173d635fc4c4170df9d739,gemma4,no-gloves,False,False
snehilsanyal-main__image_560_jpg.rf.cec604e4e8173d635fc4c4170df9d739,gemma4,no-boots,False,False
snehilsanyal-main__image_560_jpg.rf.cec604e4e8173d635fc4c4170df9d739,gemma4,no-vest,False,False
snehilsanyal-main__image_560_jpg.rf.cec604e4e8173d635fc4c4170df9d739,minicpm-v,person,True,False
snehilsanyal-main__image_560_jpg.rf.cec604e4e8173d635fc4c4170df9d739,minicpm-v,helmet,False,False
snehilsanyal-main__image_560_jpg.rf.cec604e4e8173d635fc4c4170df9d739,minicpm-v,gloves,True,False
snehilsanyal-main__image_560_jpg.rf.cec604e4e8173d635fc4c4170df9d739,minicpm-v,boots,True,False
snehilsanyal-main__image_560_jpg.rf.cec604e4e8173d635fc4c4170df9d739,minicpm-v,vest,True,False
snehilsanyal-main__image_560_jpg.rf.cec604e4e8173d635fc4c4170df9d739,minicpm-v,no-helmet,True,False
snehilsanyal-main__image_560_jpg.rf.cec604e4e8173d635fc4c4170df9d739,minicpm-v,no-gloves,True,False
snehilsanyal-main__image_560_jpg.rf.cec604e4e8173d635fc4c4170df9d739,minicpm-v,no-boots,False,False
snehilsanyal-main__image_560_jpg.rf.cec604e4e8173d635fc4c4170df9d739,minicpm-v,no-vest,False,False
snehilsanyal-main__maksssksksss710_png_jpg.rf.faeb1cc9ddc4e6c506648fc7324f54d0,yolo,person,True,False
snehilsanyal-main__maksssksksss710_png_jpg.rf.faeb1cc9ddc4e6c506648fc7324f54d0,yolo,helmet,False,False
snehilsanyal-main__maksssksksss710_png_jpg.rf.faeb1cc9ddc4e6c506648fc7324f54d0,yolo,gloves,False,False
snehilsanyal-main__maksssksksss710_png_jpg.rf.faeb1cc9ddc4e6c506648fc7324f54d0,yolo,boots,False,False
snehilsanyal-main__maksssksksss710_png_jpg.rf.faeb1cc9ddc4e6c506648fc7324f54d0,yolo,vest,False,False
snehilsanyal-main__maksssksksss710_png_jpg.rf.faeb1cc9ddc4e6c506648fc7324f54d0,yolo,no-helmet,True,False
snehilsanyal-main__maksssksksss710_png_jpg.rf.faeb1cc9ddc4e6c506648fc7324f54d0,yolo,no-gloves,False,False
snehilsanyal-main__maksssksksss710_png_jpg.rf.faeb1cc9ddc4e6c506648fc7324f54d0,yolo,no-boots,False,False
snehilsanyal-main__maksssksksss710_png_jpg.rf.faeb1cc9ddc4e6c506648fc7324f54d0,yolo,no-vest,True,False
snehilsanyal-main__maksssksksss710_png_jpg.rf.faeb1cc9ddc4e6c506648fc7324f54d0,ollama,person,True,False
snehilsanyal-main__maksssksksss710_png_jpg.rf.faeb1cc9ddc4e6c506648fc7324f54d0,ollama,helmet,False,False
snehilsanyal-main__maksssksksss710_png_jpg.rf.faeb1cc9ddc4e6c506648fc7324f54d0,ollama,gloves,False,False
snehilsanyal-main__maksssksksss710_png_jpg.rf.faeb1cc9ddc4e6c506648fc7324f54d0,ollama,boots,True,False
snehilsanyal-main__maksssksksss710_png_jpg.rf.faeb1cc9ddc4e6c506648fc7324f54d0,ollama,vest,True,False
snehilsanyal-main__maksssksksss710_png_jpg.rf.faeb1cc9ddc4e6c506648fc7324f54d0,ollama,no-helmet,False,False
snehilsanyal-main__maksssksksss710_png_jpg.rf.faeb1cc9ddc4e6c506648fc7324f54d0,ollama,no-gloves,False,False
snehilsanyal-main__maksssksksss710_png_jpg.rf.faeb1cc9ddc4e6c506648fc7324f54d0,ollama,no-boots,False,False
snehilsanyal-main__maksssksksss710_png_jpg.rf.faeb1cc9ddc4e6c506648fc7324f54d0,ollama,no-vest,False,False
snehilsanyal-main__maksssksksss710_png_jpg.rf.faeb1cc9ddc4e6c506648fc7324f54d0,qwen3-vl,person,True,False
snehilsanyal-main__maksssksksss710_png_jpg.rf.faeb1cc9ddc4e6c506648fc7324f54d0,qwen3-vl,helmet,False,False
snehilsanyal-main__maksssksksss710_png_jpg.rf.faeb1cc9ddc4e6c506648fc7324f54d0,qwen3-vl,gloves,False,False
snehilsanyal-main__maksssksksss710_png_jpg.rf.faeb1cc9ddc4e6c506648fc7324f54d0,qwen3-vl,boots,False,False
snehilsanyal-main__maksssksksss710_png_jpg.rf.faeb1cc9ddc4e6c506648fc7324f54d0,qwen3-vl,vest,False,False
snehilsanyal-main__maksssksksss710_png_jpg.rf.faeb1cc9ddc4e6c506648fc7324f54d0,qwen3-vl,no-helmet,True,False
snehilsanyal-main__maksssksksss710_png_jpg.rf.faeb1cc9ddc4e6c506648fc7324f54d0,qwen3-vl,no-gloves,True,False
snehilsanyal-main__maksssksksss710_png_jpg.rf.faeb1cc9ddc4e6c506648fc7324f54d0,qwen3-vl,no-boots,True,False
snehilsanyal-main__maksssksksss710_png_jpg.rf.faeb1cc9ddc4e6c506648fc7324f54d0,qwen3-vl,no-vest,True,False
snehilsanyal-main__maksssksksss710_png_jpg.rf.faeb1cc9ddc4e6c506648fc7324f54d0,gemma4,person,True,False
snehilsanyal-main__maksssksksss710_png_jpg.rf.faeb1cc9ddc4e6c506648fc7324f54d0,gemma4,helmet,True,False
snehilsanyal-main__maksssksksss710_png_jpg.rf.faeb1cc9ddc4e6c506648fc7324f54d0,gemma4,gloves,True,False
snehilsanyal-main__maksssksksss710_png_jpg.rf.faeb1cc9ddc4e6c506648fc7324f54d0,gemma4,boots,True,False
snehilsanyal-main__maksssksksss710_png_jpg.rf.faeb1cc9ddc4e6c506648fc7324f54d0,gemma4,vest,True,False
snehilsanyal-main__maksssksksss710_png_jpg.rf.faeb1cc9ddc4e6c506648fc7324f54d0,gemma4,no-helmet,False,False
snehilsanyal-main__maksssksksss710_png_jpg.rf.faeb1cc9ddc4e6c506648fc7324f54d0,gemma4,no-gloves,False,False
snehilsanyal-main__maksssksksss710_png_jpg.rf.faeb1cc9ddc4e6c506648fc7324f54d0,gemma4,no-boots,False,False
snehilsanyal-main__maksssksksss710_png_jpg.rf.faeb1cc9ddc4e6c506648fc7324f54d0,gemma4,no-vest,False,False
snehilsanyal-main__maksssksksss710_png_jpg.rf.faeb1cc9ddc4e6c506648fc7324f54d0,minicpm-v,person,True,False
snehilsanyal-main__maksssksksss710_png_jpg.rf.faeb1cc9ddc4e6c506648fc7324f54d0,minicpm-v,helmet,True,False
snehilsanyal-main__maksssksksss710_png_jpg.rf.faeb1cc9ddc4e6c506648fc7324f54d0,minicpm-v,gloves,False,False
snehilsanyal-main__maksssksksss710_png_jpg.rf.faeb1cc9ddc4e6c506648fc7324f54d0,minicpm-v,boots,False,False
snehilsanyal-main__maksssksksss710_png_jpg.rf.faeb1cc9ddc4e6c506648fc7324f54d0,minicpm-v,vest,False,False
snehilsanyal-main__maksssksksss710_png_jpg.rf.faeb1cc9ddc4e6c506648fc7324f54d0,minicpm-v,no-helmet,False,False
snehilsanyal-main__maksssksksss710_png_jpg.rf.faeb1cc9ddc4e6c506648fc7324f54d0,minicpm-v,no-gloves,True,False
snehilsanyal-main__maksssksksss710_png_jpg.rf.faeb1cc9ddc4e6c506648fc7324f54d0,minicpm-v,no-boots,True,False
snehilsanyal-main__maksssksksss710_png_jpg.rf.faeb1cc9ddc4e6c506648fc7324f54d0,minicpm-v,no-vest,True,False
snehilsanyal-main__mask-wearing-1632933572733_png_jpg.rf.ade0dc53cbb1070b9623428cd6d4ce74,yolo,person,True,False
snehilsanyal-main__mask-wearing-1632933572733_png_jpg.rf.ade0dc53cbb1070b9623428cd6d4ce74,yolo,helmet,False,False
snehilsanyal-main__mask-wearing-1632933572733_png_jpg.rf.ade0dc53cbb1070b9623428cd6d4ce74,yolo,gloves,False,False
snehilsanyal-main__mask-wearing-1632933572733_png_jpg.rf.ade0dc53cbb1070b9623428cd6d4ce74,yolo,boots,False,False
snehilsanyal-main__mask-wearing-1632933572733_png_jpg.rf.ade0dc53cbb1070b9623428cd6d4ce74,yolo,vest,False,False
snehilsanyal-main__mask-wearing-1632933572733_png_jpg.rf.ade0dc53cbb1070b9623428cd6d4ce74,yolo,no-helmet,True,False
snehilsanyal-main__mask-wearing-1632933572733_png_jpg.rf.ade0dc53cbb1070b9623428cd6d4ce74,yolo,no-gloves,False,False
snehilsanyal-main__mask-wearing-1632933572733_png_jpg.rf.ade0dc53cbb1070b9623428cd6d4ce74,yolo,no-boots,False,False
snehilsanyal-main__mask-wearing-1632933572733_png_jpg.rf.ade0dc53cbb1070b9623428cd6d4ce74,yolo,no-vest,True,False
snehilsanyal-main__mask-wearing-1632933572733_png_jpg.rf.ade0dc53cbb1070b9623428cd6d4ce74,ollama,person,True,False
snehilsanyal-main__mask-wearing-1632933572733_png_jpg.rf.ade0dc53cbb1070b9623428cd6d4ce74,ollama,helmet,False,False
snehilsanyal-main__mask-wearing-1632933572733_png_jpg.rf.ade0dc53cbb1070b9623428cd6d4ce74,ollama,gloves,False,False
snehilsanyal-main__mask-wearing-1632933572733_png_jpg.rf.ade0dc53cbb1070b9623428cd6d4ce74,ollama,boots,True,False
snehilsanyal-main__mask-wearing-1632933572733_png_jpg.rf.ade0dc53cbb1070b9623428cd6d4ce74,ollama,vest,False,False
snehilsanyal-main__mask-wearing-1632933572733_png_jpg.rf.ade0dc53cbb1070b9623428cd6d4ce74,ollama,no-helmet,True,False
snehilsanyal-main__mask-wearing-1632933572733_png_jpg.rf.ade0dc53cbb1070b9623428cd6d4ce74,ollama,no-gloves,True,False
snehilsanyal-main__mask-wearing-1632933572733_png_jpg.rf.ade0dc53cbb1070b9623428cd6d4ce74,ollama,no-boots,True,False
snehilsanyal-main__mask-wearing-1632933572733_png_jpg.rf.ade0dc53cbb1070b9623428cd6d4ce74,ollama,no-vest,False,False
snehilsanyal-main__mask-wearing-1632933572733_png_jpg.rf.ade0dc53cbb1070b9623428cd6d4ce74,qwen3-vl,person,True,False
snehilsanyal-main__mask-wearing-1632933572733_png_jpg.rf.ade0dc53cbb1070b9623428cd6d4ce74,qwen3-vl,helmet,False,False
snehilsanyal-main__mask-wearing-1632933572733_png_jpg.rf.ade0dc53cbb1070b9623428cd6d4ce74,qwen3-vl,gloves,False,False
snehilsanyal-main__mask-wearing-1632933572733_png_jpg.rf.ade0dc53cbb1070b9623428cd6d4ce74,qwen3-vl,boots,False,False
snehilsanyal-main__mask-wearing-1632933572733_png_jpg.rf.ade0dc53cbb1070b9623428cd6d4ce74,qwen3-vl,vest,False,False
snehilsanyal-main__mask-wearing-1632933572733_png_jpg.rf.ade0dc53cbb1070b9623428cd6d4ce74,qwen3-vl,no-helmet,True,False
snehilsanyal-main__mask-wearing-1632933572733_png_jpg.rf.ade0dc53cbb1070b9623428cd6d4ce74,qwen3-vl,no-gloves,True,False
snehilsanyal-main__mask-wearing-1632933572733_png_jpg.rf.ade0dc53cbb1070b9623428cd6d4ce74,qwen3-vl,no-boots,True,False
snehilsanyal-main__mask-wearing-1632933572733_png_jpg.rf.ade0dc53cbb1070b9623428cd6d4ce74,qwen3-vl,no-vest,True,False
snehilsanyal-main__mask-wearing-1632933572733_png_jpg.rf.ade0dc53cbb1070b9623428cd6d4ce74,gemma4,person,True,False
snehilsanyal-main__mask-wearing-1632933572733_png_jpg.rf.ade0dc53cbb1070b9623428cd6d4ce74,gemma4,helmet,False,False
snehilsanyal-main__mask-wearing-1632933572733_png_jpg.rf.ade0dc53cbb1070b9623428cd6d4ce74,gemma4,gloves,True,False
snehilsanyal-main__mask-wearing-1632933572733_png_jpg.rf.ade0dc53cbb1070b9623428cd6d4ce74,gemma4,boots,True,False
snehilsanyal-main__mask-wearing-1632933572733_png_jpg.rf.ade0dc53cbb1070b9623428cd6d4ce74,gemma4,vest,True,False
snehilsanyal-main__mask-wearing-1632933572733_png_jpg.rf.ade0dc53cbb1070b9623428cd6d4ce74,gemma4,no-helmet,True,False
snehilsanyal-main__mask-wearing-1632933572733_png_jpg.rf.ade0dc53cbb1070b9623428cd6d4ce74,gemma4,no-gloves,False,False
snehilsanyal-main__mask-wearing-1632933572733_png_jpg.rf.ade0dc53cbb1070b9623428cd6d4ce74,gemma4,no-boots,False,False
snehilsanyal-main__mask-wearing-1632933572733_png_jpg.rf.ade0dc53cbb1070b9623428cd6d4ce74,gemma4,no-vest,False,False
snehilsanyal-main__mask-wearing-1632933572733_png_jpg.rf.ade0dc53cbb1070b9623428cd6d4ce74,minicpm-v,person,True,False
snehilsanyal-main__mask-wearing-1632933572733_png_jpg.rf.ade0dc53cbb1070b9623428cd6d4ce74,minicpm-v,helmet,False,False
snehilsanyal-main__mask-wearing-1632933572733_png_jpg.rf.ade0dc53cbb1070b9623428cd6d4ce74,minicpm-v,gloves,True,False
snehilsanyal-main__mask-wearing-1632933572733_png_jpg.rf.ade0dc53cbb1070b9623428cd6d4ce74,minicpm-v,boots,False,False
snehilsanyal-main__mask-wearing-1632933572733_png_jpg.rf.ade0dc53cbb1070b9623428cd6d4ce74,minicpm-v,vest,False,False
snehilsanyal-main__mask-wearing-1632933572733_png_jpg.rf.ade0dc53cbb1070b9623428cd6d4ce74,minicpm-v,no-helmet,False,False
snehilsanyal-main__mask-wearing-1632933572733_png_jpg.rf.ade0dc53cbb1070b9623428cd6d4ce74,minicpm-v,no-gloves,False,False
snehilsanyal-main__mask-wearing-1632933572733_png_jpg.rf.ade0dc53cbb1070b9623428cd6d4ce74,minicpm-v,no-boots,True,False
snehilsanyal-main__mask-wearing-1632933572733_png_jpg.rf.ade0dc53cbb1070b9623428cd6d4ce74,minicpm-v,no-vest,False,False
snehilsanyal-main__video_CDC-YOUTUBE_mp4-50_jpg.rf.4912d4cb665e1ab8243c28d9c3039ae8,yolo,person,True,False
snehilsanyal-main__video_CDC-YOUTUBE_mp4-50_jpg.rf.4912d4cb665e1ab8243c28d9c3039ae8,yolo,helmet,False,False
snehilsanyal-main__video_CDC-YOUTUBE_mp4-50_jpg.rf.4912d4cb665e1ab8243c28d9c3039ae8,yolo,gloves,False,False
snehilsanyal-main__video_CDC-YOUTUBE_mp4-50_jpg.rf.4912d4cb665e1ab8243c28d9c3039ae8,yolo,boots,False,False
snehilsanyal-main__video_CDC-YOUTUBE_mp4-50_jpg.rf.4912d4cb665e1ab8243c28d9c3039ae8,yolo,vest,False,False
snehilsanyal-main__video_CDC-YOUTUBE_mp4-50_jpg.rf.4912d4cb665e1ab8243c28d9c3039ae8,yolo,no-helmet,True,False
snehilsanyal-main__video_CDC-YOUTUBE_mp4-50_jpg.rf.4912d4cb665e1ab8243c28d9c3039ae8,yolo,no-gloves,False,False
snehilsanyal-main__video_CDC-YOUTUBE_mp4-50_jpg.rf.4912d4cb665e1ab8243c28d9c3039ae8,yolo,no-boots,False,False
snehilsanyal-main__video_CDC-YOUTUBE_mp4-50_jpg.rf.4912d4cb665e1ab8243c28d9c3039ae8,yolo,no-vest,True,False
snehilsanyal-main__video_CDC-YOUTUBE_mp4-50_jpg.rf.4912d4cb665e1ab8243c28d9c3039ae8,ollama,person,True,False
snehilsanyal-main__video_CDC-YOUTUBE_mp4-50_jpg.rf.4912d4cb665e1ab8243c28d9c3039ae8,ollama,helmet,True,False
snehilsanyal-main__video_CDC-YOUTUBE_mp4-50_jpg.rf.4912d4cb665e1ab8243c28d9c3039ae8,ollama,gloves,True,False
snehilsanyal-main__video_CDC-YOUTUBE_mp4-50_jpg.rf.4912d4cb665e1ab8243c28d9c3039ae8,ollama,boots,True,False
snehilsanyal-main__video_CDC-YOUTUBE_mp4-50_jpg.rf.4912d4cb665e1ab8243c28d9c3039ae8,ollama,vest,True,False
snehilsanyal-main__video_CDC-YOUTUBE_mp4-50_jpg.rf.4912d4cb665e1ab8243c28d9c3039ae8,ollama,no-helmet,False,False
snehilsanyal-main__video_CDC-YOUTUBE_mp4-50_jpg.rf.4912d4cb665e1ab8243c28d9c3039ae8,ollama,no-gloves,False,False
snehilsanyal-main__video_CDC-YOUTUBE_mp4-50_jpg.rf.4912d4cb665e1ab8243c28d9c3039ae8,ollama,no-boots,False,False
snehilsanyal-main__video_CDC-YOUTUBE_mp4-50_jpg.rf.4912d4cb665e1ab8243c28d9c3039ae8,ollama,no-vest,False,False
snehilsanyal-main__video_CDC-YOUTUBE_mp4-50_jpg.rf.4912d4cb665e1ab8243c28d9c3039ae8,qwen3-vl,person,True,False
snehilsanyal-main__video_CDC-YOUTUBE_mp4-50_jpg.rf.4912d4cb665e1ab8243c28d9c3039ae8,qwen3-vl,helmet,False,False
snehilsanyal-main__video_CDC-YOUTUBE_mp4-50_jpg.rf.4912d4cb665e1ab8243c28d9c3039ae8,qwen3-vl,gloves,False,False
snehilsanyal-main__video_CDC-YOUTUBE_mp4-50_jpg.rf.4912d4cb665e1ab8243c28d9c3039ae8,qwen3-vl,boots,False,False
snehilsanyal-main__video_CDC-YOUTUBE_mp4-50_jpg.rf.4912d4cb665e1ab8243c28d9c3039ae8,qwen3-vl,vest,False,False
snehilsanyal-main__video_CDC-YOUTUBE_mp4-50_jpg.rf.4912d4cb665e1ab8243c28d9c3039ae8,qwen3-vl,no-helmet,True,False
snehilsanyal-main__video_CDC-YOUTUBE_mp4-50_jpg.rf.4912d4cb665e1ab8243c28d9c3039ae8,qwen3-vl,no-gloves,True,False
snehilsanyal-main__video_CDC-YOUTUBE_mp4-50_jpg.rf.4912d4cb665e1ab8243c28d9c3039ae8,qwen3-vl,no-boots,True,False
snehilsanyal-main__video_CDC-YOUTUBE_mp4-50_jpg.rf.4912d4cb665e1ab8243c28d9c3039ae8,qwen3-vl,no-vest,True,False
snehilsanyal-main__video_CDC-YOUTUBE_mp4-50_jpg.rf.4912d4cb665e1ab8243c28d9c3039ae8,gemma4,person,True,False
snehilsanyal-main__video_CDC-YOUTUBE_mp4-50_jpg.rf.4912d4cb665e1ab8243c28d9c3039ae8,gemma4,helmet,False,False
snehilsanyal-main__video_CDC-YOUTUBE_mp4-50_jpg.rf.4912d4cb665e1ab8243c28d9c3039ae8,gemma4,gloves,False,False
snehilsanyal-main__video_CDC-YOUTUBE_mp4-50_jpg.rf.4912d4cb665e1ab8243c28d9c3039ae8,gemma4,boots,False,False
snehilsanyal-main__video_CDC-YOUTUBE_mp4-50_jpg.rf.4912d4cb665e1ab8243c28d9c3039ae8,gemma4,vest,False,False
snehilsanyal-main__video_CDC-YOUTUBE_mp4-50_jpg.rf.4912d4cb665e1ab8243c28d9c3039ae8,gemma4,no-helmet,True,False
snehilsanyal-main__video_CDC-YOUTUBE_mp4-50_jpg.rf.4912d4cb665e1ab8243c28d9c3039ae8,gemma4,no-gloves,True,False
snehilsanyal-main__video_CDC-YOUTUBE_mp4-50_jpg.rf.4912d4cb665e1ab8243c28d9c3039ae8,gemma4,no-boots,True,False
snehilsanyal-main__video_CDC-YOUTUBE_mp4-50_jpg.rf.4912d4cb665e1ab8243c28d9c3039ae8,gemma4,no-vest,True,False
snehilsanyal-main__video_CDC-YOUTUBE_mp4-50_jpg.rf.4912d4cb665e1ab8243c28d9c3039ae8,minicpm-v,person,True,False
snehilsanyal-main__video_CDC-YOUTUBE_mp4-50_jpg.rf.4912d4cb665e1ab8243c28d9c3039ae8,minicpm-v,helmet,True,False
snehilsanyal-main__video_CDC-YOUTUBE_mp4-50_jpg.rf.4912d4cb665e1ab8243c28d9c3039ae8,minicpm-v,gloves,True,False
snehilsanyal-main__video_CDC-YOUTUBE_mp4-50_jpg.rf.4912d4cb665e1ab8243c28d9c3039ae8,minicpm-v,boots,True,False
snehilsanyal-main__video_CDC-YOUTUBE_mp4-50_jpg.rf.4912d4cb665e1ab8243c28d9c3039ae8,minicpm-v,vest,True,False
snehilsanyal-main__video_CDC-YOUTUBE_mp4-50_jpg.rf.4912d4cb665e1ab8243c28d9c3039ae8,minicpm-v,no-helmet,True,False
snehilsanyal-main__video_CDC-YOUTUBE_mp4-50_jpg.rf.4912d4cb665e1ab8243c28d9c3039ae8,minicpm-v,no-gloves,True,False
snehilsanyal-main__video_CDC-YOUTUBE_mp4-50_jpg.rf.4912d4cb665e1ab8243c28d9c3039ae8,minicpm-v,no-boots,True,False
snehilsanyal-main__video_CDC-YOUTUBE_mp4-50_jpg.rf.4912d4cb665e1ab8243c28d9c3039ae8,minicpm-v,no-vest,True,False
snehilsanyal-main__youtube-118_jpg.rf.9dc8b46dfbac73d9e4f983964355d7ac,yolo,person,True,False
snehilsanyal-main__youtube-118_jpg.rf.9dc8b46dfbac73d9e4f983964355d7ac,yolo,helmet,True,False
snehilsanyal-main__youtube-118_jpg.rf.9dc8b46dfbac73d9e4f983964355d7ac,yolo,gloves,False,False
snehilsanyal-main__youtube-118_jpg.rf.9dc8b46dfbac73d9e4f983964355d7ac,yolo,boots,False,False
snehilsanyal-main__youtube-118_jpg.rf.9dc8b46dfbac73d9e4f983964355d7ac,yolo,vest,False,False
snehilsanyal-main__youtube-118_jpg.rf.9dc8b46dfbac73d9e4f983964355d7ac,yolo,no-helmet,False,False
snehilsanyal-main__youtube-118_jpg.rf.9dc8b46dfbac73d9e4f983964355d7ac,yolo,no-gloves,False,False
snehilsanyal-main__youtube-118_jpg.rf.9dc8b46dfbac73d9e4f983964355d7ac,yolo,no-boots,False,False
snehilsanyal-main__youtube-118_jpg.rf.9dc8b46dfbac73d9e4f983964355d7ac,yolo,no-vest,True,False
snehilsanyal-main__youtube-118_jpg.rf.9dc8b46dfbac73d9e4f983964355d7ac,ollama,person,True,False
snehilsanyal-main__youtube-118_jpg.rf.9dc8b46dfbac73d9e4f983964355d7ac,ollama,helmet,False,False
snehilsanyal-main__youtube-118_jpg.rf.9dc8b46dfbac73d9e4f983964355d7ac,ollama,gloves,False,False
snehilsanyal-main__youtube-118_jpg.rf.9dc8b46dfbac73d9e4f983964355d7ac,ollama,boots,False,False
snehilsanyal-main__youtube-118_jpg.rf.9dc8b46dfbac73d9e4f983964355d7ac,ollama,vest,False,False
snehilsanyal-main__youtube-118_jpg.rf.9dc8b46dfbac73d9e4f983964355d7ac,ollama,no-helmet,True,False
snehilsanyal-main__youtube-118_jpg.rf.9dc8b46dfbac73d9e4f983964355d7ac,ollama,no-gloves,True,False
snehilsanyal-main__youtube-118_jpg.rf.9dc8b46dfbac73d9e4f983964355d7ac,ollama,no-boots,True,False
snehilsanyal-main__youtube-118_jpg.rf.9dc8b46dfbac73d9e4f983964355d7ac,ollama,no-vest,True,False
snehilsanyal-main__youtube-118_jpg.rf.9dc8b46dfbac73d9e4f983964355d7ac,qwen3-vl,person,True,False
snehilsanyal-main__youtube-118_jpg.rf.9dc8b46dfbac73d9e4f983964355d7ac,qwen3-vl,helmet,True,False
snehilsanyal-main__youtube-118_jpg.rf.9dc8b46dfbac73d9e4f983964355d7ac,qwen3-vl,gloves,False,False
snehilsanyal-main__youtube-118_jpg.rf.9dc8b46dfbac73d9e4f983964355d7ac,qwen3-vl,boots,True,False
snehilsanyal-main__youtube-118_jpg.rf.9dc8b46dfbac73d9e4f983964355d7ac,qwen3-vl,vest,False,False
snehilsanyal-main__youtube-118_jpg.rf.9dc8b46dfbac73d9e4f983964355d7ac,qwen3-vl,no-helmet,False,False
snehilsanyal-main__youtube-118_jpg.rf.9dc8b46dfbac73d9e4f983964355d7ac,qwen3-vl,no-gloves,True,False
snehilsanyal-main__youtube-118_jpg.rf.9dc8b46dfbac73d9e4f983964355d7ac,qwen3-vl,no-boots,False,False
snehilsanyal-main__youtube-118_jpg.rf.9dc8b46dfbac73d9e4f983964355d7ac,qwen3-vl,no-vest,False,False
snehilsanyal-main__youtube-118_jpg.rf.9dc8b46dfbac73d9e4f983964355d7ac,gemma4,person,True,False
snehilsanyal-main__youtube-118_jpg.rf.9dc8b46dfbac73d9e4f983964355d7ac,gemma4,helmet,True,False
snehilsanyal-main__youtube-118_jpg.rf.9dc8b46dfbac73d9e4f983964355d7ac,gemma4,gloves,True,False
snehilsanyal-main__youtube-118_jpg.rf.9dc8b46dfbac73d9e4f983964355d7ac,gemma4,boots,True,False
snehilsanyal-main__youtube-118_jpg.rf.9dc8b46dfbac73d9e4f983964355d7ac,gemma4,vest,True,False
snehilsanyal-main__youtube-118_jpg.rf.9dc8b46dfbac73d9e4f983964355d7ac,gemma4,no-helmet,False,False
snehilsanyal-main__youtube-118_jpg.rf.9dc8b46dfbac73d9e4f983964355d7ac,gemma4,no-gloves,False,False
snehilsanyal-main__youtube-118_jpg.rf.9dc8b46dfbac73d9e4f983964355d7ac,gemma4,no-boots,False,False
snehilsanyal-main__youtube-118_jpg.rf.9dc8b46dfbac73d9e4f983964355d7ac,gemma4,no-vest,False,False
snehilsanyal-main__youtube-118_jpg.rf.9dc8b46dfbac73d9e4f983964355d7ac,minicpm-v,person,True,False
snehilsanyal-main__youtube-118_jpg.rf.9dc8b46dfbac73d9e4f983964355d7ac,minicpm-v,helmet,True,False
snehilsanyal-main__youtube-118_jpg.rf.9dc8b46dfbac73d9e4f983964355d7ac,minicpm-v,gloves,False,False
snehilsanyal-main__youtube-118_jpg.rf.9dc8b46dfbac73d9e4f983964355d7ac,minicpm-v,boots,True,False
snehilsanyal-main__youtube-118_jpg.rf.9dc8b46dfbac73d9e4f983964355d7ac,minicpm-v,vest,False,False
snehilsanyal-main__youtube-118_jpg.rf.9dc8b46dfbac73d9e4f983964355d7ac,minicpm-v,no-helmet,False,False
snehilsanyal-main__youtube-118_jpg.rf.9dc8b46dfbac73d9e4f983964355d7ac,minicpm-v,no-gloves,True,False
snehilsanyal-main__youtube-118_jpg.rf.9dc8b46dfbac73d9e4f983964355d7ac,minicpm-v,no-boots,False,False
snehilsanyal-main__youtube-118_jpg.rf.9dc8b46dfbac73d9e4f983964355d7ac,minicpm-v,no-vest,True,False
snehilsanyal-main__youtube-480_jpg.rf.faf443d4d10cc97074f6a80225f0ac29,yolo,person,True,False
snehilsanyal-main__youtube-480_jpg.rf.faf443d4d10cc97074f6a80225f0ac29,yolo,helmet,True,False
snehilsanyal-main__youtube-480_jpg.rf.faf443d4d10cc97074f6a80225f0ac29,yolo,gloves,False,False
snehilsanyal-main__youtube-480_jpg.rf.faf443d4d10cc97074f6a80225f0ac29,yolo,boots,False,False
snehilsanyal-main__youtube-480_jpg.rf.faf443d4d10cc97074f6a80225f0ac29,yolo,vest,True,False
snehilsanyal-main__youtube-480_jpg.rf.faf443d4d10cc97074f6a80225f0ac29,yolo,no-helmet,False,False
snehilsanyal-main__youtube-480_jpg.rf.faf443d4d10cc97074f6a80225f0ac29,yolo,no-gloves,False,False
snehilsanyal-main__youtube-480_jpg.rf.faf443d4d10cc97074f6a80225f0ac29,yolo,no-boots,False,False
snehilsanyal-main__youtube-480_jpg.rf.faf443d4d10cc97074f6a80225f0ac29,yolo,no-vest,False,False
snehilsanyal-main__youtube-480_jpg.rf.faf443d4d10cc97074f6a80225f0ac29,ollama,person,True,False
snehilsanyal-main__youtube-480_jpg.rf.faf443d4d10cc97074f6a80225f0ac29,ollama,helmet,True,False
snehilsanyal-main__youtube-480_jpg.rf.faf443d4d10cc97074f6a80225f0ac29,ollama,gloves,True,False
snehilsanyal-main__youtube-480_jpg.rf.faf443d4d10cc97074f6a80225f0ac29,ollama,boots,True,False
snehilsanyal-main__youtube-480_jpg.rf.faf443d4d10cc97074f6a80225f0ac29,ollama,vest,True,False
snehilsanyal-main__youtube-480_jpg.rf.faf443d4d10cc97074f6a80225f0ac29,ollama,no-helmet,True,False
snehilsanyal-main__youtube-480_jpg.rf.faf443d4d10cc97074f6a80225f0ac29,ollama,no-gloves,False,False
snehilsanyal-main__youtube-480_jpg.rf.faf443d4d10cc97074f6a80225f0ac29,ollama,no-boots,False,False
snehilsanyal-main__youtube-480_jpg.rf.faf443d4d10cc97074f6a80225f0ac29,ollama,no-vest,False,False
snehilsanyal-main__youtube-480_jpg.rf.faf443d4d10cc97074f6a80225f0ac29,qwen3-vl,person,True,False
snehilsanyal-main__youtube-480_jpg.rf.faf443d4d10cc97074f6a80225f0ac29,qwen3-vl,helmet,True,False
snehilsanyal-main__youtube-480_jpg.rf.faf443d4d10cc97074f6a80225f0ac29,qwen3-vl,gloves,False,False
snehilsanyal-main__youtube-480_jpg.rf.faf443d4d10cc97074f6a80225f0ac29,qwen3-vl,boots,False,False
snehilsanyal-main__youtube-480_jpg.rf.faf443d4d10cc97074f6a80225f0ac29,qwen3-vl,vest,True,False
snehilsanyal-main__youtube-480_jpg.rf.faf443d4d10cc97074f6a80225f0ac29,qwen3-vl,no-helmet,False,False
snehilsanyal-main__youtube-480_jpg.rf.faf443d4d10cc97074f6a80225f0ac29,qwen3-vl,no-gloves,False,False
snehilsanyal-main__youtube-480_jpg.rf.faf443d4d10cc97074f6a80225f0ac29,qwen3-vl,no-boots,False,False
snehilsanyal-main__youtube-480_jpg.rf.faf443d4d10cc97074f6a80225f0ac29,qwen3-vl,no-vest,False,False
snehilsanyal-main__youtube-480_jpg.rf.faf443d4d10cc97074f6a80225f0ac29,gemma4,person,True,False
snehilsanyal-main__youtube-480_jpg.rf.faf443d4d10cc97074f6a80225f0ac29,gemma4,helmet,True,False
snehilsanyal-main__youtube-480_jpg.rf.faf443d4d10cc97074f6a80225f0ac29,gemma4,gloves,True,False
snehilsanyal-main__youtube-480_jpg.rf.faf443d4d10cc97074f6a80225f0ac29,gemma4,boots,True,False
snehilsanyal-main__youtube-480_jpg.rf.faf443d4d10cc97074f6a80225f0ac29,gemma4,vest,True,False
snehilsanyal-main__youtube-480_jpg.rf.faf443d4d10cc97074f6a80225f0ac29,gemma4,no-helmet,False,False
snehilsanyal-main__youtube-480_jpg.rf.faf443d4d10cc97074f6a80225f0ac29,gemma4,no-gloves,False,False
snehilsanyal-main__youtube-480_jpg.rf.faf443d4d10cc97074f6a80225f0ac29,gemma4,no-boots,False,False
snehilsanyal-main__youtube-480_jpg.rf.faf443d4d10cc97074f6a80225f0ac29,gemma4,no-vest,False,False
snehilsanyal-main__youtube-480_jpg.rf.faf443d4d10cc97074f6a80225f0ac29,minicpm-v,person,True,False
snehilsanyal-main__youtube-480_jpg.rf.faf443d4d10cc97074f6a80225f0ac29,minicpm-v,helmet,True,False
snehilsanyal-main__youtube-480_jpg.rf.faf443d4d10cc97074f6a80225f0ac29,minicpm-v,gloves,True,False
snehilsanyal-main__youtube-480_jpg.rf.faf443d4d10cc97074f6a80225f0ac29,minicpm-v,boots,True,False
snehilsanyal-main__youtube-480_jpg.rf.faf443d4d10cc97074f6a80225f0ac29,minicpm-v,vest,True,False
snehilsanyal-main__youtube-480_jpg.rf.faf443d4d10cc97074f6a80225f0ac29,minicpm-v,no-helmet,False,False
snehilsanyal-main__youtube-480_jpg.rf.faf443d4d10cc97074f6a80225f0ac29,minicpm-v,no-gloves,False,False
snehilsanyal-main__youtube-480_jpg.rf.faf443d4d10cc97074f6a80225f0ac29,minicpm-v,no-boots,False,False
snehilsanyal-main__youtube-480_jpg.rf.faf443d4d10cc97074f6a80225f0ac29,minicpm-v,no-vest,False,False
snehilsanyal-main__youtube-502_jpg.rf.a17be40a7edd6cd947c24e8902b3abea,yolo,person,True,False
snehilsanyal-main__youtube-502_jpg.rf.a17be40a7edd6cd947c24e8902b3abea,yolo,helmet,False,False
snehilsanyal-main__youtube-502_jpg.rf.a17be40a7edd6cd947c24e8902b3abea,yolo,gloves,False,False
snehilsanyal-main__youtube-502_jpg.rf.a17be40a7edd6cd947c24e8902b3abea,yolo,boots,False,False
snehilsanyal-main__youtube-502_jpg.rf.a17be40a7edd6cd947c24e8902b3abea,yolo,vest,True,False
snehilsanyal-main__youtube-502_jpg.rf.a17be40a7edd6cd947c24e8902b3abea,yolo,no-helmet,True,False
snehilsanyal-main__youtube-502_jpg.rf.a17be40a7edd6cd947c24e8902b3abea,yolo,no-gloves,False,False
snehilsanyal-main__youtube-502_jpg.rf.a17be40a7edd6cd947c24e8902b3abea,yolo,no-boots,False,False
snehilsanyal-main__youtube-502_jpg.rf.a17be40a7edd6cd947c24e8902b3abea,yolo,no-vest,True,False
snehilsanyal-main__youtube-502_jpg.rf.a17be40a7edd6cd947c24e8902b3abea,ollama,person,True,False
snehilsanyal-main__youtube-502_jpg.rf.a17be40a7edd6cd947c24e8902b3abea,ollama,helmet,True,False
snehilsanyal-main__youtube-502_jpg.rf.a17be40a7edd6cd947c24e8902b3abea,ollama,gloves,True,False
snehilsanyal-main__youtube-502_jpg.rf.a17be40a7edd6cd947c24e8902b3abea,ollama,boots,True,False
snehilsanyal-main__youtube-502_jpg.rf.a17be40a7edd6cd947c24e8902b3abea,ollama,vest,True,False
snehilsanyal-main__youtube-502_jpg.rf.a17be40a7edd6cd947c24e8902b3abea,ollama,no-helmet,False,False
snehilsanyal-main__youtube-502_jpg.rf.a17be40a7edd6cd947c24e8902b3abea,ollama,no-gloves,False,False
snehilsanyal-main__youtube-502_jpg.rf.a17be40a7edd6cd947c24e8902b3abea,ollama,no-boots,False,False
snehilsanyal-main__youtube-502_jpg.rf.a17be40a7edd6cd947c24e8902b3abea,ollama,no-vest,False,False
snehilsanyal-main__youtube-502_jpg.rf.a17be40a7edd6cd947c24e8902b3abea,qwen3-vl,person,True,False
snehilsanyal-main__youtube-502_jpg.rf.a17be40a7edd6cd947c24e8902b3abea,qwen3-vl,helmet,False,False
snehilsanyal-main__youtube-502_jpg.rf.a17be40a7edd6cd947c24e8902b3abea,qwen3-vl,gloves,True,False
snehilsanyal-main__youtube-502_jpg.rf.a17be40a7edd6cd947c24e8902b3abea,qwen3-vl,boots,False,False
snehilsanyal-main__youtube-502_jpg.rf.a17be40a7edd6cd947c24e8902b3abea,qwen3-vl,vest,True,False
snehilsanyal-main__youtube-502_jpg.rf.a17be40a7edd6cd947c24e8902b3abea,qwen3-vl,no-helmet,False,False
snehilsanyal-main__youtube-502_jpg.rf.a17be40a7edd6cd947c24e8902b3abea,qwen3-vl,no-gloves,False,False
snehilsanyal-main__youtube-502_jpg.rf.a17be40a7edd6cd947c24e8902b3abea,qwen3-vl,no-boots,True,False
snehilsanyal-main__youtube-502_jpg.rf.a17be40a7edd6cd947c24e8902b3abea,qwen3-vl,no-vest,False,False
snehilsanyal-main__youtube-502_jpg.rf.a17be40a7edd6cd947c24e8902b3abea,gemma4,person,True,False
snehilsanyal-main__youtube-502_jpg.rf.a17be40a7edd6cd947c24e8902b3abea,gemma4,helmet,True,False
snehilsanyal-main__youtube-502_jpg.rf.a17be40a7edd6cd947c24e8902b3abea,gemma4,gloves,True,False
snehilsanyal-main__youtube-502_jpg.rf.a17be40a7edd6cd947c24e8902b3abea,gemma4,boots,True,False
snehilsanyal-main__youtube-502_jpg.rf.a17be40a7edd6cd947c24e8902b3abea,gemma4,vest,True,False
snehilsanyal-main__youtube-502_jpg.rf.a17be40a7edd6cd947c24e8902b3abea,gemma4,no-helmet,False,False
snehilsanyal-main__youtube-502_jpg.rf.a17be40a7edd6cd947c24e8902b3abea,gemma4,no-gloves,False,False
snehilsanyal-main__youtube-502_jpg.rf.a17be40a7edd6cd947c24e8902b3abea,gemma4,no-boots,False,False
snehilsanyal-main__youtube-502_jpg.rf.a17be40a7edd6cd947c24e8902b3abea,gemma4,no-vest,False,False
snehilsanyal-main__youtube-502_jpg.rf.a17be40a7edd6cd947c24e8902b3abea,minicpm-v,person,True,False
snehilsanyal-main__youtube-502_jpg.rf.a17be40a7edd6cd947c24e8902b3abea,minicpm-v,helmet,False,False
snehilsanyal-main__youtube-502_jpg.rf.a17be40a7edd6cd947c24e8902b3abea,minicpm-v,gloves,True,False
snehilsanyal-main__youtube-502_jpg.rf.a17be40a7edd6cd947c24e8902b3abea,minicpm-v,boots,True,False
snehilsanyal-main__youtube-502_jpg.rf.a17be40a7edd6cd947c24e8902b3abea,minicpm-v,vest,True,False
snehilsanyal-main__youtube-502_jpg.rf.a17be40a7edd6cd947c24e8902b3abea,minicpm-v,no-helmet,False,False
snehilsanyal-main__youtube-502_jpg.rf.a17be40a7edd6cd947c24e8902b3abea,minicpm-v,no-gloves,False,False
snehilsanyal-main__youtube-502_jpg.rf.a17be40a7edd6cd947c24e8902b3abea,minicpm-v,no-boots,False,False
snehilsanyal-main__youtube-502_jpg.rf.a17be40a7edd6cd947c24e8902b3abea,minicpm-v,no-vest,False,False
snehilsanyal-main__youtube-568_jpg.rf.49f1d5b90378ee7a8dbd85b799bfa32d,yolo,person,True,False
snehilsanyal-main__youtube-568_jpg.rf.49f1d5b90378ee7a8dbd85b799bfa32d,yolo,helmet,False,False
snehilsanyal-main__youtube-568_jpg.rf.49f1d5b90378ee7a8dbd85b799bfa32d,yolo,gloves,False,False
snehilsanyal-main__youtube-568_jpg.rf.49f1d5b90378ee7a8dbd85b799bfa32d,yolo,boots,False,False
snehilsanyal-main__youtube-568_jpg.rf.49f1d5b90378ee7a8dbd85b799bfa32d,yolo,vest,True,False
snehilsanyal-main__youtube-568_jpg.rf.49f1d5b90378ee7a8dbd85b799bfa32d,yolo,no-helmet,False,False
snehilsanyal-main__youtube-568_jpg.rf.49f1d5b90378ee7a8dbd85b799bfa32d,yolo,no-gloves,False,False
snehilsanyal-main__youtube-568_jpg.rf.49f1d5b90378ee7a8dbd85b799bfa32d,yolo,no-boots,False,False
snehilsanyal-main__youtube-568_jpg.rf.49f1d5b90378ee7a8dbd85b799bfa32d,yolo,no-vest,True,False
snehilsanyal-main__youtube-568_jpg.rf.49f1d5b90378ee7a8dbd85b799bfa32d,ollama,person,True,False
snehilsanyal-main__youtube-568_jpg.rf.49f1d5b90378ee7a8dbd85b799bfa32d,ollama,helmet,True,False
snehilsanyal-main__youtube-568_jpg.rf.49f1d5b90378ee7a8dbd85b799bfa32d,ollama,gloves,True,False
snehilsanyal-main__youtube-568_jpg.rf.49f1d5b90378ee7a8dbd85b799bfa32d,ollama,boots,True,False
snehilsanyal-main__youtube-568_jpg.rf.49f1d5b90378ee7a8dbd85b799bfa32d,ollama,vest,True,False
snehilsanyal-main__youtube-568_jpg.rf.49f1d5b90378ee7a8dbd85b799bfa32d,ollama,no-helmet,True,False
snehilsanyal-main__youtube-568_jpg.rf.49f1d5b90378ee7a8dbd85b799bfa32d,ollama,no-gloves,True,False
snehilsanyal-main__youtube-568_jpg.rf.49f1d5b90378ee7a8dbd85b799bfa32d,ollama,no-boots,True,False
snehilsanyal-main__youtube-568_jpg.rf.49f1d5b90378ee7a8dbd85b799bfa32d,ollama,no-vest,True,False
snehilsanyal-main__youtube-568_jpg.rf.49f1d5b90378ee7a8dbd85b799bfa32d,qwen3-vl,person,True,False
snehilsanyal-main__youtube-568_jpg.rf.49f1d5b90378ee7a8dbd85b799bfa32d,qwen3-vl,helmet,False,False
snehilsanyal-main__youtube-568_jpg.rf.49f1d5b90378ee7a8dbd85b799bfa32d,qwen3-vl,gloves,False,False
snehilsanyal-main__youtube-568_jpg.rf.49f1d5b90378ee7a8dbd85b799bfa32d,qwen3-vl,boots,True,False
snehilsanyal-main__youtube-568_jpg.rf.49f1d5b90378ee7a8dbd85b799bfa32d,qwen3-vl,vest,True,False
snehilsanyal-main__youtube-568_jpg.rf.49f1d5b90378ee7a8dbd85b799bfa32d,qwen3-vl,no-helmet,False,False
snehilsanyal-main__youtube-568_jpg.rf.49f1d5b90378ee7a8dbd85b799bfa32d,qwen3-vl,no-gloves,False,False
snehilsanyal-main__youtube-568_jpg.rf.49f1d5b90378ee7a8dbd85b799bfa32d,qwen3-vl,no-boots,False,False
snehilsanyal-main__youtube-568_jpg.rf.49f1d5b90378ee7a8dbd85b799bfa32d,qwen3-vl,no-vest,False,False
snehilsanyal-main__youtube-568_jpg.rf.49f1d5b90378ee7a8dbd85b799bfa32d,gemma4,person,True,False
snehilsanyal-main__youtube-568_jpg.rf.49f1d5b90378ee7a8dbd85b799bfa32d,gemma4,helmet,False,False
snehilsanyal-main__youtube-568_jpg.rf.49f1d5b90378ee7a8dbd85b799bfa32d,gemma4,gloves,False,False
snehilsanyal-main__youtube-568_jpg.rf.49f1d5b90378ee7a8dbd85b799bfa32d,gemma4,boots,True,False
snehilsanyal-main__youtube-568_jpg.rf.49f1d5b90378ee7a8dbd85b799bfa32d,gemma4,vest,True,False
snehilsanyal-main__youtube-568_jpg.rf.49f1d5b90378ee7a8dbd85b799bfa32d,gemma4,no-helmet,True,False
snehilsanyal-main__youtube-568_jpg.rf.49f1d5b90378ee7a8dbd85b799bfa32d,gemma4,no-gloves,True,False
snehilsanyal-main__youtube-568_jpg.rf.49f1d5b90378ee7a8dbd85b799bfa32d,gemma4,no-boots,False,False
snehilsanyal-main__youtube-568_jpg.rf.49f1d5b90378ee7a8dbd85b799bfa32d,gemma4,no-vest,False,False
snehilsanyal-main__youtube-568_jpg.rf.49f1d5b90378ee7a8dbd85b799bfa32d,minicpm-v,person,True,False
snehilsanyal-main__youtube-568_jpg.rf.49f1d5b90378ee7a8dbd85b799bfa32d,minicpm-v,helmet,False,False
snehilsanyal-main__youtube-568_jpg.rf.49f1d5b90378ee7a8dbd85b799bfa32d,minicpm-v,gloves,True,False
snehilsanyal-main__youtube-568_jpg.rf.49f1d5b90378ee7a8dbd85b799bfa32d,minicpm-v,boots,True,False
snehilsanyal-main__youtube-568_jpg.rf.49f1d5b90378ee7a8dbd85b799bfa32d,minicpm-v,vest,True,False
snehilsanyal-main__youtube-568_jpg.rf.49f1d5b90378ee7a8dbd85b799bfa32d,minicpm-v,no-helmet,False,False
snehilsanyal-main__youtube-568_jpg.rf.49f1d5b90378ee7a8dbd85b799bfa32d,minicpm-v,no-gloves,False,False
snehilsanyal-main__youtube-568_jpg.rf.49f1d5b90378ee7a8dbd85b799bfa32d,minicpm-v,no-boots,False,False
snehilsanyal-main__youtube-568_jpg.rf.49f1d5b90378ee7a8dbd85b799bfa32d,minicpm-v,no-vest,False,False
snehilsanyal-main__youtube-617_jpg.rf.309ef116f1d9074886d61bb0816b6b9e,yolo,person,True,False
snehilsanyal-main__youtube-617_jpg.rf.309ef116f1d9074886d61bb0816b6b9e,yolo,helmet,True,False
snehilsanyal-main__youtube-617_jpg.rf.309ef116f1d9074886d61bb0816b6b9e,yolo,gloves,False,False
snehilsanyal-main__youtube-617_jpg.rf.309ef116f1d9074886d61bb0816b6b9e,yolo,boots,False,False
snehilsanyal-main__youtube-617_jpg.rf.309ef116f1d9074886d61bb0816b6b9e,yolo,vest,True,False
snehilsanyal-main__youtube-617_jpg.rf.309ef116f1d9074886d61bb0816b6b9e,yolo,no-helmet,False,False
snehilsanyal-main__youtube-617_jpg.rf.309ef116f1d9074886d61bb0816b6b9e,yolo,no-gloves,False,False
snehilsanyal-main__youtube-617_jpg.rf.309ef116f1d9074886d61bb0816b6b9e,yolo,no-boots,False,False
snehilsanyal-main__youtube-617_jpg.rf.309ef116f1d9074886d61bb0816b6b9e,yolo,no-vest,False,False
snehilsanyal-main__youtube-617_jpg.rf.309ef116f1d9074886d61bb0816b6b9e,ollama,person,True,False
snehilsanyal-main__youtube-617_jpg.rf.309ef116f1d9074886d61bb0816b6b9e,ollama,helmet,True,False
snehilsanyal-main__youtube-617_jpg.rf.309ef116f1d9074886d61bb0816b6b9e,ollama,gloves,True,False
snehilsanyal-main__youtube-617_jpg.rf.309ef116f1d9074886d61bb0816b6b9e,ollama,boots,True,False
snehilsanyal-main__youtube-617_jpg.rf.309ef116f1d9074886d61bb0816b6b9e,ollama,vest,True,False
snehilsanyal-main__youtube-617_jpg.rf.309ef116f1d9074886d61bb0816b6b9e,ollama,no-helmet,False,False
snehilsanyal-main__youtube-617_jpg.rf.309ef116f1d9074886d61bb0816b6b9e,ollama,no-gloves,False,False
snehilsanyal-main__youtube-617_jpg.rf.309ef116f1d9074886d61bb0816b6b9e,ollama,no-boots,False,False
snehilsanyal-main__youtube-617_jpg.rf.309ef116f1d9074886d61bb0816b6b9e,ollama,no-vest,False,False
snehilsanyal-main__youtube-617_jpg.rf.309ef116f1d9074886d61bb0816b6b9e,qwen3-vl,person,True,False
snehilsanyal-main__youtube-617_jpg.rf.309ef116f1d9074886d61bb0816b6b9e,qwen3-vl,helmet,True,False
snehilsanyal-main__youtube-617_jpg.rf.309ef116f1d9074886d61bb0816b6b9e,qwen3-vl,gloves,True,False
snehilsanyal-main__youtube-617_jpg.rf.309ef116f1d9074886d61bb0816b6b9e,qwen3-vl,boots,True,False
snehilsanyal-main__youtube-617_jpg.rf.309ef116f1d9074886d61bb0816b6b9e,qwen3-vl,vest,True,False
snehilsanyal-main__youtube-617_jpg.rf.309ef116f1d9074886d61bb0816b6b9e,qwen3-vl,no-helmet,False,False
snehilsanyal-main__youtube-617_jpg.rf.309ef116f1d9074886d61bb0816b6b9e,qwen3-vl,no-gloves,False,False
snehilsanyal-main__youtube-617_jpg.rf.309ef116f1d9074886d61bb0816b6b9e,qwen3-vl,no-boots,False,False
snehilsanyal-main__youtube-617_jpg.rf.309ef116f1d9074886d61bb0816b6b9e,qwen3-vl,no-vest,False,False
snehilsanyal-main__youtube-617_jpg.rf.309ef116f1d9074886d61bb0816b6b9e,gemma4,person,True,False
snehilsanyal-main__youtube-617_jpg.rf.309ef116f1d9074886d61bb0816b6b9e,gemma4,helmet,True,False
snehilsanyal-main__youtube-617_jpg.rf.309ef116f1d9074886d61bb0816b6b9e,gemma4,gloves,True,False
snehilsanyal-main__youtube-617_jpg.rf.309ef116f1d9074886d61bb0816b6b9e,gemma4,boots,True,False
snehilsanyal-main__youtube-617_jpg.rf.309ef116f1d9074886d61bb0816b6b9e,gemma4,vest,True,False
snehilsanyal-main__youtube-617_jpg.rf.309ef116f1d9074886d61bb0816b6b9e,gemma4,no-helmet,False,False
snehilsanyal-main__youtube-617_jpg.rf.309ef116f1d9074886d61bb0816b6b9e,gemma4,no-gloves,False,False
snehilsanyal-main__youtube-617_jpg.rf.309ef116f1d9074886d61bb0816b6b9e,gemma4,no-boots,False,False
snehilsanyal-main__youtube-617_jpg.rf.309ef116f1d9074886d61bb0816b6b9e,gemma4,no-vest,False,False
snehilsanyal-main__youtube-617_jpg.rf.309ef116f1d9074886d61bb0816b6b9e,minicpm-v,person,True,False
snehilsanyal-main__youtube-617_jpg.rf.309ef116f1d9074886d61bb0816b6b9e,minicpm-v,helmet,True,False
snehilsanyal-main__youtube-617_jpg.rf.309ef116f1d9074886d61bb0816b6b9e,minicpm-v,gloves,True,False
snehilsanyal-main__youtube-617_jpg.rf.309ef116f1d9074886d61bb0816b6b9e,minicpm-v,boots,True,False
snehilsanyal-main__youtube-617_jpg.rf.309ef116f1d9074886d61bb0816b6b9e,minicpm-v,vest,True,False
snehilsanyal-main__youtube-617_jpg.rf.309ef116f1d9074886d61bb0816b6b9e,minicpm-v,no-helmet,False,False
snehilsanyal-main__youtube-617_jpg.rf.309ef116f1d9074886d61bb0816b6b9e,minicpm-v,no-gloves,False,False
snehilsanyal-main__youtube-617_jpg.rf.309ef116f1d9074886d61bb0816b6b9e,minicpm-v,no-boots,False,False
snehilsanyal-main__youtube-617_jpg.rf.309ef116f1d9074886d61bb0816b6b9e,minicpm-v,no-vest,False,False
snehilsanyal-main__youtube-682_jpg.rf.1b6032eab51a0902f1d56ff7425c5f2a,yolo,person,True,False
snehilsanyal-main__youtube-682_jpg.rf.1b6032eab51a0902f1d56ff7425c5f2a,yolo,helmet,True,False
snehilsanyal-main__youtube-682_jpg.rf.1b6032eab51a0902f1d56ff7425c5f2a,yolo,gloves,False,False
snehilsanyal-main__youtube-682_jpg.rf.1b6032eab51a0902f1d56ff7425c5f2a,yolo,boots,False,False
snehilsanyal-main__youtube-682_jpg.rf.1b6032eab51a0902f1d56ff7425c5f2a,yolo,vest,True,False
snehilsanyal-main__youtube-682_jpg.rf.1b6032eab51a0902f1d56ff7425c5f2a,yolo,no-helmet,False,False
snehilsanyal-main__youtube-682_jpg.rf.1b6032eab51a0902f1d56ff7425c5f2a,yolo,no-gloves,False,False
snehilsanyal-main__youtube-682_jpg.rf.1b6032eab51a0902f1d56ff7425c5f2a,yolo,no-boots,False,False
snehilsanyal-main__youtube-682_jpg.rf.1b6032eab51a0902f1d56ff7425c5f2a,yolo,no-vest,False,False
snehilsanyal-main__youtube-682_jpg.rf.1b6032eab51a0902f1d56ff7425c5f2a,ollama,person,True,False
snehilsanyal-main__youtube-682_jpg.rf.1b6032eab51a0902f1d56ff7425c5f2a,ollama,helmet,True,False
snehilsanyal-main__youtube-682_jpg.rf.1b6032eab51a0902f1d56ff7425c5f2a,ollama,gloves,True,False
snehilsanyal-main__youtube-682_jpg.rf.1b6032eab51a0902f1d56ff7425c5f2a,ollama,boots,True,False
snehilsanyal-main__youtube-682_jpg.rf.1b6032eab51a0902f1d56ff7425c5f2a,ollama,vest,True,False
snehilsanyal-main__youtube-682_jpg.rf.1b6032eab51a0902f1d56ff7425c5f2a,ollama,no-helmet,True,False
snehilsanyal-main__youtube-682_jpg.rf.1b6032eab51a0902f1d56ff7425c5f2a,ollama,no-gloves,True,False
snehilsanyal-main__youtube-682_jpg.rf.1b6032eab51a0902f1d56ff7425c5f2a,ollama,no-boots,True,False
snehilsanyal-main__youtube-682_jpg.rf.1b6032eab51a0902f1d56ff7425c5f2a,ollama,no-vest,False,False
snehilsanyal-main__youtube-682_jpg.rf.1b6032eab51a0902f1d56ff7425c5f2a,qwen3-vl,person,True,False
snehilsanyal-main__youtube-682_jpg.rf.1b6032eab51a0902f1d56ff7425c5f2a,qwen3-vl,helmet,True,False
snehilsanyal-main__youtube-682_jpg.rf.1b6032eab51a0902f1d56ff7425c5f2a,qwen3-vl,gloves,True,False
snehilsanyal-main__youtube-682_jpg.rf.1b6032eab51a0902f1d56ff7425c5f2a,qwen3-vl,boots,True,False
snehilsanyal-main__youtube-682_jpg.rf.1b6032eab51a0902f1d56ff7425c5f2a,qwen3-vl,vest,True,False
snehilsanyal-main__youtube-682_jpg.rf.1b6032eab51a0902f1d56ff7425c5f2a,qwen3-vl,no-helmet,False,False
snehilsanyal-main__youtube-682_jpg.rf.1b6032eab51a0902f1d56ff7425c5f2a,qwen3-vl,no-gloves,False,False
snehilsanyal-main__youtube-682_jpg.rf.1b6032eab51a0902f1d56ff7425c5f2a,qwen3-vl,no-boots,False,False
snehilsanyal-main__youtube-682_jpg.rf.1b6032eab51a0902f1d56ff7425c5f2a,qwen3-vl,no-vest,False,False
snehilsanyal-main__youtube-682_jpg.rf.1b6032eab51a0902f1d56ff7425c5f2a,gemma4,person,True,False
snehilsanyal-main__youtube-682_jpg.rf.1b6032eab51a0902f1d56ff7425c5f2a,gemma4,helmet,True,False
snehilsanyal-main__youtube-682_jpg.rf.1b6032eab51a0902f1d56ff7425c5f2a,gemma4,gloves,True,False
snehilsanyal-main__youtube-682_jpg.rf.1b6032eab51a0902f1d56ff7425c5f2a,gemma4,boots,True,False
snehilsanyal-main__youtube-682_jpg.rf.1b6032eab51a0902f1d56ff7425c5f2a,gemma4,vest,True,False
snehilsanyal-main__youtube-682_jpg.rf.1b6032eab51a0902f1d56ff7425c5f2a,gemma4,no-helmet,False,False
snehilsanyal-main__youtube-682_jpg.rf.1b6032eab51a0902f1d56ff7425c5f2a,gemma4,no-gloves,False,False
snehilsanyal-main__youtube-682_jpg.rf.1b6032eab51a0902f1d56ff7425c5f2a,gemma4,no-boots,False,False
snehilsanyal-main__youtube-682_jpg.rf.1b6032eab51a0902f1d56ff7425c5f2a,gemma4,no-vest,False,False
snehilsanyal-main__youtube-682_jpg.rf.1b6032eab51a0902f1d56ff7425c5f2a,minicpm-v,person,True,False
snehilsanyal-main__youtube-682_jpg.rf.1b6032eab51a0902f1d56ff7425c5f2a,minicpm-v,helmet,True,False
snehilsanyal-main__youtube-682_jpg.rf.1b6032eab51a0902f1d56ff7425c5f2a,minicpm-v,gloves,True,False
snehilsanyal-main__youtube-682_jpg.rf.1b6032eab51a0902f1d56ff7425c5f2a,minicpm-v,boots,True,False
snehilsanyal-main__youtube-682_jpg.rf.1b6032eab51a0902f1d56ff7425c5f2a,minicpm-v,vest,True,False
snehilsanyal-main__youtube-682_jpg.rf.1b6032eab51a0902f1d56ff7425c5f2a,minicpm-v,no-helmet,False,False
snehilsanyal-main__youtube-682_jpg.rf.1b6032eab51a0902f1d56ff7425c5f2a,minicpm-v,no-gloves,False,False
snehilsanyal-main__youtube-682_jpg.rf.1b6032eab51a0902f1d56ff7425c5f2a,minicpm-v,no-boots,False,False
snehilsanyal-main__youtube-682_jpg.rf.1b6032eab51a0902f1d56ff7425c5f2a,minicpm-v,no-vest,False,False
snehilsanyal-main__youtube-824_jpg.rf.66d684a9888bb29ffe83793dd2ed3528,yolo,person,True,False
snehilsanyal-main__youtube-824_jpg.rf.66d684a9888bb29ffe83793dd2ed3528,yolo,helmet,False,False
snehilsanyal-main__youtube-824_jpg.rf.66d684a9888bb29ffe83793dd2ed3528,yolo,gloves,False,False
snehilsanyal-main__youtube-824_jpg.rf.66d684a9888bb29ffe83793dd2ed3528,yolo,boots,False,False
snehilsanyal-main__youtube-824_jpg.rf.66d684a9888bb29ffe83793dd2ed3528,yolo,vest,True,False
snehilsanyal-main__youtube-824_jpg.rf.66d684a9888bb29ffe83793dd2ed3528,yolo,no-helmet,False,False
snehilsanyal-main__youtube-824_jpg.rf.66d684a9888bb29ffe83793dd2ed3528,yolo,no-gloves,False,False
snehilsanyal-main__youtube-824_jpg.rf.66d684a9888bb29ffe83793dd2ed3528,yolo,no-boots,False,False
snehilsanyal-main__youtube-824_jpg.rf.66d684a9888bb29ffe83793dd2ed3528,yolo,no-vest,True,False
snehilsanyal-main__youtube-824_jpg.rf.66d684a9888bb29ffe83793dd2ed3528,ollama,person,True,False
snehilsanyal-main__youtube-824_jpg.rf.66d684a9888bb29ffe83793dd2ed3528,ollama,helmet,True,False
snehilsanyal-main__youtube-824_jpg.rf.66d684a9888bb29ffe83793dd2ed3528,ollama,gloves,True,False
snehilsanyal-main__youtube-824_jpg.rf.66d684a9888bb29ffe83793dd2ed3528,ollama,boots,True,False
snehilsanyal-main__youtube-824_jpg.rf.66d684a9888bb29ffe83793dd2ed3528,ollama,vest,True,False
snehilsanyal-main__youtube-824_jpg.rf.66d684a9888bb29ffe83793dd2ed3528,ollama,no-helmet,False,False
snehilsanyal-main__youtube-824_jpg.rf.66d684a9888bb29ffe83793dd2ed3528,ollama,no-gloves,True,False
snehilsanyal-main__youtube-824_jpg.rf.66d684a9888bb29ffe83793dd2ed3528,ollama,no-boots,False,False
snehilsanyal-main__youtube-824_jpg.rf.66d684a9888bb29ffe83793dd2ed3528,ollama,no-vest,False,False
snehilsanyal-main__youtube-824_jpg.rf.66d684a9888bb29ffe83793dd2ed3528,qwen3-vl,person,True,False
snehilsanyal-main__youtube-824_jpg.rf.66d684a9888bb29ffe83793dd2ed3528,qwen3-vl,helmet,False,False
snehilsanyal-main__youtube-824_jpg.rf.66d684a9888bb29ffe83793dd2ed3528,qwen3-vl,gloves,True,False
snehilsanyal-main__youtube-824_jpg.rf.66d684a9888bb29ffe83793dd2ed3528,qwen3-vl,boots,False,False
snehilsanyal-main__youtube-824_jpg.rf.66d684a9888bb29ffe83793dd2ed3528,qwen3-vl,vest,True,False
snehilsanyal-main__youtube-824_jpg.rf.66d684a9888bb29ffe83793dd2ed3528,qwen3-vl,no-helmet,False,False
snehilsanyal-main__youtube-824_jpg.rf.66d684a9888bb29ffe83793dd2ed3528,qwen3-vl,no-gloves,False,False
snehilsanyal-main__youtube-824_jpg.rf.66d684a9888bb29ffe83793dd2ed3528,qwen3-vl,no-boots,False,False
snehilsanyal-main__youtube-824_jpg.rf.66d684a9888bb29ffe83793dd2ed3528,qwen3-vl,no-vest,False,False
snehilsanyal-main__youtube-824_jpg.rf.66d684a9888bb29ffe83793dd2ed3528,gemma4,person,True,False
snehilsanyal-main__youtube-824_jpg.rf.66d684a9888bb29ffe83793dd2ed3528,gemma4,helmet,True,False
snehilsanyal-main__youtube-824_jpg.rf.66d684a9888bb29ffe83793dd2ed3528,gemma4,gloves,True,False
snehilsanyal-main__youtube-824_jpg.rf.66d684a9888bb29ffe83793dd2ed3528,gemma4,boots,True,False
snehilsanyal-main__youtube-824_jpg.rf.66d684a9888bb29ffe83793dd2ed3528,gemma4,vest,True,False
snehilsanyal-main__youtube-824_jpg.rf.66d684a9888bb29ffe83793dd2ed3528,gemma4,no-helmet,False,False
snehilsanyal-main__youtube-824_jpg.rf.66d684a9888bb29ffe83793dd2ed3528,gemma4,no-gloves,False,False
snehilsanyal-main__youtube-824_jpg.rf.66d684a9888bb29ffe83793dd2ed3528,gemma4,no-boots,False,False
snehilsanyal-main__youtube-824_jpg.rf.66d684a9888bb29ffe83793dd2ed3528,gemma4,no-vest,False,False
snehilsanyal-main__youtube-824_jpg.rf.66d684a9888bb29ffe83793dd2ed3528,minicpm-v,person,True,False
snehilsanyal-main__youtube-824_jpg.rf.66d684a9888bb29ffe83793dd2ed3528,minicpm-v,helmet,False,False
snehilsanyal-main__youtube-824_jpg.rf.66d684a9888bb29ffe83793dd2ed3528,minicpm-v,gloves,True,False
snehilsanyal-main__youtube-824_jpg.rf.66d684a9888bb29ffe83793dd2ed3528,minicpm-v,boots,True,False
snehilsanyal-main__youtube-824_jpg.rf.66d684a9888bb29ffe83793dd2ed3528,minicpm-v,vest,True,False
snehilsanyal-main__youtube-824_jpg.rf.66d684a9888bb29ffe83793dd2ed3528,minicpm-v,no-helmet,True,False
snehilsanyal-main__youtube-824_jpg.rf.66d684a9888bb29ffe83793dd2ed3528,minicpm-v,no-gloves,False,False
snehilsanyal-main__youtube-824_jpg.rf.66d684a9888bb29ffe83793dd2ed3528,minicpm-v,no-boots,False,False
snehilsanyal-main__youtube-824_jpg.rf.66d684a9888bb29ffe83793dd2ed3528,minicpm-v,no-vest,False,False
