file,model,class_name,present,parse_error
anuragraj03__Nhh_img_193_jpg.rf.2efe1377c575fad6e5632a99ea769798,yolo,person,False,False
anuragraj03__Nhh_img_193_jpg.rf.2efe1377c575fad6e5632a99ea769798,yolo,helmet,True,False
anuragraj03__Nhh_img_193_jpg.rf.2efe1377c575fad6e5632a99ea769798,yolo,gloves,False,False
anuragraj03__Nhh_img_193_jpg.rf.2efe1377c575fad6e5632a99ea769798,yolo,boots,False,False
anuragraj03__Nhh_img_193_jpg.rf.2efe1377c575fad6e5632a99ea769798,yolo,vest,False,False
anuragraj03__Nhh_img_193_jpg.rf.2efe1377c575fad6e5632a99ea769798,yolo,no-helmet,False,False
anuragraj03__Nhh_img_193_jpg.rf.2efe1377c575fad6e5632a99ea769798,yolo,no-gloves,False,False
anuragraj03__Nhh_img_193_jpg.rf.2efe1377c575fad6e5632a99ea769798,yolo,no-boots,False,False
anuragraj03__Nhh_img_193_jpg.rf.2efe1377c575fad6e5632a99ea769798,yolo,no-vest,False,False
anuragraj03__Nhh_img_193_jpg.rf.2efe1377c575fad6e5632a99ea769798,gemini,person,True,False
anuragraj03__Nhh_img_193_jpg.rf.2efe1377c575fad6e5632a99ea769798,gemini,helmet,True,False
anuragraj03__Nhh_img_193_jpg.rf.2efe1377c575fad6e5632a99ea769798,gemini,gloves,False,False
anuragraj03__Nhh_img_193_jpg.rf.2efe1377c575fad6e5632a99ea769798,gemini,boots,False,False
anuragraj03__Nhh_img_193_jpg.rf.2efe1377c575fad6e5632a99ea769798,gemini,vest,False,False
anuragraj03__Nhh_img_193_jpg.rf.2efe1377c575fad6e5632a99ea769798,gemini,no-helmet,False,False
anuragraj03__Nhh_img_193_jpg.rf.2efe1377c575fad6e5632a99ea769798,gemini,no-gloves,True,False
anuragraj03__Nhh_img_193_jpg.rf.2efe1377c575fad6e5632a99ea769798,gemini,no-boots,True,False
anuragraj03__Nhh_img_193_jpg.rf.2efe1377c575fad6e5632a99ea769798,gemini,no-vest,True,False
anuragraj03__PP02img1002_jpg.rf.62e25de0e2eeb6b0861ca6a12222ad20,yolo,person,False,False
anuragraj03__PP02img1002_jpg.rf.62e25de0e2eeb6b0861ca6a12222ad20,yolo,helmet,False,False
anuragraj03__PP02img1002_jpg.rf.62e25de0e2eeb6b0861ca6a12222ad20,yolo,gloves,True,False
anuragraj03__PP02img1002_jpg.rf.62e25de0e2eeb6b0861ca6a12222ad20,yolo,boots,False,False
anuragraj03__PP02img1002_jpg.rf.62e25de0e2eeb6b0861ca6a12222ad20,yolo,vest,False,False
anuragraj03__PP02img1002_jpg.rf.62e25de0e2eeb6b0861ca6a12222ad20,yolo,no-helmet,False,False
anuragraj03__PP02img1002_jpg.rf.62e25de0e2eeb6b0861ca6a12222ad20,yolo,no-gloves,True,False
anuragraj03__PP02img1002_jpg.rf.62e25de0e2eeb6b0861ca6a12222ad20,yolo,no-boots,False,False
anuragraj03__PP02img1002_jpg.rf.62e25de0e2eeb6b0861ca6a12222ad20,yolo,no-vest,False,False
anuragraj03__PP02img1002_jpg.rf.62e25de0e2eeb6b0861ca6a12222ad20,gemini,person,True,False
anuragraj03__PP02img1002_jpg.rf.62e25de0e2eeb6b0861ca6a12222ad20,gemini,helmet,False,False
anuragraj03__PP02img1002_jpg.rf.62e25de0e2eeb6b0861ca6a12222ad20,gemini,gloves,True,False
anuragraj03__PP02img1002_jpg.rf.62e25de0e2eeb6b0861ca6a12222ad20,gemini,boots,False,False
anuragraj03__PP02img1002_jpg.rf.62e25de0e2eeb6b0861ca6a12222ad20,gemini,vest,False,False
anuragraj03__PP02img1002_jpg.rf.62e25de0e2eeb6b0861ca6a12222ad20,gemini,no-helmet,True,False
anuragraj03__PP02img1002_jpg.rf.62e25de0e2eeb6b0861ca6a12222ad20,gemini,no-gloves,False,False
anuragraj03__PP02img1002_jpg.rf.62e25de0e2eeb6b0861ca6a12222ad20,gemini,no-boots,False,False
anuragraj03__PP02img1002_jpg.rf.62e25de0e2eeb6b0861ca6a12222ad20,gemini,no-vest,True,False
anuragraj03__PP02img471_jpg.rf.1677e50491967a23c5f760cea6600487,yolo,person,False,False
anuragraj03__PP02img471_jpg.rf.1677e50491967a23c5f760cea6600487,yolo,helmet,False,False
anuragraj03__PP02img471_jpg.rf.1677e50491967a23c5f760cea6600487,yolo,gloves,True,False
anuragraj03__PP02img471_jpg.rf.1677e50491967a23c5f760cea6600487,yolo,boots,False,False
anuragraj03__PP02img471_jpg.rf.1677e50491967a23c5f760cea6600487,yolo,vest,False,False
anuragraj03__PP02img471_jpg.rf.1677e50491967a23c5f760cea6600487,yolo,no-helmet,False,False
anuragraj03__PP02img471_jpg.rf.1677e50491967a23c5f760cea6600487,yolo,no-gloves,True,False
anuragraj03__PP02img471_jpg.rf.1677e50491967a23c5f760cea6600487,yolo,no-boots,False,False
anuragraj03__PP02img471_jpg.rf.1677e50491967a23c5f760cea6600487,yolo,no-vest,False,False
anuragraj03__PP02img471_jpg.rf.1677e50491967a23c5f760cea6600487,gemini,person,True,False
anuragraj03__PP02img471_jpg.rf.1677e50491967a23c5f760cea6600487,gemini,helmet,False,False
anuragraj03__PP02img471_jpg.rf.1677e50491967a23c5f760cea6600487,gemini,gloves,True,False
anuragraj03__PP02img471_jpg.rf.1677e50491967a23c5f760cea6600487,gemini,boots,False,False
anuragraj03__PP02img471_jpg.rf.1677e50491967a23c5f760cea6600487,gemini,vest,False,False
anuragraj03__PP02img471_jpg.rf.1677e50491967a23c5f760cea6600487,gemini,no-helmet,True,False
anuragraj03__PP02img471_jpg.rf.1677e50491967a23c5f760cea6600487,gemini,no-gloves,True,False
anuragraj03__PP02img471_jpg.rf.1677e50491967a23c5f760cea6600487,gemini,no-boots,True,False
anuragraj03__PP02img471_jpg.rf.1677e50491967a23c5f760cea6600487,gemini,no-vest,True,False
anuragraj03__PP02img667_jpg.rf.614a317243fabb7bd326e8d6437b42e4,yolo,person,False,False
anuragraj03__PP02img667_jpg.rf.614a317243fabb7bd326e8d6437b42e4,yolo,helmet,False,False
anuragraj03__PP02img667_jpg.rf.614a317243fabb7bd326e8d6437b42e4,yolo,gloves,False,False
anuragraj03__PP02img667_jpg.rf.614a317243fabb7bd326e8d6437b42e4,yolo,boots,False,False
anuragraj03__PP02img667_jpg.rf.614a317243fabb7bd326e8d6437b42e4,yolo,vest,False,False
anuragraj03__PP02img667_jpg.rf.614a317243fabb7bd326e8d6437b42e4,yolo,no-helmet,False,False
anuragraj03__PP02img667_jpg.rf.614a317243fabb7bd326e8d6437b42e4,yolo,no-gloves,True,False
anuragraj03__PP02img667_jpg.rf.614a317243fabb7bd326e8d6437b42e4,yolo,no-boots,False,False
anuragraj03__PP02img667_jpg.rf.614a317243fabb7bd326e8d6437b42e4,yolo,no-vest,False,False
anuragraj03__PP02img667_jpg.rf.614a317243fabb7bd326e8d6437b42e4,gemini,person,True,False
anuragraj03__PP02img667_jpg.rf.614a317243fabb7bd326e8d6437b42e4,gemini,helmet,False,False
anuragraj03__PP02img667_jpg.rf.614a317243fabb7bd326e8d6437b42e4,gemini,gloves,False,False
anuragraj03__PP02img667_jpg.rf.614a317243fabb7bd326e8d6437b42e4,gemini,boots,False,False
anuragraj03__PP02img667_jpg.rf.614a317243fabb7bd326e8d6437b42e4,gemini,vest,False,False
anuragraj03__PP02img667_jpg.rf.614a317243fabb7bd326e8d6437b42e4,gemini,no-helmet,True,False
anuragraj03__PP02img667_jpg.rf.614a317243fabb7bd326e8d6437b42e4,gemini,no-gloves,True,False
anuragraj03__PP02img667_jpg.rf.614a317243fabb7bd326e8d6437b42e4,gemini,no-boots,True,False
anuragraj03__PP02img667_jpg.rf.614a317243fabb7bd326e8d6437b42e4,gemini,no-vest,True,False
anuragraj03__PPE_Data_181_jpg.rf.33359be7c33dbdaf16c2007f9092286a,yolo,person,False,False
anuragraj03__PPE_Data_181_jpg.rf.33359be7c33dbdaf16c2007f9092286a,yolo,helmet,False,False
anuragraj03__PPE_Data_181_jpg.rf.33359be7c33dbdaf16c2007f9092286a,yolo,gloves,False,False
anuragraj03__PPE_Data_181_jpg.rf.33359be7c33dbdaf16c2007f9092286a,yolo,boots,True,False
anuragraj03__PPE_Data_181_jpg.rf.33359be7c33dbdaf16c2007f9092286a,yolo,vest,False,False
anuragraj03__PPE_Data_181_jpg.rf.33359be7c33dbdaf16c2007f9092286a,yolo,no-helmet,False,False
anuragraj03__PPE_Data_181_jpg.rf.33359be7c33dbdaf16c2007f9092286a,yolo,no-gloves,True,False
anuragraj03__PPE_Data_181_jpg.rf.33359be7c33dbdaf16c2007f9092286a,yolo,no-boots,False,False
anuragraj03__PPE_Data_181_jpg.rf.33359be7c33dbdaf16c2007f9092286a,yolo,no-vest,False,False
anuragraj03__PPE_Data_181_jpg.rf.33359be7c33dbdaf16c2007f9092286a,gemini,person,True,False
anuragraj03__PPE_Data_181_jpg.rf.33359be7c33dbdaf16c2007f9092286a,gemini,helmet,False,False
anuragraj03__PPE_Data_181_jpg.rf.33359be7c33dbdaf16c2007f9092286a,gemini,gloves,False,False
anuragraj03__PPE_Data_181_jpg.rf.33359be7c33dbdaf16c2007f9092286a,gemini,boots,True,False
anuragraj03__PPE_Data_181_jpg.rf.33359be7c33dbdaf16c2007f9092286a,gemini,vest,False,False
anuragraj03__PPE_Data_181_jpg.rf.33359be7c33dbdaf16c2007f9092286a,gemini,no-helmet,True,False
anuragraj03__PPE_Data_181_jpg.rf.33359be7c33dbdaf16c2007f9092286a,gemini,no-gloves,True,False
anuragraj03__PPE_Data_181_jpg.rf.33359be7c33dbdaf16c2007f9092286a,gemini,no-boots,False,False
anuragraj03__PPE_Data_181_jpg.rf.33359be7c33dbdaf16c2007f9092286a,gemini,no-vest,True,False
anuragraj03__fglov146_jpg.rf.bcbaf7ab2a974cb248a8c723a7d499e5,yolo,person,False,False
anuragraj03__fglov146_jpg.rf.bcbaf7ab2a974cb248a8c723a7d499e5,yolo,helmet,False,False
anuragraj03__fglov146_jpg.rf.bcbaf7ab2a974cb248a8c723a7d499e5,yolo,gloves,True,False
anuragraj03__fglov146_jpg.rf.bcbaf7ab2a974cb248a8c723a7d499e5,yolo,boots,False,False
anuragraj03__fglov146_jpg.rf.bcbaf7ab2a974cb248a8c723a7d499e5,yolo,vest,False,False
anuragraj03__fglov146_jpg.rf.bcbaf7ab2a974cb248a8c723a7d499e5,yolo,no-helmet,False,False
anuragraj03__fglov146_jpg.rf.bcbaf7ab2a974cb248a8c723a7d499e5,yolo,no-gloves,True,False
anuragraj03__fglov146_jpg.rf.bcbaf7ab2a974cb248a8c723a7d499e5,yolo,no-boots,False,False
anuragraj03__fglov146_jpg.rf.bcbaf7ab2a974cb248a8c723a7d499e5,yolo,no-vest,False,False
anuragraj03__fglov146_jpg.rf.bcbaf7ab2a974cb248a8c723a7d499e5,gemini,person,True,False
anuragraj03__fglov146_jpg.rf.bcbaf7ab2a974cb248a8c723a7d499e5,gemini,helmet,False,False
anuragraj03__fglov146_jpg.rf.bcbaf7ab2a974cb248a8c723a7d499e5,gemini,gloves,True,False
anuragraj03__fglov146_jpg.rf.bcbaf7ab2a974cb248a8c723a7d499e5,gemini,boots,False,False
anuragraj03__fglov146_jpg.rf.bcbaf7ab2a974cb248a8c723a7d499e5,gemini,vest,False,False
anuragraj03__fglov146_jpg.rf.bcbaf7ab2a974cb248a8c723a7d499e5,gemini,no-helmet,True,False
anuragraj03__fglov146_jpg.rf.bcbaf7ab2a974cb248a8c723a7d499e5,gemini,no-gloves,False,False
anuragraj03__fglov146_jpg.rf.bcbaf7ab2a974cb248a8c723a7d499e5,gemini,no-boots,False,False
anuragraj03__fglov146_jpg.rf.bcbaf7ab2a974cb248a8c723a7d499e5,gemini,no-vest,True,False
anuragraj03__frame00001_png.rf.29c19a377463f435a3438130aca75f85,yolo,person,False,False
anuragraj03__frame00001_png.rf.29c19a377463f435a3438130aca75f85,yolo,helmet,True,False
anuragraj03__frame00001_png.rf.29c19a377463f435a3438130aca75f85,yolo,gloves,True,False
anuragraj03__frame00001_png.rf.29c19a377463f435a3438130aca75f85,yolo,boots,True,False
anuragraj03__frame00001_png.rf.29c19a377463f435a3438130aca75f85,yolo,vest,False,False
anuragraj03__frame00001_png.rf.29c19a377463f435a3438130aca75f85,yolo,no-helmet,False,False
anuragraj03__frame00001_png.rf.29c19a377463f435a3438130aca75f85,yolo,no-gloves,False,False
anuragraj03__frame00001_png.rf.29c19a377463f435a3438130aca75f85,yolo,no-boots,True,False
anuragraj03__frame00001_png.rf.29c19a377463f435a3438130aca75f85,yolo,no-vest,False,False
anuragraj03__frame00001_png.rf.29c19a377463f435a3438130aca75f85,gemini,person,True,False
anuragraj03__frame00001_png.rf.29c19a377463f435a3438130aca75f85,gemini,helmet,True,False
anuragraj03__frame00001_png.rf.29c19a377463f435a3438130aca75f85,gemini,gloves,True,False
anuragraj03__frame00001_png.rf.29c19a377463f435a3438130aca75f85,gemini,boots,True,False
anuragraj03__frame00001_png.rf.29c19a377463f435a3438130aca75f85,gemini,vest,False,False
anuragraj03__frame00001_png.rf.29c19a377463f435a3438130aca75f85,gemini,no-helmet,False,False
anuragraj03__frame00001_png.rf.29c19a377463f435a3438130aca75f85,gemini,no-gloves,True,False
anuragraj03__frame00001_png.rf.29c19a377463f435a3438130aca75f85,gemini,no-boots,False,False
anuragraj03__frame00001_png.rf.29c19a377463f435a3438130aca75f85,gemini,no-vest,True,False
anuragraj03__frame00001_png.rf.8a0f5fb1d652ceb2340042962c04011a,yolo,person,False,False
anuragraj03__frame00001_png.rf.8a0f5fb1d652ceb2340042962c04011a,yolo,helmet,True,False
anuragraj03__frame00001_png.rf.8a0f5fb1d652ceb2340042962c04011a,yolo,gloves,True,False
anuragraj03__frame00001_png.rf.8a0f5fb1d652ceb2340042962c04011a,yolo,boots,True,False
anuragraj03__frame00001_png.rf.8a0f5fb1d652ceb2340042962c04011a,yolo,vest,False,False
anuragraj03__frame00001_png.rf.8a0f5fb1d652ceb2340042962c04011a,yolo,no-helmet,False,False
anuragraj03__frame00001_png.rf.8a0f5fb1d652ceb2340042962c04011a,yolo,no-gloves,False,False
anuragraj03__frame00001_png.rf.8a0f5fb1d652ceb2340042962c04011a,yolo,no-boots,False,False
anuragraj03__frame00001_png.rf.8a0f5fb1d652ceb2340042962c04011a,yolo,no-vest,False,False
anuragraj03__frame00001_png.rf.8a0f5fb1d652ceb2340042962c04011a,gemini,person,True,False
anuragraj03__frame00001_png.rf.8a0f5fb1d652ceb2340042962c04011a,gemini,helmet,True,False
anuragraj03__frame00001_png.rf.8a0f5fb1d652ceb2340042962c04011a,gemini,gloves,False,False
anuragraj03__frame00001_png.rf.8a0f5fb1d652ceb2340042962c04011a,gemini,boots,True,False
anuragraj03__frame00001_png.rf.8a0f5fb1d652ceb2340042962c04011a,gemini,vest,False,False
anuragraj03__frame00001_png.rf.8a0f5fb1d652ceb2340042962c04011a,gemini,no-helmet,False,False
anuragraj03__frame00001_png.rf.8a0f5fb1d652ceb2340042962c04011a,gemini,no-gloves,True,False
anuragraj03__frame00001_png.rf.8a0f5fb1d652ceb2340042962c04011a,gemini,no-boots,False,False
anuragraj03__frame00001_png.rf.8a0f5fb1d652ceb2340042962c04011a,gemini,no-vest,True,False
anuragraj03__frame00001_png.rf.fdb6042a4dd9b2618e766ed3dcda2b7d,yolo,person,False,False
anuragraj03__frame00001_png.rf.fdb6042a4dd9b2618e766ed3dcda2b7d,yolo,helmet,False,False
anuragraj03__frame00001_png.rf.fdb6042a4dd9b2618e766ed3dcda2b7d,yolo,gloves,False,False
anuragraj03__frame00001_png.rf.fdb6042a4dd9b2618e766ed3dcda2b7d,yolo,boots,True,False
anuragraj03__frame00001_png.rf.fdb6042a4dd9b2618e766ed3dcda2b7d,yolo,vest,False,False
anuragraj03__frame00001_png.rf.fdb6042a4dd9b2618e766ed3dcda2b7d,yolo,no-helmet,True,False
anuragraj03__frame00001_png.rf.fdb6042a4dd9b2618e766ed3dcda2b7d,yolo,no-gloves,False,False
anuragraj03__frame00001_png.rf.fdb6042a4dd9b2618e766ed3dcda2b7d,yolo,no-boots,False,False
anuragraj03__frame00001_png.rf.fdb6042a4dd9b2618e766ed3dcda2b7d,yolo,no-vest,False,False
anuragraj03__frame00001_png.rf.fdb6042a4dd9b2618e766ed3dcda2b7d,gemini,person,True,False
anuragraj03__frame00001_png.rf.fdb6042a4dd9b2618e766ed3dcda2b7d,gemini,helmet,False,False
anuragraj03__frame00001_png.rf.fdb6042a4dd9b2618e766ed3dcda2b7d,gemini,gloves,False,False
anuragraj03__frame00001_png.rf.fdb6042a4dd9b2618e766ed3dcda2b7d,gemini,boots,False,False
anuragraj03__frame00001_png.rf.fdb6042a4dd9b2618e766ed3dcda2b7d,gemini,vest,False,False
anuragraj03__frame00001_png.rf.fdb6042a4dd9b2618e766ed3dcda2b7d,gemini,no-helmet,True,False
anuragraj03__frame00001_png.rf.fdb6042a4dd9b2618e766ed3dcda2b7d,gemini,no-gloves,True,False
anuragraj03__frame00001_png.rf.fdb6042a4dd9b2618e766ed3dcda2b7d,gemini,no-boots,True,False
anuragraj03__frame00001_png.rf.fdb6042a4dd9b2618e766ed3dcda2b7d,gemini,no-vest,True,False
anuragraj03__frame00021_png.rf.38d421896f6c4c90266c4580f83c69e1,yolo,person,False,False
anuragraj03__frame00021_png.rf.38d421896f6c4c90266c4580f83c69e1,yolo,helmet,False,False
anuragraj03__frame00021_png.rf.38d421896f6c4c90266c4580f83c69e1,yolo,gloves,False,False
anuragraj03__frame00021_png.rf.38d421896f6c4c90266c4580f83c69e1,yolo,boots,False,False
anuragraj03__frame00021_png.rf.38d421896f6c4c90266c4580f83c69e1,yolo,vest,False,False
anuragraj03__frame00021_png.rf.38d421896f6c4c90266c4580f83c69e1,yolo,no-helmet,True,False
anuragraj03__frame00021_png.rf.38d421896f6c4c90266c4580f83c69e1,yolo,no-gloves,False,False
anuragraj03__frame00021_png.rf.38d421896f6c4c90266c4580f83c69e1,yolo,no-boots,True,False
anuragraj03__frame00021_png.rf.38d421896f6c4c90266c4580f83c69e1,yolo,no-vest,False,False
anuragraj03__frame00021_png.rf.38d421896f6c4c90266c4580f83c69e1,gemini,person,True,False
anuragraj03__frame00021_png.rf.38d421896f6c4c90266c4580f83c69e1,gemini,helmet,False,False
anuragraj03__frame00021_png.rf.38d421896f6c4c90266c4580f83c69e1,gemini,gloves,False,False
anuragraj03__frame00021_png.rf.38d421896f6c4c90266c4580f83c69e1,gemini,boots,False,False
anuragraj03__frame00021_png.rf.38d421896f6c4c90266c4580f83c69e1,gemini,vest,False,False
anuragraj03__frame00021_png.rf.38d421896f6c4c90266c4580f83c69e1,gemini,no-helmet,True,False
anuragraj03__frame00021_png.rf.38d421896f6c4c90266c4580f83c69e1,gemini,no-gloves,True,False
anuragraj03__frame00021_png.rf.38d421896f6c4c90266c4580f83c69e1,gemini,no-boots,True,False
anuragraj03__frame00021_png.rf.38d421896f6c4c90266c4580f83c69e1,gemini,no-vest,True,False
anuragraj03__frame00021_png.rf.645602dd7237ea2e6be17c088a456432,yolo,person,False,False
anuragraj03__frame00021_png.rf.645602dd7237ea2e6be17c088a456432,yolo,helmet,False,False
anuragraj03__frame00021_png.rf.645602dd7237ea2e6be17c088a456432,yolo,gloves,False,False
anuragraj03__frame00021_png.rf.645602dd7237ea2e6be17c088a456432,yolo,boots,True,False
anuragraj03__frame00021_png.rf.645602dd7237ea2e6be17c088a456432,yolo,vest,False,False
anuragraj03__frame00021_png.rf.645602dd7237ea2e6be17c088a456432,yolo,no-helmet,True,False
anuragraj03__frame00021_png.rf.645602dd7237ea2e6be17c088a456432,yolo,no-gloves,False,False
anuragraj03__frame00021_png.rf.645602dd7237ea2e6be17c088a456432,yolo,no-boots,False,False
anuragraj03__frame00021_png.rf.645602dd7237ea2e6be17c088a456432,yolo,no-vest,False,False
anuragraj03__frame00021_png.rf.645602dd7237ea2e6be17c088a456432,gemini,person,True,False
anuragraj03__frame00021_png.rf.645602dd7237ea2e6be17c088a456432,gemini,helmet,False,False
anuragraj03__frame00021_png.rf.645602dd7237ea2e6be17c088a456432,gemini,gloves,False,False
anuragraj03__frame00021_png.rf.645602dd7237ea2e6be17c088a456432,gemini,boots,True,False
anuragraj03__frame00021_png.rf.645602dd7237ea2e6be17c088a456432,gemini,vest,False,False
anuragraj03__frame00021_png.rf.645602dd7237ea2e6be17c088a456432,gemini,no-helmet,True,False
anuragraj03__frame00021_png.rf.645602dd7237ea2e6be17c088a456432,gemini,no-gloves,True,False
anuragraj03__frame00021_png.rf.645602dd7237ea2e6be17c088a456432,gemini,no-boots,True,False
anuragraj03__frame00021_png.rf.645602dd7237ea2e6be17c088a456432,gemini,no-vest,True,False
anuragraj03__frame00021_png.rf.6f750430bf2c2ad4d0d34dd36a9377d0,yolo,person,False,False
anuragraj03__frame00021_png.rf.6f750430bf2c2ad4d0d34dd36a9377d0,yolo,helmet,True,False
anuragraj03__frame00021_png.rf.6f750430bf2c2ad4d0d34dd36a9377d0,yolo,gloves,False,False
anuragraj03__frame00021_png.rf.6f750430bf2c2ad4d0d34dd36a9377d0,yolo,boots,True,False
anuragraj03__frame00021_png.rf.6f750430bf2c2ad4d0d34dd36a9377d0,yolo,vest,False,False
anuragraj03__frame00021_png.rf.6f750430bf2c2ad4d0d34dd36a9377d0,yolo,no-helmet,False,False
anuragraj03__frame00021_png.rf.6f750430bf2c2ad4d0d34dd36a9377d0,yolo,no-gloves,False,False
anuragraj03__frame00021_png.rf.6f750430bf2c2ad4d0d34dd36a9377d0,yolo,no-boots,True,False
anuragraj03__frame00021_png.rf.6f750430bf2c2ad4d0d34dd36a9377d0,yolo,no-vest,False,False
anuragraj03__frame00021_png.rf.6f750430bf2c2ad4d0d34dd36a9377d0,gemini,person,True,False
anuragraj03__frame00021_png.rf.6f750430bf2c2ad4d0d34dd36a9377d0,gemini,helmet,True,False
anuragraj03__frame00021_png.rf.6f750430bf2c2ad4d0d34dd36a9377d0,gemini,gloves,True,False
anuragraj03__frame00021_png.rf.6f750430bf2c2ad4d0d34dd36a9377d0,gemini,boots,True,False
anuragraj03__frame00021_png.rf.6f750430bf2c2ad4d0d34dd36a9377d0,gemini,vest,False,False
anuragraj03__frame00021_png.rf.6f750430bf2c2ad4d0d34dd36a9377d0,gemini,no-helmet,True,False
anuragraj03__frame00021_png.rf.6f750430bf2c2ad4d0d34dd36a9377d0,gemini,no-gloves,True,False
anuragraj03__frame00021_png.rf.6f750430bf2c2ad4d0d34dd36a9377d0,gemini,no-boots,False,False
anuragraj03__frame00021_png.rf.6f750430bf2c2ad4d0d34dd36a9377d0,gemini,no-vest,True,False
anuragraj03__frame00021_png.rf.9253ef57996b2acf0ee20fd0bdde9c18,yolo,person,False,False
anuragraj03__frame00021_png.rf.9253ef57996b2acf0ee20fd0bdde9c18,yolo,helmet,False,False
anuragraj03__frame00021_png.rf.9253ef57996b2acf0ee20fd0bdde9c18,yolo,gloves,False,False
anuragraj03__frame00021_png.rf.9253ef57996b2acf0ee20fd0bdde9c18,yolo,boots,False,False
anuragraj03__frame00021_png.rf.9253ef57996b2acf0ee20fd0bdde9c18,yolo,vest,False,False
anuragraj03__frame00021_png.rf.9253ef57996b2acf0ee20fd0bdde9c18,yolo,no-helmet,True,False
anuragraj03__frame00021_png.rf.9253ef57996b2acf0ee20fd0bdde9c18,yolo,no-gloves,False,False
anuragraj03__frame00021_png.rf.9253ef57996b2acf0ee20fd0bdde9c18,yolo,no-boots,False,False
anuragraj03__frame00021_png.rf.9253ef57996b2acf0ee20fd0bdde9c18,yolo,no-vest,False,False
anuragraj03__frame00021_png.rf.9253ef57996b2acf0ee20fd0bdde9c18,gemini,person,True,False
anuragraj03__frame00021_png.rf.9253ef57996b2acf0ee20fd0bdde9c18,gemini,helmet,False,False
anuragraj03__frame00021_png.rf.9253ef57996b2acf0ee20fd0bdde9c18,gemini,gloves,False,False
anuragraj03__frame00021_png.rf.9253ef57996b2acf0ee20fd0bdde9c18,gemini,boots,False,False
anuragraj03__frame00021_png.rf.9253ef57996b2acf0ee20fd0bdde9c18,gemini,vest,False,False
anuragraj03__frame00021_png.rf.9253ef57996b2acf0ee20fd0bdde9c18,gemini,no-helmet,True,False
anuragraj03__frame00021_png.rf.9253ef57996b2acf0ee20fd0bdde9c18,gemini,no-gloves,True,False
anuragraj03__frame00021_png.rf.9253ef57996b2acf0ee20fd0bdde9c18,gemini,no-boots,True,False
anuragraj03__frame00021_png.rf.9253ef57996b2acf0ee20fd0bdde9c18,gemini,no-vest,True,False
anuragraj03__frame00031_png.rf.f8f689368c7eef9c9d98724ffa09857c,yolo,person,False,False
anuragraj03__frame00031_png.rf.f8f689368c7eef9c9d98724ffa09857c,yolo,helmet,True,False
anuragraj03__frame00031_png.rf.f8f689368c7eef9c9d98724ffa09857c,yolo,gloves,True,False
anuragraj03__frame00031_png.rf.f8f689368c7eef9c9d98724ffa09857c,yolo,boots,True,False
anuragraj03__frame00031_png.rf.f8f689368c7eef9c9d98724ffa09857c,yolo,vest,False,False
anuragraj03__frame00031_png.rf.f8f689368c7eef9c9d98724ffa09857c,yolo,no-helmet,True,False
anuragraj03__frame00031_png.rf.f8f689368c7eef9c9d98724ffa09857c,yolo,no-gloves,False,False
anuragraj03__frame00031_png.rf.f8f689368c7eef9c9d98724ffa09857c,yolo,no-boots,True,False
anuragraj03__frame00031_png.rf.f8f689368c7eef9c9d98724ffa09857c,yolo,no-vest,False,False
anuragraj03__frame00031_png.rf.f8f689368c7eef9c9d98724ffa09857c,gemini,person,True,False
anuragraj03__frame00031_png.rf.f8f689368c7eef9c9d98724ffa09857c,gemini,helmet,True,False
anuragraj03__frame00031_png.rf.f8f689368c7eef9c9d98724ffa09857c,gemini,gloves,True,False
anuragraj03__frame00031_png.rf.f8f689368c7eef9c9d98724ffa09857c,gemini,boots,True,False
anuragraj03__frame00031_png.rf.f8f689368c7eef9c9d98724ffa09857c,gemini,vest,False,False
anuragraj03__frame00031_png.rf.f8f689368c7eef9c9d98724ffa09857c,gemini,no-helmet,True,False
anuragraj03__frame00031_png.rf.f8f689368c7eef9c9d98724ffa09857c,gemini,no-gloves,True,False
anuragraj03__frame00031_png.rf.f8f689368c7eef9c9d98724ffa09857c,gemini,no-boots,False,False
anuragraj03__frame00031_png.rf.f8f689368c7eef9c9d98724ffa09857c,gemini,no-vest,True,False
anuragraj03__frame00041_png.rf.20386a3122f9dc43dca0512ae6a6ea7c,yolo,person,False,False
anuragraj03__frame00041_png.rf.20386a3122f9dc43dca0512ae6a6ea7c,yolo,helmet,False,False
anuragraj03__frame00041_png.rf.20386a3122f9dc43dca0512ae6a6ea7c,yolo,gloves,False,False
anuragraj03__frame00041_png.rf.20386a3122f9dc43dca0512ae6a6ea7c,yolo,boots,True,False
anuragraj03__frame00041_png.rf.20386a3122f9dc43dca0512ae6a6ea7c,yolo,vest,False,False
anuragraj03__frame00041_png.rf.20386a3122f9dc43dca0512ae6a6ea7c,yolo,no-helmet,True,False
anuragraj03__frame00041_png.rf.20386a3122f9dc43dca0512ae6a6ea7c,yolo,no-gloves,False,False
anuragraj03__frame00041_png.rf.20386a3122f9dc43dca0512ae6a6ea7c,yolo,no-boots,True,False
anuragraj03__frame00041_png.rf.20386a3122f9dc43dca0512ae6a6ea7c,yolo,no-vest,False,False
anuragraj03__frame00041_png.rf.20386a3122f9dc43dca0512ae6a6ea7c,gemini,person,True,False
anuragraj03__frame00041_png.rf.20386a3122f9dc43dca0512ae6a6ea7c,gemini,helmet,False,False
anuragraj03__frame00041_png.rf.20386a3122f9dc43dca0512ae6a6ea7c,gemini,gloves,False,False
anuragraj03__frame00041_png.rf.20386a3122f9dc43dca0512ae6a6ea7c,gemini,boots,True,False
anuragraj03__frame00041_png.rf.20386a3122f9dc43dca0512ae6a6ea7c,gemini,vest,False,False
anuragraj03__frame00041_png.rf.20386a3122f9dc43dca0512ae6a6ea7c,gemini,no-helmet,True,False
anuragraj03__frame00041_png.rf.20386a3122f9dc43dca0512ae6a6ea7c,gemini,no-gloves,True,False
anuragraj03__frame00041_png.rf.20386a3122f9dc43dca0512ae6a6ea7c,gemini,no-boots,True,False
anuragraj03__frame00041_png.rf.20386a3122f9dc43dca0512ae6a6ea7c,gemini,no-vest,True,False
anuragraj03__frame00041_png.rf.2c3b0815a3d136b18bfaf7f73548bfc8,yolo,person,False,False
anuragraj03__frame00041_png.rf.2c3b0815a3d136b18bfaf7f73548bfc8,yolo,helmet,True,False
anuragraj03__frame00041_png.rf.2c3b0815a3d136b18bfaf7f73548bfc8,yolo,gloves,False,False
anuragraj03__frame00041_png.rf.2c3b0815a3d136b18bfaf7f73548bfc8,yolo,boots,True,False
anuragraj03__frame00041_png.rf.2c3b0815a3d136b18bfaf7f73548bfc8,yolo,vest,False,False
anuragraj03__frame00041_png.rf.2c3b0815a3d136b18bfaf7f73548bfc8,yolo,no-helmet,False,False
anuragraj03__frame00041_png.rf.2c3b0815a3d136b18bfaf7f73548bfc8,yolo,no-gloves,True,False
anuragraj03__frame00041_png.rf.2c3b0815a3d136b18bfaf7f73548bfc8,yolo,no-boots,True,False
anuragraj03__frame00041_png.rf.2c3b0815a3d136b18bfaf7f73548bfc8,yolo,no-vest,False,False
anuragraj03__frame00041_png.rf.2c3b0815a3d136b18bfaf7f73548bfc8,gemini,person,True,False
anuragraj03__frame00041_png.rf.2c3b0815a3d136b18bfaf7f73548bfc8,gemini,helmet,True,False
anuragraj03__frame00041_png.rf.2c3b0815a3d136b18bfaf7f73548bfc8,gemini,gloves,False,False
anuragraj03__frame00041_png.rf.2c3b0815a3d136b18bfaf7f73548bfc8,gemini,boots,True,False
anuragraj03__frame00041_png.rf.2c3b0815a3d136b18bfaf7f73548bfc8,gemini,vest,False,False
anuragraj03__frame00041_png.rf.2c3b0815a3d136b18bfaf7f73548bfc8,gemini,no-helmet,False,False
anuragraj03__frame00041_png.rf.2c3b0815a3d136b18bfaf7f73548bfc8,gemini,no-gloves,True,False
anuragraj03__frame00041_png.rf.2c3b0815a3d136b18bfaf7f73548bfc8,gemini,no-boots,False,False
anuragraj03__frame00041_png.rf.2c3b0815a3d136b18bfaf7f73548bfc8,gemini,no-vest,True,False
anuragraj03__frame00041_png.rf.6aef4165528a5eadb807bdc84365aa8d,yolo,person,False,False
anuragraj03__frame00041_png.rf.6aef4165528a5eadb807bdc84365aa8d,yolo,helmet,True,False
anuragraj03__frame00041_png.rf.6aef4165528a5eadb807bdc84365aa8d,yolo,gloves,True,False
anuragraj03__frame00041_png.rf.6aef4165528a5eadb807bdc84365aa8d,yolo,boots,True,False
anuragraj03__frame00041_png.rf.6aef4165528a5eadb807bdc84365aa8d,yolo,vest,False,False
anuragraj03__frame00041_png.rf.6aef4165528a5eadb807bdc84365aa8d,yolo,no-helmet,False,False
anuragraj03__frame00041_png.rf.6aef4165528a5eadb807bdc84365aa8d,yolo,no-gloves,True,False
anuragraj03__frame00041_png.rf.6aef4165528a5eadb807bdc84365aa8d,yolo,no-boots,False,False
anuragraj03__frame00041_png.rf.6aef4165528a5eadb807bdc84365aa8d,yolo,no-vest,False,False
anuragraj03__frame00041_png.rf.6aef4165528a5eadb807bdc84365aa8d,gemini,person,True,False
anuragraj03__frame00041_png.rf.6aef4165528a5eadb807bdc84365aa8d,gemini,helmet,True,False
anuragraj03__frame00041_png.rf.6aef4165528a5eadb807bdc84365aa8d,gemini,gloves,True,False
anuragraj03__frame00041_png.rf.6aef4165528a5eadb807bdc84365aa8d,gemini,boots,True,False
anuragraj03__frame00041_png.rf.6aef4165528a5eadb807bdc84365aa8d,gemini,vest,False,False
anuragraj03__frame00041_png.rf.6aef4165528a5eadb807bdc84365aa8d,gemini,no-helmet,False,False
anuragraj03__frame00041_png.rf.6aef4165528a5eadb807bdc84365aa8d,gemini,no-gloves,True,False
anuragraj03__frame00041_png.rf.6aef4165528a5eadb807bdc84365aa8d,gemini,no-boots,False,False
anuragraj03__frame00041_png.rf.6aef4165528a5eadb807bdc84365aa8d,gemini,no-vest,True,False
anuragraj03__frame00041_png.rf.a1666ddcfc4a74c60a3e590953e20318,yolo,person,False,False
anuragraj03__frame00041_png.rf.a1666ddcfc4a74c60a3e590953e20318,yolo,helmet,False,False
anuragraj03__frame00041_png.rf.a1666ddcfc4a74c60a3e590953e20318,yolo,gloves,False,False
anuragraj03__frame00041_png.rf.a1666ddcfc4a74c60a3e590953e20318,yolo,boots,False,False
anuragraj03__frame00041_png.rf.a1666ddcfc4a74c60a3e590953e20318,yolo,vest,False,False
anuragraj03__frame00041_png.rf.a1666ddcfc4a74c60a3e590953e20318,yolo,no-helmet,True,False
anuragraj03__frame00041_png.rf.a1666ddcfc4a74c60a3e590953e20318,yolo,no-gloves,False,False
anuragraj03__frame00041_png.rf.a1666ddcfc4a74c60a3e590953e20318,yolo,no-boots,True,False
anuragraj03__frame00041_png.rf.a1666ddcfc4a74c60a3e590953e20318,yolo,no-vest,False,False
anuragraj03__frame00041_png.rf.a1666ddcfc4a74c60a3e590953e20318,gemini,person,True,False
anuragraj03__frame00041_png.rf.a1666ddcfc4a74c60a3e590953e20318,gemini,helmet,False,False
anuragraj03__frame00041_png.rf.a1666ddcfc4a74c60a3e590953e20318,gemini,gloves,False,False
anuragraj03__frame00041_png.rf.a1666ddcfc4a74c60a3e590953e20318,gemini,boots,False,False
anuragraj03__frame00041_png.rf.a1666ddcfc4a74c60a3e590953e20318,gemini,vest,False,False
anuragraj03__frame00041_png.rf.a1666ddcfc4a74c60a3e590953e20318,gemini,no-helmet,True,False
anuragraj03__frame00041_png.rf.a1666ddcfc4a74c60a3e590953e20318,gemini,no-gloves,True,False
anuragraj03__frame00041_png.rf.a1666ddcfc4a74c60a3e590953e20318,gemini,no-boots,True,False
anuragraj03__frame00041_png.rf.a1666ddcfc4a74c60a3e590953e20318,gemini,no-vest,True,False
anuragraj03__frame00071_png.rf.d2098802276bd36181998e478d8a36d6,yolo,person,False,False
anuragraj03__frame00071_png.rf.d2098802276bd36181998e478d8a36d6,yolo,helmet,True,False
anuragraj03__frame00071_png.rf.d2098802276bd36181998e478d8a36d6,yolo,gloves,False,False
anuragraj03__frame00071_png.rf.d2098802276bd36181998e478d8a36d6,yolo,boots,False,False
anuragraj03__frame00071_png.rf.d2098802276bd36181998e478d8a36d6,yolo,vest,False,False
anuragraj03__frame00071_png.rf.d2098802276bd36181998e478d8a36d6,yolo,no-helmet,True,False
anuragraj03__frame00071_png.rf.d2098802276bd36181998e478d8a36d6,yolo,no-gloves,False,False
anuragraj03__frame00071_png.rf.d2098802276bd36181998e478d8a36d6,yolo,no-boots,True,False
anuragraj03__frame00071_png.rf.d2098802276bd36181998e478d8a36d6,yolo,no-vest,False,False
anuragraj03__frame00071_png.rf.d2098802276bd36181998e478d8a36d6,gemini,person,True,False
anuragraj03__frame00071_png.rf.d2098802276bd36181998e478d8a36d6,gemini,helmet,True,False
anuragraj03__frame00071_png.rf.d2098802276bd36181998e478d8a36d6,gemini,gloves,False,False
anuragraj03__frame00071_png.rf.d2098802276bd36181998e478d8a36d6,gemini,boots,False,False
anuragraj03__frame00071_png.rf.d2098802276bd36181998e478d8a36d6,gemini,vest,False,False
anuragraj03__frame00071_png.rf.d2098802276bd36181998e478d8a36d6,gemini,no-helmet,True,False
anuragraj03__frame00071_png.rf.d2098802276bd36181998e478d8a36d6,gemini,no-gloves,True,False
anuragraj03__frame00071_png.rf.d2098802276bd36181998e478d8a36d6,gemini,no-boots,True,False
anuragraj03__frame00071_png.rf.d2098802276bd36181998e478d8a36d6,gemini,no-vest,True,False
anuragraj03__frame00101_png.rf.dedcbdb6f20ebbd255876c87c03bb245,yolo,person,False,False
anuragraj03__frame00101_png.rf.dedcbdb6f20ebbd255876c87c03bb245,yolo,helmet,True,False
anuragraj03__frame00101_png.rf.dedcbdb6f20ebbd255876c87c03bb245,yolo,gloves,True,False
anuragraj03__frame00101_png.rf.dedcbdb6f20ebbd255876c87c03bb245,yolo,boots,True,False
anuragraj03__frame00101_png.rf.dedcbdb6f20ebbd255876c87c03bb245,yolo,vest,False,False
anuragraj03__frame00101_png.rf.dedcbdb6f20ebbd255876c87c03bb245,yolo,no-helmet,False,False
anuragraj03__frame00101_png.rf.dedcbdb6f20ebbd255876c87c03bb245,yolo,no-gloves,False,False
anuragraj03__frame00101_png.rf.dedcbdb6f20ebbd255876c87c03bb245,yolo,no-boots,False,False
anuragraj03__frame00101_png.rf.dedcbdb6f20ebbd255876c87c03bb245,yolo,no-vest,False,False
anuragraj03__frame00101_png.rf.dedcbdb6f20ebbd255876c87c03bb245,gemini,person,True,False
anuragraj03__frame00101_png.rf.dedcbdb6f20ebbd255876c87c03bb245,gemini,helmet,True,False
anuragraj03__frame00101_png.rf.dedcbdb6f20ebbd255876c87c03bb245,gemini,gloves,False,False
anuragraj03__frame00101_png.rf.dedcbdb6f20ebbd255876c87c03bb245,gemini,boots,False,False
anuragraj03__frame00101_png.rf.dedcbdb6f20ebbd255876c87c03bb245,gemini,vest,False,False
anuragraj03__frame00101_png.rf.dedcbdb6f20ebbd255876c87c03bb245,gemini,no-helmet,False,False
anuragraj03__frame00101_png.rf.dedcbdb6f20ebbd255876c87c03bb245,gemini,no-gloves,True,False
anuragraj03__frame00101_png.rf.dedcbdb6f20ebbd255876c87c03bb245,gemini,no-boots,True,False
anuragraj03__frame00101_png.rf.dedcbdb6f20ebbd255876c87c03bb245,gemini,no-vest,True,False
anuragraj03__frame00131_png.rf.1f9f207521e3854473cce027585e31b7,yolo,person,False,False
anuragraj03__frame00131_png.rf.1f9f207521e3854473cce027585e31b7,yolo,helmet,False,False
anuragraj03__frame00131_png.rf.1f9f207521e3854473cce027585e31b7,yolo,gloves,False,False
anuragraj03__frame00131_png.rf.1f9f207521e3854473cce027585e31b7,yolo,boots,True,False
anuragraj03__frame00131_png.rf.1f9f207521e3854473cce027585e31b7,yolo,vest,False,False
anuragraj03__frame00131_png.rf.1f9f207521e3854473cce027585e31b7,yolo,no-helmet,True,False
anuragraj03__frame00131_png.rf.1f9f207521e3854473cce027585e31b7,yolo,no-gloves,False,False
anuragraj03__frame00131_png.rf.1f9f207521e3854473cce027585e31b7,yolo,no-boots,False,False
anuragraj03__frame00131_png.rf.1f9f207521e3854473cce027585e31b7,yolo,no-vest,False,False
anuragraj03__frame00131_png.rf.1f9f207521e3854473cce027585e31b7,gemini,person,True,False
anuragraj03__frame00131_png.rf.1f9f207521e3854473cce027585e31b7,gemini,helmet,False,False
anuragraj03__frame00131_png.rf.1f9f207521e3854473cce027585e31b7,gemini,gloves,False,False
anuragraj03__frame00131_png.rf.1f9f207521e3854473cce027585e31b7,gemini,boots,False,False
anuragraj03__frame00131_png.rf.1f9f207521e3854473cce027585e31b7,gemini,vest,False,False
anuragraj03__frame00131_png.rf.1f9f207521e3854473cce027585e31b7,gemini,no-helmet,True,False
anuragraj03__frame00131_png.rf.1f9f207521e3854473cce027585e31b7,gemini,no-gloves,True,False
anuragraj03__frame00131_png.rf.1f9f207521e3854473cce027585e31b7,gemini,no-boots,True,False
anuragraj03__frame00131_png.rf.1f9f207521e3854473cce027585e31b7,gemini,no-vest,True,False
anuragraj03__frame00131_png.rf.5ad8f6bed55b1b0b79806646798381ec,yolo,person,False,False
anuragraj03__frame00131_png.rf.5ad8f6bed55b1b0b79806646798381ec,yolo,helmet,True,False
anuragraj03__frame00131_png.rf.5ad8f6bed55b1b0b79806646798381ec,yolo,gloves,True,False
anuragraj03__frame00131_png.rf.5ad8f6bed55b1b0b79806646798381ec,yolo,boots,True,False
anuragraj03__frame00131_png.rf.5ad8f6bed55b1b0b79806646798381ec,yolo,vest,False,False
anuragraj03__frame00131_png.rf.5ad8f6bed55b1b0b79806646798381ec,yolo,no-helmet,False,False
anuragraj03__frame00131_png.rf.5ad8f6bed55b1b0b79806646798381ec,yolo,no-gloves,True,False
anuragraj03__frame00131_png.rf.5ad8f6bed55b1b0b79806646798381ec,yolo,no-boots,False,False
anuragraj03__frame00131_png.rf.5ad8f6bed55b1b0b79806646798381ec,yolo,no-vest,False,False
anuragraj03__frame00131_png.rf.5ad8f6bed55b1b0b79806646798381ec,gemini,person,True,False
anuragraj03__frame00131_png.rf.5ad8f6bed55b1b0b79806646798381ec,gemini,helmet,True,False
anuragraj03__frame00131_png.rf.5ad8f6bed55b1b0b79806646798381ec,gemini,gloves,True,False
anuragraj03__frame00131_png.rf.5ad8f6bed55b1b0b79806646798381ec,gemini,boots,True,False
anuragraj03__frame00131_png.rf.5ad8f6bed55b1b0b79806646798381ec,gemini,vest,False,False
anuragraj03__frame00131_png.rf.5ad8f6bed55b1b0b79806646798381ec,gemini,no-helmet,True,False
anuragraj03__frame00131_png.rf.5ad8f6bed55b1b0b79806646798381ec,gemini,no-gloves,True,False
anuragraj03__frame00131_png.rf.5ad8f6bed55b1b0b79806646798381ec,gemini,no-boots,False,False
anuragraj03__frame00131_png.rf.5ad8f6bed55b1b0b79806646798381ec,gemini,no-vest,True,False
anuragraj03__frame00141_png.rf.ef91fd9bb1a76e42f9c5dc35844603b5,yolo,person,False,False
anuragraj03__frame00141_png.rf.ef91fd9bb1a76e42f9c5dc35844603b5,yolo,helmet,True,False
anuragraj03__frame00141_png.rf.ef91fd9bb1a76e42f9c5dc35844603b5,yolo,gloves,True,False
anuragraj03__frame00141_png.rf.ef91fd9bb1a76e42f9c5dc35844603b5,yolo,boots,True,False
anuragraj03__frame00141_png.rf.ef91fd9bb1a76e42f9c5dc35844603b5,yolo,vest,False,False
anuragraj03__frame00141_png.rf.ef91fd9bb1a76e42f9c5dc35844603b5,yolo,no-helmet,False,False
anuragraj03__frame00141_png.rf.ef91fd9bb1a76e42f9c5dc35844603b5,yolo,no-gloves,False,False
anuragraj03__frame00141_png.rf.ef91fd9bb1a76e42f9c5dc35844603b5,yolo,no-boots,False,False
anuragraj03__frame00141_png.rf.ef91fd9bb1a76e42f9c5dc35844603b5,yolo,no-vest,False,False
anuragraj03__frame00141_png.rf.ef91fd9bb1a76e42f9c5dc35844603b5,gemini,person,True,False
anuragraj03__frame00141_png.rf.ef91fd9bb1a76e42f9c5dc35844603b5,gemini,helmet,True,False
anuragraj03__frame00141_png.rf.ef91fd9bb1a76e42f9c5dc35844603b5,gemini,gloves,True,False
anuragraj03__frame00141_png.rf.ef91fd9bb1a76e42f9c5dc35844603b5,gemini,boots,True,False
anuragraj03__frame00141_png.rf.ef91fd9bb1a76e42f9c5dc35844603b5,gemini,vest,False,False
anuragraj03__frame00141_png.rf.ef91fd9bb1a76e42f9c5dc35844603b5,gemini,no-helmet,False,False
anuragraj03__frame00141_png.rf.ef91fd9bb1a76e42f9c5dc35844603b5,gemini,no-gloves,True,False
anuragraj03__frame00141_png.rf.ef91fd9bb1a76e42f9c5dc35844603b5,gemini,no-boots,True,False
anuragraj03__frame00141_png.rf.ef91fd9bb1a76e42f9c5dc35844603b5,gemini,no-vest,True,False
anuragraj03__frame00151_png.rf.9770af2de4398b3e2e1281c652a23988,yolo,person,False,False
anuragraj03__frame00151_png.rf.9770af2de4398b3e2e1281c652a23988,yolo,helmet,True,False
anuragraj03__frame00151_png.rf.9770af2de4398b3e2e1281c652a23988,yolo,gloves,False,False
anuragraj03__frame00151_png.rf.9770af2de4398b3e2e1281c652a23988,yolo,boots,False,False
anuragraj03__frame00151_png.rf.9770af2de4398b3e2e1281c652a23988,yolo,vest,False,False
anuragraj03__frame00151_png.rf.9770af2de4398b3e2e1281c652a23988,yolo,no-helmet,True,False
anuragraj03__frame00151_png.rf.9770af2de4398b3e2e1281c652a23988,yolo,no-gloves,False,False
anuragraj03__frame00151_png.rf.9770af2de4398b3e2e1281c652a23988,yolo,no-boots,True,False
anuragraj03__frame00151_png.rf.9770af2de4398b3e2e1281c652a23988,yolo,no-vest,False,False
anuragraj03__frame00151_png.rf.9770af2de4398b3e2e1281c652a23988,gemini,person,True,False
anuragraj03__frame00151_png.rf.9770af2de4398b3e2e1281c652a23988,gemini,helmet,True,False
anuragraj03__frame00151_png.rf.9770af2de4398b3e2e1281c652a23988,gemini,gloves,False,False
anuragraj03__frame00151_png.rf.9770af2de4398b3e2e1281c652a23988,gemini,boots,False,False
anuragraj03__frame00151_png.rf.9770af2de4398b3e2e1281c652a23988,gemini,vest,False,False
anuragraj03__frame00151_png.rf.9770af2de4398b3e2e1281c652a23988,gemini,no-helmet,True,False
anuragraj03__frame00151_png.rf.9770af2de4398b3e2e1281c652a23988,gemini,no-gloves,True,False
anuragraj03__frame00151_png.rf.9770af2de4398b3e2e1281c652a23988,gemini,no-boots,True,False
anuragraj03__frame00151_png.rf.9770af2de4398b3e2e1281c652a23988,gemini,no-vest,True,False
anuragraj03__frame00161_png.rf.d39620b3cbcd4d63a721bbc980285294,yolo,person,False,False
anuragraj03__frame00161_png.rf.d39620b3cbcd4d63a721bbc980285294,yolo,helmet,False,False
anuragraj03__frame00161_png.rf.d39620b3cbcd4d63a721bbc980285294,yolo,gloves,False,False
anuragraj03__frame00161_png.rf.d39620b3cbcd4d63a721bbc980285294,yolo,boots,True,False
anuragraj03__frame00161_png.rf.d39620b3cbcd4d63a721bbc980285294,yolo,vest,False,False
anuragraj03__frame00161_png.rf.d39620b3cbcd4d63a721bbc980285294,yolo,no-helmet,True,False
anuragraj03__frame00161_png.rf.d39620b3cbcd4d63a721bbc980285294,yolo,no-gloves,False,False
anuragraj03__frame00161_png.rf.d39620b3cbcd4d63a721bbc980285294,yolo,no-boots,True,False
anuragraj03__frame00161_png.rf.d39620b3cbcd4d63a721bbc980285294,yolo,no-vest,False,False
anuragraj03__frame00161_png.rf.d39620b3cbcd4d63a721bbc980285294,gemini,person,True,False
anuragraj03__frame00161_png.rf.d39620b3cbcd4d63a721bbc980285294,gemini,helmet,False,False
anuragraj03__frame00161_png.rf.d39620b3cbcd4d63a721bbc980285294,gemini,gloves,False,False
anuragraj03__frame00161_png.rf.d39620b3cbcd4d63a721bbc980285294,gemini,boots,False,False
anuragraj03__frame00161_png.rf.d39620b3cbcd4d63a721bbc980285294,gemini,vest,False,False
anuragraj03__frame00161_png.rf.d39620b3cbcd4d63a721bbc980285294,gemini,no-helmet,True,False
anuragraj03__frame00161_png.rf.d39620b3cbcd4d63a721bbc980285294,gemini,no-gloves,True,False
anuragraj03__frame00161_png.rf.d39620b3cbcd4d63a721bbc980285294,gemini,no-boots,True,False
anuragraj03__frame00161_png.rf.d39620b3cbcd4d63a721bbc980285294,gemini,no-vest,True,False
anuragraj03__frame00181_png.rf.e1335294658a291f70d79aff78cda23e,yolo,person,False,False
anuragraj03__frame00181_png.rf.e1335294658a291f70d79aff78cda23e,yolo,helmet,True,False
anuragraj03__frame00181_png.rf.e1335294658a291f70d79aff78cda23e,yolo,gloves,True,False
anuragraj03__frame00181_png.rf.e1335294658a291f70d79aff78cda23e,yolo,boots,True,False
anuragraj03__frame00181_png.rf.e1335294658a291f70d79aff78cda23e,yolo,vest,False,False
anuragraj03__frame00181_png.rf.e1335294658a291f70d79aff78cda23e,yolo,no-helmet,False,False
anuragraj03__frame00181_png.rf.e1335294658a291f70d79aff78cda23e,yolo,no-gloves,False,False
anuragraj03__frame00181_png.rf.e1335294658a291f70d79aff78cda23e,yolo,no-boots,True,False
anuragraj03__frame00181_png.rf.e1335294658a291f70d79aff78cda23e,yolo,no-vest,False,False
anuragraj03__frame00181_png.rf.e1335294658a291f70d79aff78cda23e,gemini,person,True,False
anuragraj03__frame00181_png.rf.e1335294658a291f70d79aff78cda23e,gemini,helmet,True,False
anuragraj03__frame00181_png.rf.e1335294658a291f70d79aff78cda23e,gemini,gloves,False,False
anuragraj03__frame00181_png.rf.e1335294658a291f70d79aff78cda23e,gemini,boots,False,False
anuragraj03__frame00181_png.rf.e1335294658a291f70d79aff78cda23e,gemini,vest,False,False
anuragraj03__frame00181_png.rf.e1335294658a291f70d79aff78cda23e,gemini,no-helmet,False,False
anuragraj03__frame00181_png.rf.e1335294658a291f70d79aff78cda23e,gemini,no-gloves,True,False
anuragraj03__frame00181_png.rf.e1335294658a291f70d79aff78cda23e,gemini,no-boots,True,False
anuragraj03__frame00181_png.rf.e1335294658a291f70d79aff78cda23e,gemini,no-vest,True,False
anuragraj03__frame00201_png.rf.aac99eb08f965b47bf3a4e6925999a27,yolo,person,False,False
anuragraj03__frame00201_png.rf.aac99eb08f965b47bf3a4e6925999a27,yolo,helmet,True,False
anuragraj03__frame00201_png.rf.aac99eb08f965b47bf3a4e6925999a27,yolo,gloves,False,False
anuragraj03__frame00201_png.rf.aac99eb08f965b47bf3a4e6925999a27,yolo,boots,False,False
anuragraj03__frame00201_png.rf.aac99eb08f965b47bf3a4e6925999a27,yolo,vest,False,False
anuragraj03__frame00201_png.rf.aac99eb08f965b47bf3a4e6925999a27,yolo,no-helmet,False,False
anuragraj03__frame00201_png.rf.aac99eb08f965b47bf3a4e6925999a27,yolo,no-gloves,False,False
anuragraj03__frame00201_png.rf.aac99eb08f965b47bf3a4e6925999a27,yolo,no-boots,False,False
anuragraj03__frame00201_png.rf.aac99eb08f965b47bf3a4e6925999a27,yolo,no-vest,False,False
anuragraj03__frame00201_png.rf.aac99eb08f965b47bf3a4e6925999a27,gemini,person,True,False
anuragraj03__frame00201_png.rf.aac99eb08f965b47bf3a4e6925999a27,gemini,helmet,True,False
anuragraj03__frame00201_png.rf.aac99eb08f965b47bf3a4e6925999a27,gemini,gloves,False,False
anuragraj03__frame00201_png.rf.aac99eb08f965b47bf3a4e6925999a27,gemini,boots,False,False
anuragraj03__frame00201_png.rf.aac99eb08f965b47bf3a4e6925999a27,gemini,vest,False,False
anuragraj03__frame00201_png.rf.aac99eb08f965b47bf3a4e6925999a27,gemini,no-helmet,False,False
anuragraj03__frame00201_png.rf.aac99eb08f965b47bf3a4e6925999a27,gemini,no-gloves,True,False
anuragraj03__frame00201_png.rf.aac99eb08f965b47bf3a4e6925999a27,gemini,no-boots,True,False
anuragraj03__frame00201_png.rf.aac99eb08f965b47bf3a4e6925999a27,gemini,no-vest,True,False
anuragraj03__frame00251_png.rf.b8fc8a2d58a7f66e43a32924b18967f9,yolo,person,False,False
anuragraj03__frame00251_png.rf.b8fc8a2d58a7f66e43a32924b18967f9,yolo,helmet,False,False
anuragraj03__frame00251_png.rf.b8fc8a2d58a7f66e43a32924b18967f9,yolo,gloves,False,False
anuragraj03__frame00251_png.rf.b8fc8a2d58a7f66e43a32924b18967f9,yolo,boots,False,False
anuragraj03__frame00251_png.rf.b8fc8a2d58a7f66e43a32924b18967f9,yolo,vest,False,False
anuragraj03__frame00251_png.rf.b8fc8a2d58a7f66e43a32924b18967f9,yolo,no-helmet,True,False
anuragraj03__frame00251_png.rf.b8fc8a2d58a7f66e43a32924b18967f9,yolo,no-gloves,False,False
anuragraj03__frame00251_png.rf.b8fc8a2d58a7f66e43a32924b18967f9,yolo,no-boots,True,False
anuragraj03__frame00251_png.rf.b8fc8a2d58a7f66e43a32924b18967f9,yolo,no-vest,False,False
anuragraj03__frame00251_png.rf.b8fc8a2d58a7f66e43a32924b18967f9,gemini,person,True,False
anuragraj03__frame00251_png.rf.b8fc8a2d58a7f66e43a32924b18967f9,gemini,helmet,False,False
anuragraj03__frame00251_png.rf.b8fc8a2d58a7f66e43a32924b18967f9,gemini,gloves,False,False
anuragraj03__frame00251_png.rf.b8fc8a2d58a7f66e43a32924b18967f9,gemini,boots,False,False
anuragraj03__frame00251_png.rf.b8fc8a2d58a7f66e43a32924b18967f9,gemini,vest,False,False
anuragraj03__frame00251_png.rf.b8fc8a2d58a7f66e43a32924b18967f9,gemini,no-helmet,True,False
anuragraj03__frame00251_png.rf.b8fc8a2d58a7f66e43a32924b18967f9,gemini,no-gloves,True,False
anuragraj03__frame00251_png.rf.b8fc8a2d58a7f66e43a32924b18967f9,gemini,no-boots,True,False
anuragraj03__frame00251_png.rf.b8fc8a2d58a7f66e43a32924b18967f9,gemini,no-vest,True,False
anuragraj03__frame00281_png.rf.5ad3ea5aa3d13b16c25137ed015da273,yolo,person,False,False
anuragraj03__frame00281_png.rf.5ad3ea5aa3d13b16c25137ed015da273,yolo,helmet,True,False
anuragraj03__frame00281_png.rf.5ad3ea5aa3d13b16c25137ed015da273,yolo,gloves,True,False
anuragraj03__frame00281_png.rf.5ad3ea5aa3d13b16c25137ed015da273,yolo,boots,True,False
anuragraj03__frame00281_png.rf.5ad3ea5aa3d13b16c25137ed015da273,yolo,vest,False,False
anuragraj03__frame00281_png.rf.5ad3ea5aa3d13b16c25137ed015da273,yolo,no-helmet,False,False
anuragraj03__frame00281_png.rf.5ad3ea5aa3d13b16c25137ed015da273,yolo,no-gloves,False,False
anuragraj03__frame00281_png.rf.5ad3ea5aa3d13b16c25137ed015da273,yolo,no-boots,False,False
anuragraj03__frame00281_png.rf.5ad3ea5aa3d13b16c25137ed015da273,yolo,no-vest,False,False
anuragraj03__frame00281_png.rf.5ad3ea5aa3d13b16c25137ed015da273,gemini,person,True,False
anuragraj03__frame00281_png.rf.5ad3ea5aa3d13b16c25137ed015da273,gemini,helmet,True,False
anuragraj03__frame00281_png.rf.5ad3ea5aa3d13b16c25137ed015da273,gemini,gloves,True,False
anuragraj03__frame00281_png.rf.5ad3ea5aa3d13b16c25137ed015da273,gemini,boots,True,False
anuragraj03__frame00281_png.rf.5ad3ea5aa3d13b16c25137ed015da273,gemini,vest,False,False
anuragraj03__frame00281_png.rf.5ad3ea5aa3d13b16c25137ed015da273,gemini,no-helmet,False,False
anuragraj03__frame00281_png.rf.5ad3ea5aa3d13b16c25137ed015da273,gemini,no-gloves,True,False
anuragraj03__frame00281_png.rf.5ad3ea5aa3d13b16c25137ed015da273,gemini,no-boots,False,False
anuragraj03__frame00281_png.rf.5ad3ea5aa3d13b16c25137ed015da273,gemini,no-vest,True,False
anuragraj03__frame00281_png.rf.5dce68995fcd9c537643a5e9165dcad9,yolo,person,False,False
anuragraj03__frame00281_png.rf.5dce68995fcd9c537643a5e9165dcad9,yolo,helmet,False,False
anuragraj03__frame00281_png.rf.5dce68995fcd9c537643a5e9165dcad9,yolo,gloves,False,False
anuragraj03__frame00281_png.rf.5dce68995fcd9c537643a5e9165dcad9,yolo,boots,False,False
anuragraj03__frame00281_png.rf.5dce68995fcd9c537643a5e9165dcad9,yolo,vest,False,False
anuragraj03__frame00281_png.rf.5dce68995fcd9c537643a5e9165dcad9,yolo,no-helmet,True,False
anuragraj03__frame00281_png.rf.5dce68995fcd9c537643a5e9165dcad9,yolo,no-gloves,False,False
anuragraj03__frame00281_png.rf.5dce68995fcd9c537643a5e9165dcad9,yolo,no-boots,True,False
anuragraj03__frame00281_png.rf.5dce68995fcd9c537643a5e9165dcad9,yolo,no-vest,False,False
anuragraj03__frame00281_png.rf.5dce68995fcd9c537643a5e9165dcad9,gemini,person,True,False
anuragraj03__frame00281_png.rf.5dce68995fcd9c537643a5e9165dcad9,gemini,helmet,False,False
anuragraj03__frame00281_png.rf.5dce68995fcd9c537643a5e9165dcad9,gemini,gloves,False,False
anuragraj03__frame00281_png.rf.5dce68995fcd9c537643a5e9165dcad9,gemini,boots,False,False
anuragraj03__frame00281_png.rf.5dce68995fcd9c537643a5e9165dcad9,gemini,vest,False,False
anuragraj03__frame00281_png.rf.5dce68995fcd9c537643a5e9165dcad9,gemini,no-helmet,True,False
anuragraj03__frame00281_png.rf.5dce68995fcd9c537643a5e9165dcad9,gemini,no-gloves,True,False
anuragraj03__frame00281_png.rf.5dce68995fcd9c537643a5e9165dcad9,gemini,no-boots,True,False
anuragraj03__frame00281_png.rf.5dce68995fcd9c537643a5e9165dcad9,gemini,no-vest,True,False
anuragraj03__frame00321_png.rf.48468f9b6da4f0ef126620cc284b19f1,yolo,person,False,False
anuragraj03__frame00321_png.rf.48468f9b6da4f0ef126620cc284b19f1,yolo,helmet,False,False
anuragraj03__frame00321_png.rf.48468f9b6da4f0ef126620cc284b19f1,yolo,gloves,False,False
anuragraj03__frame00321_png.rf.48468f9b6da4f0ef126620cc284b19f1,yolo,boots,False,False
anuragraj03__frame00321_png.rf.48468f9b6da4f0ef126620cc284b19f1,yolo,vest,False,False
anuragraj03__frame00321_png.rf.48468f9b6da4f0ef126620cc284b19f1,yolo,no-helmet,True,False
anuragraj03__frame00321_png.rf.48468f9b6da4f0ef126620cc284b19f1,yolo,no-gloves,False,False
anuragraj03__frame00321_png.rf.48468f9b6da4f0ef126620cc284b19f1,yolo,no-boots,True,False
anuragraj03__frame00321_png.rf.48468f9b6da4f0ef126620cc284b19f1,yolo,no-vest,False,False
anuragraj03__frame00321_png.rf.48468f9b6da4f0ef126620cc284b19f1,gemini,person,True,False
anuragraj03__frame00321_png.rf.48468f9b6da4f0ef126620cc284b19f1,gemini,helmet,False,False
anuragraj03__frame00321_png.rf.48468f9b6da4f0ef126620cc284b19f1,gemini,gloves,False,False
anuragraj03__frame00321_png.rf.48468f9b6da4f0ef126620cc284b19f1,gemini,boots,False,False
anuragraj03__frame00321_png.rf.48468f9b6da4f0ef126620cc284b19f1,gemini,vest,False,False
anuragraj03__frame00321_png.rf.48468f9b6da4f0ef126620cc284b19f1,gemini,no-helmet,True,False
anuragraj03__frame00321_png.rf.48468f9b6da4f0ef126620cc284b19f1,gemini,no-gloves,True,False
anuragraj03__frame00321_png.rf.48468f9b6da4f0ef126620cc284b19f1,gemini,no-boots,True,False
anuragraj03__frame00321_png.rf.48468f9b6da4f0ef126620cc284b19f1,gemini,no-vest,True,False
anuragraj03__frame00341_png.rf.245ece433cfcb149a31c1fcf649d5972,yolo,person,False,False
anuragraj03__frame00341_png.rf.245ece433cfcb149a31c1fcf649d5972,yolo,helmet,True,False
anuragraj03__frame00341_png.rf.245ece433cfcb149a31c1fcf649d5972,yolo,gloves,True,False
anuragraj03__frame00341_png.rf.245ece433cfcb149a31c1fcf649d5972,yolo,boots,True,False
anuragraj03__frame00341_png.rf.245ece433cfcb149a31c1fcf649d5972,yolo,vest,False,False
anuragraj03__frame00341_png.rf.245ece433cfcb149a31c1fcf649d5972,yolo,no-helmet,False,False
anuragraj03__frame00341_png.rf.245ece433cfcb149a31c1fcf649d5972,yolo,no-gloves,False,False
anuragraj03__frame00341_png.rf.245ece433cfcb149a31c1fcf649d5972,yolo,no-boots,False,False
anuragraj03__frame00341_png.rf.245ece433cfcb149a31c1fcf649d5972,yolo,no-vest,False,False
anuragraj03__frame00341_png.rf.245ece433cfcb149a31c1fcf649d5972,gemini,person,True,False
anuragraj03__frame00341_png.rf.245ece433cfcb149a31c1fcf649d5972,gemini,helmet,True,False
anuragraj03__frame00341_png.rf.245ece433cfcb149a31c1fcf649d5972,gemini,gloves,False,False
anuragraj03__frame00341_png.rf.245ece433cfcb149a31c1fcf649d5972,gemini,boots,True,False
anuragraj03__frame00341_png.rf.245ece433cfcb149a31c1fcf649d5972,gemini,vest,False,False
anuragraj03__frame00341_png.rf.245ece433cfcb149a31c1fcf649d5972,gemini,no-helmet,False,False
anuragraj03__frame00341_png.rf.245ece433cfcb149a31c1fcf649d5972,gemini,no-gloves,True,False
anuragraj03__frame00341_png.rf.245ece433cfcb149a31c1fcf649d5972,gemini,no-boots,False,False
anuragraj03__frame00341_png.rf.245ece433cfcb149a31c1fcf649d5972,gemini,no-vest,True,False
anuragraj03__frame02011_png.rf.abde577bbaceb74745800fd9a35f3987,yolo,person,False,False
anuragraj03__frame02011_png.rf.abde577bbaceb74745800fd9a35f3987,yolo,helmet,True,False
anuragraj03__frame02011_png.rf.abde577bbaceb74745800fd9a35f3987,yolo,gloves,True,False
anuragraj03__frame02011_png.rf.abde577bbaceb74745800fd9a35f3987,yolo,boots,True,False
anuragraj03__frame02011_png.rf.abde577bbaceb74745800fd9a35f3987,yolo,vest,False,False
anuragraj03__frame02011_png.rf.abde577bbaceb74745800fd9a35f3987,yolo,no-helmet,True,False
anuragraj03__frame02011_png.rf.abde577bbaceb74745800fd9a35f3987,yolo,no-gloves,False,False
anuragraj03__frame02011_png.rf.abde577bbaceb74745800fd9a35f3987,yolo,no-boots,False,False
anuragraj03__frame02011_png.rf.abde577bbaceb74745800fd9a35f3987,yolo,no-vest,False,False
anuragraj03__frame02011_png.rf.abde577bbaceb74745800fd9a35f3987,gemini,person,True,False
anuragraj03__frame02011_png.rf.abde577bbaceb74745800fd9a35f3987,gemini,helmet,True,False
anuragraj03__frame02011_png.rf.abde577bbaceb74745800fd9a35f3987,gemini,gloves,False,False
anuragraj03__frame02011_png.rf.abde577bbaceb74745800fd9a35f3987,gemini,boots,True,False
anuragraj03__frame02011_png.rf.abde577bbaceb74745800fd9a35f3987,gemini,vest,False,False
anuragraj03__frame02011_png.rf.abde577bbaceb74745800fd9a35f3987,gemini,no-helmet,True,False
anuragraj03__frame02011_png.rf.abde577bbaceb74745800fd9a35f3987,gemini,no-gloves,True,False
anuragraj03__frame02011_png.rf.abde577bbaceb74745800fd9a35f3987,gemini,no-boots,False,False
anuragraj03__frame02011_png.rf.abde577bbaceb74745800fd9a35f3987,gemini,no-vest,True,False
anuragraj03__frame1364_jpg.rf.b1f3f9c23e4d85340bd0e0275f4027a4,yolo,person,False,False
anuragraj03__frame1364_jpg.rf.b1f3f9c23e4d85340bd0e0275f4027a4,yolo,helmet,False,False
anuragraj03__frame1364_jpg.rf.b1f3f9c23e4d85340bd0e0275f4027a4,yolo,gloves,False,False
anuragraj03__frame1364_jpg.rf.b1f3f9c23e4d85340bd0e0275f4027a4,yolo,boots,True,False
anuragraj03__frame1364_jpg.rf.b1f3f9c23e4d85340bd0e0275f4027a4,yolo,vest,False,False
anuragraj03__frame1364_jpg.rf.b1f3f9c23e4d85340bd0e0275f4027a4,yolo,no-helmet,False,False
anuragraj03__frame1364_jpg.rf.b1f3f9c23e4d85340bd0e0275f4027a4,yolo,no-gloves,False,False
anuragraj03__frame1364_jpg.rf.b1f3f9c23e4d85340bd0e0275f4027a4,yolo,no-boots,True,False
anuragraj03__frame1364_jpg.rf.b1f3f9c23e4d85340bd0e0275f4027a4,yolo,no-vest,False,False
anuragraj03__frame1364_jpg.rf.b1f3f9c23e4d85340bd0e0275f4027a4,gemini,person,True,False
anuragraj03__frame1364_jpg.rf.b1f3f9c23e4d85340bd0e0275f4027a4,gemini,helmet,False,False
anuragraj03__frame1364_jpg.rf.b1f3f9c23e4d85340bd0e0275f4027a4,gemini,gloves,False,False
anuragraj03__frame1364_jpg.rf.b1f3f9c23e4d85340bd0e0275f4027a4,gemini,boots,False,False
anuragraj03__frame1364_jpg.rf.b1f3f9c23e4d85340bd0e0275f4027a4,gemini,vest,False,False
anuragraj03__frame1364_jpg.rf.b1f3f9c23e4d85340bd0e0275f4027a4,gemini,no-helmet,True,False
anuragraj03__frame1364_jpg.rf.b1f3f9c23e4d85340bd0e0275f4027a4,gemini,no-gloves,True,False
anuragraj03__frame1364_jpg.rf.b1f3f9c23e4d85340bd0e0275f4027a4,gemini,no-boots,True,False
anuragraj03__frame1364_jpg.rf.b1f3f9c23e4d85340bd0e0275f4027a4,gemini,no-vest,True,False
anuragraj03__frame1378_jpg.rf.d4cb4f65371c852f10aefc75a6cbd2b7,yolo,person,False,False
anuragraj03__frame1378_jpg.rf.d4cb4f65371c852f10aefc75a6cbd2b7,yolo,helmet,False,False
anuragraj03__frame1378_jpg.rf.d4cb4f65371c852f10aefc75a6cbd2b7,yolo,gloves,False,False
anuragraj03__frame1378_jpg.rf.d4cb4f65371c852f10aefc75a6cbd2b7,yolo,boots,True,False
anuragraj03__frame1378_jpg.rf.d4cb4f65371c852f10aefc75a6cbd2b7,yolo,vest,False,False
anuragraj03__frame1378_jpg.rf.d4cb4f65371c852f10aefc75a6cbd2b7,yolo,no-helmet,False,False
anuragraj03__frame1378_jpg.rf.d4cb4f65371c852f10aefc75a6cbd2b7,yolo,no-gloves,False,False
anuragraj03__frame1378_jpg.rf.d4cb4f65371c852f10aefc75a6cbd2b7,yolo,no-boots,True,False
anuragraj03__frame1378_jpg.rf.d4cb4f65371c852f10aefc75a6cbd2b7,yolo,no-vest,False,False
anuragraj03__frame1378_jpg.rf.d4cb4f65371c852f10aefc75a6cbd2b7,gemini,person,True,False
anuragraj03__frame1378_jpg.rf.d4cb4f65371c852f10aefc75a6cbd2b7,gemini,helmet,False,False
anuragraj03__frame1378_jpg.rf.d4cb4f65371c852f10aefc75a6cbd2b7,gemini,gloves,False,False
anuragraj03__frame1378_jpg.rf.d4cb4f65371c852f10aefc75a6cbd2b7,gemini,boots,True,False
anuragraj03__frame1378_jpg.rf.d4cb4f65371c852f10aefc75a6cbd2b7,gemini,vest,False,False
anuragraj03__frame1378_jpg.rf.d4cb4f65371c852f10aefc75a6cbd2b7,gemini,no-helmet,True,False
anuragraj03__frame1378_jpg.rf.d4cb4f65371c852f10aefc75a6cbd2b7,gemini,no-gloves,True,False
anuragraj03__frame1378_jpg.rf.d4cb4f65371c852f10aefc75a6cbd2b7,gemini,no-boots,True,False
anuragraj03__frame1378_jpg.rf.d4cb4f65371c852f10aefc75a6cbd2b7,gemini,no-vest,True,False
anuragraj03__goggle8765118_jpg.rf.ceb29a57a09c3b2bca74df8da253a152,yolo,person,False,False
anuragraj03__goggle8765118_jpg.rf.ceb29a57a09c3b2bca74df8da253a152,yolo,helmet,False,False
anuragraj03__goggle8765118_jpg.rf.ceb29a57a09c3b2bca74df8da253a152,yolo,gloves,True,False
anuragraj03__goggle8765118_jpg.rf.ceb29a57a09c3b2bca74df8da253a152,yolo,boots,False,False
anuragraj03__goggle8765118_jpg.rf.ceb29a57a09c3b2bca74df8da253a152,yolo,vest,False,False
anuragraj03__goggle8765118_jpg.rf.ceb29a57a09c3b2bca74df8da253a152,yolo,no-helmet,False,False
anuragraj03__goggle8765118_jpg.rf.ceb29a57a09c3b2bca74df8da253a152,yolo,no-gloves,True,False
anuragraj03__goggle8765118_jpg.rf.ceb29a57a09c3b2bca74df8da253a152,yolo,no-boots,False,False
anuragraj03__goggle8765118_jpg.rf.ceb29a57a09c3b2bca74df8da253a152,yolo,no-vest,False,False
anuragraj03__goggle8765118_jpg.rf.ceb29a57a09c3b2bca74df8da253a152,gemini,person,True,False
anuragraj03__goggle8765118_jpg.rf.ceb29a57a09c3b2bca74df8da253a152,gemini,helmet,False,False
anuragraj03__goggle8765118_jpg.rf.ceb29a57a09c3b2bca74df8da253a152,gemini,gloves,True,False
anuragraj03__goggle8765118_jpg.rf.ceb29a57a09c3b2bca74df8da253a152,gemini,boots,False,False
anuragraj03__goggle8765118_jpg.rf.ceb29a57a09c3b2bca74df8da253a152,gemini,vest,False,False
anuragraj03__goggle8765118_jpg.rf.ceb29a57a09c3b2bca74df8da253a152,gemini,no-helmet,True,False
anuragraj03__goggle8765118_jpg.rf.ceb29a57a09c3b2bca74df8da253a152,gemini,no-gloves,True,False
anuragraj03__goggle8765118_jpg.rf.ceb29a57a09c3b2bca74df8da253a152,gemini,no-boots,False,False
anuragraj03__goggle8765118_jpg.rf.ceb29a57a09c3b2bca74df8da253a152,gemini,no-vest,True,False
anuragraj03__goggle876532_jpg.rf.aa878cdabb99512810945412ceefe175,yolo,person,False,False
anuragraj03__goggle876532_jpg.rf.aa878cdabb99512810945412ceefe175,yolo,helmet,False,False
anuragraj03__goggle876532_jpg.rf.aa878cdabb99512810945412ceefe175,yolo,gloves,True,False
anuragraj03__goggle876532_jpg.rf.aa878cdabb99512810945412ceefe175,yolo,boots,False,False
anuragraj03__goggle876532_jpg.rf.aa878cdabb99512810945412ceefe175,yolo,vest,False,False
anuragraj03__goggle876532_jpg.rf.aa878cdabb99512810945412ceefe175,yolo,no-helmet,False,False
anuragraj03__goggle876532_jpg.rf.aa878cdabb99512810945412ceefe175,yolo,no-gloves,True,False
anuragraj03__goggle876532_jpg.rf.aa878cdabb99512810945412ceefe175,yolo,no-boots,False,False
anuragraj03__goggle876532_jpg.rf.aa878cdabb99512810945412ceefe175,yolo,no-vest,False,False
anuragraj03__goggle876532_jpg.rf.aa878cdabb99512810945412ceefe175,gemini,person,True,False
anuragraj03__goggle876532_jpg.rf.aa878cdabb99512810945412ceefe175,gemini,helmet,False,False
anuragraj03__goggle876532_jpg.rf.aa878cdabb99512810945412ceefe175,gemini,gloves,True,False
anuragraj03__goggle876532_jpg.rf.aa878cdabb99512810945412ceefe175,gemini,boots,False,False
anuragraj03__goggle876532_jpg.rf.aa878cdabb99512810945412ceefe175,gemini,vest,False,False
anuragraj03__goggle876532_jpg.rf.aa878cdabb99512810945412ceefe175,gemini,no-helmet,True,False
anuragraj03__goggle876532_jpg.rf.aa878cdabb99512810945412ceefe175,gemini,no-gloves,False,False
anuragraj03__goggle876532_jpg.rf.aa878cdabb99512810945412ceefe175,gemini,no-boots,False,False
anuragraj03__goggle876532_jpg.rf.aa878cdabb99512810945412ceefe175,gemini,no-vest,True,False
anuragraj03__goggle876594_jpg.rf.7cdb8fa8021a9d08762783629f1b6181,yolo,person,False,False
anuragraj03__goggle876594_jpg.rf.7cdb8fa8021a9d08762783629f1b6181,yolo,helmet,False,False
anuragraj03__goggle876594_jpg.rf.7cdb8fa8021a9d08762783629f1b6181,yolo,gloves,True,False
anuragraj03__goggle876594_jpg.rf.7cdb8fa8021a9d08762783629f1b6181,yolo,boots,False,False
anuragraj03__goggle876594_jpg.rf.7cdb8fa8021a9d08762783629f1b6181,yolo,vest,False,False
anuragraj03__goggle876594_jpg.rf.7cdb8fa8021a9d08762783629f1b6181,yolo,no-helmet,False,False
anuragraj03__goggle876594_jpg.rf.7cdb8fa8021a9d08762783629f1b6181,yolo,no-gloves,True,False
anuragraj03__goggle876594_jpg.rf.7cdb8fa8021a9d08762783629f1b6181,yolo,no-boots,False,False
anuragraj03__goggle876594_jpg.rf.7cdb8fa8021a9d08762783629f1b6181,yolo,no-vest,False,False
anuragraj03__goggle876594_jpg.rf.7cdb8fa8021a9d08762783629f1b6181,gemini,person,True,False
anuragraj03__goggle876594_jpg.rf.7cdb8fa8021a9d08762783629f1b6181,gemini,helmet,False,False
anuragraj03__goggle876594_jpg.rf.7cdb8fa8021a9d08762783629f1b6181,gemini,gloves,True,False
anuragraj03__goggle876594_jpg.rf.7cdb8fa8021a9d08762783629f1b6181,gemini,boots,False,False
anuragraj03__goggle876594_jpg.rf.7cdb8fa8021a9d08762783629f1b6181,gemini,vest,False,False
anuragraj03__goggle876594_jpg.rf.7cdb8fa8021a9d08762783629f1b6181,gemini,no-helmet,True,False
anuragraj03__goggle876594_jpg.rf.7cdb8fa8021a9d08762783629f1b6181,gemini,no-gloves,True,False
anuragraj03__goggle876594_jpg.rf.7cdb8fa8021a9d08762783629f1b6181,gemini,no-boots,True,False
anuragraj03__goggle876594_jpg.rf.7cdb8fa8021a9d08762783629f1b6181,gemini,no-vest,True,False
anuragraj03__helmet9991161_jpg.rf.4b2964466c0c6794e91c90cc7e9cd6a0,yolo,person,False,False
anuragraj03__helmet9991161_jpg.rf.4b2964466c0c6794e91c90cc7e9cd6a0,yolo,helmet,False,False
anuragraj03__helmet9991161_jpg.rf.4b2964466c0c6794e91c90cc7e9cd6a0,yolo,gloves,False,False
anuragraj03__helmet9991161_jpg.rf.4b2964466c0c6794e91c90cc7e9cd6a0,yolo,boots,False,False
anuragraj03__helmet9991161_jpg.rf.4b2964466c0c6794e91c90cc7e9cd6a0,yolo,vest,False,False
anuragraj03__helmet9991161_jpg.rf.4b2964466c0c6794e91c90cc7e9cd6a0,yolo,no-helmet,True,False
anuragraj03__helmet9991161_jpg.rf.4b2964466c0c6794e91c90cc7e9cd6a0,yolo,no-gloves,False,False
anuragraj03__helmet9991161_jpg.rf.4b2964466c0c6794e91c90cc7e9cd6a0,yolo,no-boots,False,False
anuragraj03__helmet9991161_jpg.rf.4b2964466c0c6794e91c90cc7e9cd6a0,yolo,no-vest,False,False
anuragraj03__helmet9991161_jpg.rf.4b2964466c0c6794e91c90cc7e9cd6a0,gemini,person,True,False
anuragraj03__helmet9991161_jpg.rf.4b2964466c0c6794e91c90cc7e9cd6a0,gemini,helmet,False,False
anuragraj03__helmet9991161_jpg.rf.4b2964466c0c6794e91c90cc7e9cd6a0,gemini,gloves,False,False
anuragraj03__helmet9991161_jpg.rf.4b2964466c0c6794e91c90cc7e9cd6a0,gemini,boots,False,False
anuragraj03__helmet9991161_jpg.rf.4b2964466c0c6794e91c90cc7e9cd6a0,gemini,vest,False,False
anuragraj03__helmet9991161_jpg.rf.4b2964466c0c6794e91c90cc7e9cd6a0,gemini,no-helmet,True,False
anuragraj03__helmet9991161_jpg.rf.4b2964466c0c6794e91c90cc7e9cd6a0,gemini,no-gloves,True,False
anuragraj03__helmet9991161_jpg.rf.4b2964466c0c6794e91c90cc7e9cd6a0,gemini,no-boots,True,False
anuragraj03__helmet9991161_jpg.rf.4b2964466c0c6794e91c90cc7e9cd6a0,gemini,no-vest,True,False
anuragraj03__helmet9991193_jpg.rf.4cdfba3759bf492ac923cb04602633eb,yolo,person,False,False
anuragraj03__helmet9991193_jpg.rf.4cdfba3759bf492ac923cb04602633eb,yolo,helmet,False,False
anuragraj03__helmet9991193_jpg.rf.4cdfba3759bf492ac923cb04602633eb,yolo,gloves,False,False
anuragraj03__helmet9991193_jpg.rf.4cdfba3759bf492ac923cb04602633eb,yolo,boots,False,False
anuragraj03__helmet9991193_jpg.rf.4cdfba3759bf492ac923cb04602633eb,yolo,vest,False,False
anuragraj03__helmet9991193_jpg.rf.4cdfba3759bf492ac923cb04602633eb,yolo,no-helmet,True,False
anuragraj03__helmet9991193_jpg.rf.4cdfba3759bf492ac923cb04602633eb,yolo,no-gloves,False,False
anuragraj03__helmet9991193_jpg.rf.4cdfba3759bf492ac923cb04602633eb,yolo,no-boots,False,False
anuragraj03__helmet9991193_jpg.rf.4cdfba3759bf492ac923cb04602633eb,yolo,no-vest,False,False
anuragraj03__helmet9991193_jpg.rf.4cdfba3759bf492ac923cb04602633eb,gemini,person,True,False
anuragraj03__helmet9991193_jpg.rf.4cdfba3759bf492ac923cb04602633eb,gemini,helmet,False,False
anuragraj03__helmet9991193_jpg.rf.4cdfba3759bf492ac923cb04602633eb,gemini,gloves,False,False
anuragraj03__helmet9991193_jpg.rf.4cdfba3759bf492ac923cb04602633eb,gemini,boots,False,False
anuragraj03__helmet9991193_jpg.rf.4cdfba3759bf492ac923cb04602633eb,gemini,vest,False,False
anuragraj03__helmet9991193_jpg.rf.4cdfba3759bf492ac923cb04602633eb,gemini,no-helmet,True,False
anuragraj03__helmet9991193_jpg.rf.4cdfba3759bf492ac923cb04602633eb,gemini,no-gloves,True,False
anuragraj03__helmet9991193_jpg.rf.4cdfba3759bf492ac923cb04602633eb,gemini,no-boots,True,False
anuragraj03__helmet9991193_jpg.rf.4cdfba3759bf492ac923cb04602633eb,gemini,no-vest,True,False
anuragraj03__helmet999896_jpg.rf.9d8872b7d083bdd16edb2bd45213f070,yolo,person,False,False
anuragraj03__helmet999896_jpg.rf.9d8872b7d083bdd16edb2bd45213f070,yolo,helmet,True,False
anuragraj03__helmet999896_jpg.rf.9d8872b7d083bdd16edb2bd45213f070,yolo,gloves,False,False
anuragraj03__helmet999896_jpg.rf.9d8872b7d083bdd16edb2bd45213f070,yolo,boots,False,False
anuragraj03__helmet999896_jpg.rf.9d8872b7d083bdd16edb2bd45213f070,yolo,vest,False,False
anuragraj03__helmet999896_jpg.rf.9d8872b7d083bdd16edb2bd45213f070,yolo,no-helmet,True,False
anuragraj03__helmet999896_jpg.rf.9d8872b7d083bdd16edb2bd45213f070,yolo,no-gloves,False,False
anuragraj03__helmet999896_jpg.rf.9d8872b7d083bdd16edb2bd45213f070,yolo,no-boots,False,False
anuragraj03__helmet999896_jpg.rf.9d8872b7d083bdd16edb2bd45213f070,yolo,no-vest,False,False
anuragraj03__helmet999896_jpg.rf.9d8872b7d083bdd16edb2bd45213f070,gemini,person,True,False
anuragraj03__helmet999896_jpg.rf.9d8872b7d083bdd16edb2bd45213f070,gemini,helmet,True,False
anuragraj03__helmet999896_jpg.rf.9d8872b7d083bdd16edb2bd45213f070,gemini,gloves,False,False
anuragraj03__helmet999896_jpg.rf.9d8872b7d083bdd16edb2bd45213f070,gemini,boots,False,False
anuragraj03__helmet999896_jpg.rf.9d8872b7d083bdd16edb2bd45213f070,gemini,vest,False,False
anuragraj03__helmet999896_jpg.rf.9d8872b7d083bdd16edb2bd45213f070,gemini,no-helmet,True,False
anuragraj03__helmet999896_jpg.rf.9d8872b7d083bdd16edb2bd45213f070,gemini,no-gloves,True,False
anuragraj03__helmet999896_jpg.rf.9d8872b7d083bdd16edb2bd45213f070,gemini,no-boots,True,False
anuragraj03__helmet999896_jpg.rf.9d8872b7d083bdd16edb2bd45213f070,gemini,no-vest,True,False
anuragraj03__img259_jpg.rf.bb7e895479eec7e33ed7cb887887e6ec,yolo,person,False,False
anuragraj03__img259_jpg.rf.bb7e895479eec7e33ed7cb887887e6ec,yolo,helmet,False,False
anuragraj03__img259_jpg.rf.bb7e895479eec7e33ed7cb887887e6ec,yolo,gloves,True,False
anuragraj03__img259_jpg.rf.bb7e895479eec7e33ed7cb887887e6ec,yolo,boots,False,False
anuragraj03__img259_jpg.rf.bb7e895479eec7e33ed7cb887887e6ec,yolo,vest,False,False
anuragraj03__img259_jpg.rf.bb7e895479eec7e33ed7cb887887e6ec,yolo,no-helmet,False,False
anuragraj03__img259_jpg.rf.bb7e895479eec7e33ed7cb887887e6ec,yolo,no-gloves,True,False
anuragraj03__img259_jpg.rf.bb7e895479eec7e33ed7cb887887e6ec,yolo,no-boots,False,False
anuragraj03__img259_jpg.rf.bb7e895479eec7e33ed7cb887887e6ec,yolo,no-vest,False,False
anuragraj03__img259_jpg.rf.bb7e895479eec7e33ed7cb887887e6ec,gemini,person,True,False
anuragraj03__img259_jpg.rf.bb7e895479eec7e33ed7cb887887e6ec,gemini,helmet,False,False
anuragraj03__img259_jpg.rf.bb7e895479eec7e33ed7cb887887e6ec,gemini,gloves,True,False
anuragraj03__img259_jpg.rf.bb7e895479eec7e33ed7cb887887e6ec,gemini,boots,False,False
anuragraj03__img259_jpg.rf.bb7e895479eec7e33ed7cb887887e6ec,gemini,vest,False,False
anuragraj03__img259_jpg.rf.bb7e895479eec7e33ed7cb887887e6ec,gemini,no-helmet,True,False
anuragraj03__img259_jpg.rf.bb7e895479eec7e33ed7cb887887e6ec,gemini,no-gloves,False,False
anuragraj03__img259_jpg.rf.bb7e895479eec7e33ed7cb887887e6ec,gemini,no-boots,False,False
anuragraj03__img259_jpg.rf.bb7e895479eec7e33ed7cb887887e6ec,gemini,no-vest,True,False
anuragraj03__img354_jpg.rf.9af754ead43961cb3d91685094cf6e1c,yolo,person,False,False
anuragraj03__img354_jpg.rf.9af754ead43961cb3d91685094cf6e1c,yolo,helmet,False,False
anuragraj03__img354_jpg.rf.9af754ead43961cb3d91685094cf6e1c,yolo,gloves,False,False
anuragraj03__img354_jpg.rf.9af754ead43961cb3d91685094cf6e1c,yolo,boots,False,False
anuragraj03__img354_jpg.rf.9af754ead43961cb3d91685094cf6e1c,yolo,vest,False,False
anuragraj03__img354_jpg.rf.9af754ead43961cb3d91685094cf6e1c,yolo,no-helmet,False,False
anuragraj03__img354_jpg.rf.9af754ead43961cb3d91685094cf6e1c,yolo,no-gloves,True,False
anuragraj03__img354_jpg.rf.9af754ead43961cb3d91685094cf6e1c,yolo,no-boots,False,False
anuragraj03__img354_jpg.rf.9af754ead43961cb3d91685094cf6e1c,yolo,no-vest,False,False
anuragraj03__img354_jpg.rf.9af754ead43961cb3d91685094cf6e1c,gemini,person,True,False
anuragraj03__img354_jpg.rf.9af754ead43961cb3d91685094cf6e1c,gemini,helmet,False,False
anuragraj03__img354_jpg.rf.9af754ead43961cb3d91685094cf6e1c,gemini,gloves,True,False
anuragraj03__img354_jpg.rf.9af754ead43961cb3d91685094cf6e1c,gemini,boots,False,False
anuragraj03__img354_jpg.rf.9af754ead43961cb3d91685094cf6e1c,gemini,vest,False,False
anuragraj03__img354_jpg.rf.9af754ead43961cb3d91685094cf6e1c,gemini,no-helmet,True,False
anuragraj03__img354_jpg.rf.9af754ead43961cb3d91685094cf6e1c,gemini,no-gloves,True,False
anuragraj03__img354_jpg.rf.9af754ead43961cb3d91685094cf6e1c,gemini,no-boots,True,False
anuragraj03__img354_jpg.rf.9af754ead43961cb3d91685094cf6e1c,gemini,no-vest,True,False
anuragraj03__img67_jpg.rf.84f4441aea49b0f852b55f49ee4e3712,yolo,person,False,False
anuragraj03__img67_jpg.rf.84f4441aea49b0f852b55f49ee4e3712,yolo,helmet,False,False
anuragraj03__img67_jpg.rf.84f4441aea49b0f852b55f49ee4e3712,yolo,gloves,True,False
anuragraj03__img67_jpg.rf.84f4441aea49b0f852b55f49ee4e3712,yolo,boots,False,False
anuragraj03__img67_jpg.rf.84f4441aea49b0f852b55f49ee4e3712,yolo,vest,False,False
anuragraj03__img67_jpg.rf.84f4441aea49b0f852b55f49ee4e3712,yolo,no-helmet,False,False
anuragraj03__img67_jpg.rf.84f4441aea49b0f852b55f49ee4e3712,yolo,no-gloves,True,False
anuragraj03__img67_jpg.rf.84f4441aea49b0f852b55f49ee4e3712,yolo,no-boots,False,False
anuragraj03__img67_jpg.rf.84f4441aea49b0f852b55f49ee4e3712,yolo,no-vest,False,False
anuragraj03__img67_jpg.rf.84f4441aea49b0f852b55f49ee4e3712,gemini,person,True,False
anuragraj03__img67_jpg.rf.84f4441aea49b0f852b55f49ee4e3712,gemini,helmet,False,False
anuragraj03__img67_jpg.rf.84f4441aea49b0f852b55f49ee4e3712,gemini,gloves,True,False
anuragraj03__img67_jpg.rf.84f4441aea49b0f852b55f49ee4e3712,gemini,boots,False,False
anuragraj03__img67_jpg.rf.84f4441aea49b0f852b55f49ee4e3712,gemini,vest,False,False
anuragraj03__img67_jpg.rf.84f4441aea49b0f852b55f49ee4e3712,gemini,no-helmet,True,False
anuragraj03__img67_jpg.rf.84f4441aea49b0f852b55f49ee4e3712,gemini,no-gloves,False,False
anuragraj03__img67_jpg.rf.84f4441aea49b0f852b55f49ee4e3712,gemini,no-boots,False,False
anuragraj03__img67_jpg.rf.84f4441aea49b0f852b55f49ee4e3712,gemini,no-vest,True,False
anuragraj03__nglov33_jpg.rf.eb73797698daaacf586f64783d4d41d9,yolo,person,False,False
anuragraj03__nglov33_jpg.rf.eb73797698daaacf586f64783d4d41d9,yolo,helmet,False,False
anuragraj03__nglov33_jpg.rf.eb73797698daaacf586f64783d4d41d9,yolo,gloves,False,False
anuragraj03__nglov33_jpg.rf.eb73797698daaacf586f64783d4d41d9,yolo,boots,False,False
anuragraj03__nglov33_jpg.rf.eb73797698daaacf586f64783d4d41d9,yolo,vest,False,False
anuragraj03__nglov33_jpg.rf.eb73797698daaacf586f64783d4d41d9,yolo,no-helmet,False,False
anuragraj03__nglov33_jpg.rf.eb73797698daaacf586f64783d4d41d9,yolo,no-gloves,True,False
anuragraj03__nglov33_jpg.rf.eb73797698daaacf586f64783d4d41d9,yolo,no-boots,False,False
anuragraj03__nglov33_jpg.rf.eb73797698daaacf586f64783d4d41d9,yolo,no-vest,False,False
anuragraj03__nglov33_jpg.rf.eb73797698daaacf586f64783d4d41d9,gemini,person,True,False
anuragraj03__nglov33_jpg.rf.eb73797698daaacf586f64783d4d41d9,gemini,helmet,False,False
anuragraj03__nglov33_jpg.rf.eb73797698daaacf586f64783d4d41d9,gemini,gloves,True,False
anuragraj03__nglov33_jpg.rf.eb73797698daaacf586f64783d4d41d9,gemini,boots,False,False
anuragraj03__nglov33_jpg.rf.eb73797698daaacf586f64783d4d41d9,gemini,vest,False,False
anuragraj03__nglov33_jpg.rf.eb73797698daaacf586f64783d4d41d9,gemini,no-helmet,True,False
anuragraj03__nglov33_jpg.rf.eb73797698daaacf586f64783d4d41d9,gemini,no-gloves,True,False
anuragraj03__nglov33_jpg.rf.eb73797698daaacf586f64783d4d41d9,gemini,no-boots,True,False
anuragraj03__nglov33_jpg.rf.eb73797698daaacf586f64783d4d41d9,gemini,no-vest,True,False
anuragraj03__nglov70_jpg.rf.fb0157072cdc2d3e40c6cb2440b5f5b2,yolo,person,False,False
anuragraj03__nglov70_jpg.rf.fb0157072cdc2d3e40c6cb2440b5f5b2,yolo,helmet,False,False
anuragraj03__nglov70_jpg.rf.fb0157072cdc2d3e40c6cb2440b5f5b2,yolo,gloves,True,False
anuragraj03__nglov70_jpg.rf.fb0157072cdc2d3e40c6cb2440b5f5b2,yolo,boots,False,False
anuragraj03__nglov70_jpg.rf.fb0157072cdc2d3e40c6cb2440b5f5b2,yolo,vest,False,False
anuragraj03__nglov70_jpg.rf.fb0157072cdc2d3e40c6cb2440b5f5b2,yolo,no-helmet,False,False
anuragraj03__nglov70_jpg.rf.fb0157072cdc2d3e40c6cb2440b5f5b2,yolo,no-gloves,True,False
anuragraj03__nglov70_jpg.rf.fb0157072cdc2d3e40c6cb2440b5f5b2,yolo,no-boots,False,False
anuragraj03__nglov70_jpg.rf.fb0157072cdc2d3e40c6cb2440b5f5b2,yolo,no-vest,False,False
anuragraj03__nglov70_jpg.rf.fb0157072cdc2d3e40c6cb2440b5f5b2,gemini,person,True,False
anuragraj03__nglov70_jpg.rf.fb0157072cdc2d3e40c6cb2440b5f5b2,gemini,helmet,False,False
anuragraj03__nglov70_jpg.rf.fb0157072cdc2d3e40c6cb2440b5f5b2,gemini,gloves,True,False
anuragraj03__nglov70_jpg.rf.fb0157072cdc2d3e40c6cb2440b5f5b2,gemini,boots,False,False
anuragraj03__nglov70_jpg.rf.fb0157072cdc2d3e40c6cb2440b5f5b2,gemini,vest,False,False
anuragraj03__nglov70_jpg.rf.fb0157072cdc2d3e40c6cb2440b5f5b2,gemini,no-helmet,True,False
anuragraj03__nglov70_jpg.rf.fb0157072cdc2d3e40c6cb2440b5f5b2,gemini,no-gloves,True,False
anuragraj03__nglov70_jpg.rf.fb0157072cdc2d3e40c6cb2440b5f5b2,gemini,no-boots,False,False
anuragraj03__nglov70_jpg.rf.fb0157072cdc2d3e40c6cb2440b5f5b2,gemini,no-vest,True,False
anuragraj03__nglovpp3102_jpg.rf.3470f1d4ac46286ab9fd6b257d10c762,yolo,person,False,False
anuragraj03__nglovpp3102_jpg.rf.3470f1d4ac46286ab9fd6b257d10c762,yolo,helmet,False,False
anuragraj03__nglovpp3102_jpg.rf.3470f1d4ac46286ab9fd6b257d10c762,yolo,gloves,False,False
anuragraj03__nglovpp3102_jpg.rf.3470f1d4ac46286ab9fd6b257d10c762,yolo,boots,False,False
anuragraj03__nglovpp3102_jpg.rf.3470f1d4ac46286ab9fd6b257d10c762,yolo,vest,False,False
anuragraj03__nglovpp3102_jpg.rf.3470f1d4ac46286ab9fd6b257d10c762,yolo,no-helmet,False,False
anuragraj03__nglovpp3102_jpg.rf.3470f1d4ac46286ab9fd6b257d10c762,yolo,no-gloves,True,False
anuragraj03__nglovpp3102_jpg.rf.3470f1d4ac46286ab9fd6b257d10c762,yolo,no-boots,False,False
anuragraj03__nglovpp3102_jpg.rf.3470f1d4ac46286ab9fd6b257d10c762,yolo,no-vest,False,False
anuragraj03__nglovpp3102_jpg.rf.3470f1d4ac46286ab9fd6b257d10c762,gemini,person,True,False
anuragraj03__nglovpp3102_jpg.rf.3470f1d4ac46286ab9fd6b257d10c762,gemini,helmet,False,False
anuragraj03__nglovpp3102_jpg.rf.3470f1d4ac46286ab9fd6b257d10c762,gemini,gloves,False,False
anuragraj03__nglovpp3102_jpg.rf.3470f1d4ac46286ab9fd6b257d10c762,gemini,boots,False,False
anuragraj03__nglovpp3102_jpg.rf.3470f1d4ac46286ab9fd6b257d10c762,gemini,vest,False,False
anuragraj03__nglovpp3102_jpg.rf.3470f1d4ac46286ab9fd6b257d10c762,gemini,no-helmet,True,False
anuragraj03__nglovpp3102_jpg.rf.3470f1d4ac46286ab9fd6b257d10c762,gemini,no-gloves,True,False
anuragraj03__nglovpp3102_jpg.rf.3470f1d4ac46286ab9fd6b257d10c762,gemini,no-boots,True,False
anuragraj03__nglovpp3102_jpg.rf.3470f1d4ac46286ab9fd6b257d10c762,gemini,no-vest,True,False
anuragraj03__p11328_jpg.rf.4a3545e3f5325ed8a29c015c600beefb,yolo,person,False,False
anuragraj03__p11328_jpg.rf.4a3545e3f5325ed8a29c015c600beefb,yolo,helmet,False,False
anuragraj03__p11328_jpg.rf.4a3545e3f5325ed8a29c015c600beefb,yolo,gloves,False,False
anuragraj03__p11328_jpg.rf.4a3545e3f5325ed8a29c015c600beefb,yolo,boots,False,False
anuragraj03__p11328_jpg.rf.4a3545e3f5325ed8a29c015c600beefb,yolo,vest,False,False
anuragraj03__p11328_jpg.rf.4a3545e3f5325ed8a29c015c600beefb,yolo,no-helmet,True,False
anuragraj03__p11328_jpg.rf.4a3545e3f5325ed8a29c015c600beefb,yolo,no-gloves,False,False
anuragraj03__p11328_jpg.rf.4a3545e3f5325ed8a29c015c600beefb,yolo,no-boots,False,False
anuragraj03__p11328_jpg.rf.4a3545e3f5325ed8a29c015c600beefb,yolo,no-vest,False,False
anuragraj03__p11328_jpg.rf.4a3545e3f5325ed8a29c015c600beefb,gemini,person,True,False
anuragraj03__p11328_jpg.rf.4a3545e3f5325ed8a29c015c600beefb,gemini,helmet,False,False
anuragraj03__p11328_jpg.rf.4a3545e3f5325ed8a29c015c600beefb,gemini,gloves,False,False
anuragraj03__p11328_jpg.rf.4a3545e3f5325ed8a29c015c600beefb,gemini,boots,False,False
anuragraj03__p11328_jpg.rf.4a3545e3f5325ed8a29c015c600beefb,gemini,vest,False,False
anuragraj03__p11328_jpg.rf.4a3545e3f5325ed8a29c015c600beefb,gemini,no-helmet,True,False
anuragraj03__p11328_jpg.rf.4a3545e3f5325ed8a29c015c600beefb,gemini,no-gloves,True,False
anuragraj03__p11328_jpg.rf.4a3545e3f5325ed8a29c015c600beefb,gemini,no-boots,False,False
anuragraj03__p11328_jpg.rf.4a3545e3f5325ed8a29c015c600beefb,gemini,no-vest,True,False
anuragraj03__p11333_jpg.rf.9aebb6a91b961b5c43f3ef1131f7df83,yolo,person,False,False
anuragraj03__p11333_jpg.rf.9aebb6a91b961b5c43f3ef1131f7df83,yolo,helmet,False,False
anuragraj03__p11333_jpg.rf.9aebb6a91b961b5c43f3ef1131f7df83,yolo,gloves,False,False
anuragraj03__p11333_jpg.rf.9aebb6a91b961b5c43f3ef1131f7df83,yolo,boots,False,False
anuragraj03__p11333_jpg.rf.9aebb6a91b961b5c43f3ef1131f7df83,yolo,vest,False,False
anuragraj03__p11333_jpg.rf.9aebb6a91b961b5c43f3ef1131f7df83,yolo,no-helmet,True,False
anuragraj03__p11333_jpg.rf.9aebb6a91b961b5c43f3ef1131f7df83,yolo,no-gloves,False,False
anuragraj03__p11333_jpg.rf.9aebb6a91b961b5c43f3ef1131f7df83,yolo,no-boots,False,False
anuragraj03__p11333_jpg.rf.9aebb6a91b961b5c43f3ef1131f7df83,yolo,no-vest,False,False
anuragraj03__p11333_jpg.rf.9aebb6a91b961b5c43f3ef1131f7df83,gemini,person,True,False
anuragraj03__p11333_jpg.rf.9aebb6a91b961b5c43f3ef1131f7df83,gemini,helmet,False,False
anuragraj03__p11333_jpg.rf.9aebb6a91b961b5c43f3ef1131f7df83,gemini,gloves,False,False
anuragraj03__p11333_jpg.rf.9aebb6a91b961b5c43f3ef1131f7df83,gemini,boots,False,False
anuragraj03__p11333_jpg.rf.9aebb6a91b961b5c43f3ef1131f7df83,gemini,vest,False,False
anuragraj03__p11333_jpg.rf.9aebb6a91b961b5c43f3ef1131f7df83,gemini,no-helmet,True,False
anuragraj03__p11333_jpg.rf.9aebb6a91b961b5c43f3ef1131f7df83,gemini,no-gloves,True,False
anuragraj03__p11333_jpg.rf.9aebb6a91b961b5c43f3ef1131f7df83,gemini,no-boots,True,False
anuragraj03__p11333_jpg.rf.9aebb6a91b961b5c43f3ef1131f7df83,gemini,no-vest,True,False
anuragraj03__p651347_jpg.rf.80a412ace94a2682a2a9d7a9715ad5c9,yolo,person,False,False
anuragraj03__p651347_jpg.rf.80a412ace94a2682a2a9d7a9715ad5c9,yolo,helmet,True,False
anuragraj03__p651347_jpg.rf.80a412ace94a2682a2a9d7a9715ad5c9,yolo,gloves,False,False
anuragraj03__p651347_jpg.rf.80a412ace94a2682a2a9d7a9715ad5c9,yolo,boots,False,False
anuragraj03__p651347_jpg.rf.80a412ace94a2682a2a9d7a9715ad5c9,yolo,vest,False,False
anuragraj03__p651347_jpg.rf.80a412ace94a2682a2a9d7a9715ad5c9,yolo,no-helmet,False,False
anuragraj03__p651347_jpg.rf.80a412ace94a2682a2a9d7a9715ad5c9,yolo,no-gloves,False,False
anuragraj03__p651347_jpg.rf.80a412ace94a2682a2a9d7a9715ad5c9,yolo,no-boots,False,False
anuragraj03__p651347_jpg.rf.80a412ace94a2682a2a9d7a9715ad5c9,yolo,no-vest,False,False
anuragraj03__p651347_jpg.rf.80a412ace94a2682a2a9d7a9715ad5c9,gemini,person,True,False
anuragraj03__p651347_jpg.rf.80a412ace94a2682a2a9d7a9715ad5c9,gemini,helmet,True,False
anuragraj03__p651347_jpg.rf.80a412ace94a2682a2a9d7a9715ad5c9,gemini,gloves,False,False
anuragraj03__p651347_jpg.rf.80a412ace94a2682a2a9d7a9715ad5c9,gemini,boots,True,False
anuragraj03__p651347_jpg.rf.80a412ace94a2682a2a9d7a9715ad5c9,gemini,vest,False,False
anuragraj03__p651347_jpg.rf.80a412ace94a2682a2a9d7a9715ad5c9,gemini,no-helmet,True,False
anuragraj03__p651347_jpg.rf.80a412ace94a2682a2a9d7a9715ad5c9,gemini,no-gloves,True,False
anuragraj03__p651347_jpg.rf.80a412ace94a2682a2a9d7a9715ad5c9,gemini,no-boots,False,False
anuragraj03__p651347_jpg.rf.80a412ace94a2682a2a9d7a9715ad5c9,gemini,no-vest,True,False
anuragraj03__p65213137_jpg.rf.4ecc082cbb321021146d7e2cd25bab2a,yolo,person,False,False
anuragraj03__p65213137_jpg.rf.4ecc082cbb321021146d7e2cd25bab2a,yolo,helmet,True,False
anuragraj03__p65213137_jpg.rf.4ecc082cbb321021146d7e2cd25bab2a,yolo,gloves,False,False
anuragraj03__p65213137_jpg.rf.4ecc082cbb321021146d7e2cd25bab2a,yolo,boots,False,False
anuragraj03__p65213137_jpg.rf.4ecc082cbb321021146d7e2cd25bab2a,yolo,vest,False,False
anuragraj03__p65213137_jpg.rf.4ecc082cbb321021146d7e2cd25bab2a,yolo,no-helmet,False,False
anuragraj03__p65213137_jpg.rf.4ecc082cbb321021146d7e2cd25bab2a,yolo,no-gloves,False,False
anuragraj03__p65213137_jpg.rf.4ecc082cbb321021146d7e2cd25bab2a,yolo,no-boots,False,False
anuragraj03__p65213137_jpg.rf.4ecc082cbb321021146d7e2cd25bab2a,yolo,no-vest,False,False
anuragraj03__p65213137_jpg.rf.4ecc082cbb321021146d7e2cd25bab2a,gemini,person,True,False
anuragraj03__p65213137_jpg.rf.4ecc082cbb321021146d7e2cd25bab2a,gemini,helmet,True,False
anuragraj03__p65213137_jpg.rf.4ecc082cbb321021146d7e2cd25bab2a,gemini,gloves,False,False
anuragraj03__p65213137_jpg.rf.4ecc082cbb321021146d7e2cd25bab2a,gemini,boots,False,False
anuragraj03__p65213137_jpg.rf.4ecc082cbb321021146d7e2cd25bab2a,gemini,vest,False,False
anuragraj03__p65213137_jpg.rf.4ecc082cbb321021146d7e2cd25bab2a,gemini,no-helmet,False,False
anuragraj03__p65213137_jpg.rf.4ecc082cbb321021146d7e2cd25bab2a,gemini,no-gloves,True,False
anuragraj03__p65213137_jpg.rf.4ecc082cbb321021146d7e2cd25bab2a,gemini,no-boots,True,False
anuragraj03__p65213137_jpg.rf.4ecc082cbb321021146d7e2cd25bab2a,gemini,no-vest,True,False
ketakichalke-boots__image1007,yolo,person,True,False
ketakichalke-boots__image1007,yolo,helmet,True,False
ketakichalke-boots__image1007,yolo,gloves,True,False
ketakichalke-boots__image1007,yolo,boots,True,False
ketakichalke-boots__image1007,yolo,vest,True,False
ketakichalke-boots__image1007,yolo,no-helmet,False,False
ketakichalke-boots__image1007,yolo,no-gloves,False,False
ketakichalke-boots__image1007,yolo,no-boots,False,False
ketakichalke-boots__image1007,yolo,no-vest,False,False
ketakichalke-boots__image1007,gemini,person,True,False
ketakichalke-boots__image1007,gemini,helmet,True,False
ketakichalke-boots__image1007,gemini,gloves,True,False
ketakichalke-boots__image1007,gemini,boots,True,False
ketakichalke-boots__image1007,gemini,vest,True,False
ketakichalke-boots__image1007,gemini,no-helmet,False,False
ketakichalke-boots__image1007,gemini,no-gloves,False,False
ketakichalke-boots__image1007,gemini,no-boots,False,False
ketakichalke-boots__image1007,gemini,no-vest,False,False
ketakichalke-boots__image1072,yolo,person,True,False
ketakichalke-boots__image1072,yolo,helmet,True,False
ketakichalke-boots__image1072,yolo,gloves,True,False
ketakichalke-boots__image1072,yolo,boots,True,False
ketakichalke-boots__image1072,yolo,vest,True,False
ketakichalke-boots__image1072,yolo,no-helmet,False,False
ketakichalke-boots__image1072,yolo,no-gloves,False,False
ketakichalke-boots__image1072,yolo,no-boots,False,False
ketakichalke-boots__image1072,yolo,no-vest,False,False
ketakichalke-boots__image1072,gemini,person,True,False
ketakichalke-boots__image1072,gemini,helmet,True,False
ketakichalke-boots__image1072,gemini,gloves,True,False
ketakichalke-boots__image1072,gemini,boots,True,False
ketakichalke-boots__image1072,gemini,vest,True,False
ketakichalke-boots__image1072,gemini,no-helmet,False,False
ketakichalke-boots__image1072,gemini,no-gloves,False,False
ketakichalke-boots__image1072,gemini,no-boots,False,False
ketakichalke-boots__image1072,gemini,no-vest,False,False
ketakichalke-boots__image116,yolo,person,True,False
ketakichalke-boots__image116,yolo,helmet,True,False
ketakichalke-boots__image116,yolo,gloves,True,False
ketakichalke-boots__image116,yolo,boots,False,False
ketakichalke-boots__image116,yolo,vest,True,False
ketakichalke-boots__image116,yolo,no-helmet,False,False
ketakichalke-boots__image116,yolo,no-gloves,False,False
ketakichalke-boots__image116,yolo,no-boots,False,False
ketakichalke-boots__image116,yolo,no-vest,False,False
ketakichalke-boots__image116,gemini,person,True,False
ketakichalke-boots__image116,gemini,helmet,True,False
ketakichalke-boots__image116,gemini,gloves,True,False
ketakichalke-boots__image116,gemini,boots,True,False
ketakichalke-boots__image116,gemini,vest,True,False
ketakichalke-boots__image116,gemini,no-helmet,False,False
ketakichalke-boots__image116,gemini,no-gloves,False,False
ketakichalke-boots__image116,gemini,no-boots,False,False
ketakichalke-boots__image116,gemini,no-vest,False,False
ketakichalke-boots__image126,yolo,person,True,False
ketakichalke-boots__image126,yolo,helmet,True,False
ketakichalke-boots__image126,yolo,gloves,False,False
ketakichalke-boots__image126,yolo,boots,True,False
ketakichalke-boots__image126,yolo,vest,True,False
ketakichalke-boots__image126,yolo,no-helmet,False,False
ketakichalke-boots__image126,yolo,no-gloves,False,False
ketakichalke-boots__image126,yolo,no-boots,False,False
ketakichalke-boots__image126,yolo,no-vest,False,False
ketakichalke-boots__image126,gemini,person,True,False
ketakichalke-boots__image126,gemini,helmet,True,False
ketakichalke-boots__image126,gemini,gloves,True,False
ketakichalke-boots__image126,gemini,boots,True,False
ketakichalke-boots__image126,gemini,vest,False,False
ketakichalke-boots__image126,gemini,no-helmet,False,False
ketakichalke-boots__image126,gemini,no-gloves,False,False
ketakichalke-boots__image126,gemini,no-boots,False,False
ketakichalke-boots__image126,gemini,no-vest,True,False
ketakichalke-boots__image1371,yolo,person,True,False
ketakichalke-boots__image1371,yolo,helmet,False,False
ketakichalke-boots__image1371,yolo,gloves,False,False
ketakichalke-boots__image1371,yolo,boots,False,False
ketakichalke-boots__image1371,yolo,vest,False,False
ketakichalke-boots__image1371,yolo,no-helmet,True,False
ketakichalke-boots__image1371,yolo,no-gloves,True,False
ketakichalke-boots__image1371,yolo,no-boots,False,False
ketakichalke-boots__image1371,yolo,no-vest,False,False
ketakichalke-boots__image1371,gemini,person,True,False
ketakichalke-boots__image1371,gemini,helmet,False,False
ketakichalke-boots__image1371,gemini,gloves,False,False
ketakichalke-boots__image1371,gemini,boots,False,False
ketakichalke-boots__image1371,gemini,vest,False,False
ketakichalke-boots__image1371,gemini,no-helmet,True,False
ketakichalke-boots__image1371,gemini,no-gloves,True,False
ketakichalke-boots__image1371,gemini,no-boots,False,False
ketakichalke-boots__image1371,gemini,no-vest,True,False
ketakichalke-boots__image177,yolo,person,True,False
ketakichalke-boots__image177,yolo,helmet,True,False
ketakichalke-boots__image177,yolo,gloves,False,False
ketakichalke-boots__image177,yolo,boots,False,False
ketakichalke-boots__image177,yolo,vest,True,False
ketakichalke-boots__image177,yolo,no-helmet,False,False
ketakichalke-boots__image177,yolo,no-gloves,False,False
ketakichalke-boots__image177,yolo,no-boots,False,False
ketakichalke-boots__image177,yolo,no-vest,False,False
ketakichalke-boots__image177,gemini,person,True,False
ketakichalke-boots__image177,gemini,helmet,True,False
ketakichalke-boots__image177,gemini,gloves,False,False
ketakichalke-boots__image177,gemini,boots,False,False
ketakichalke-boots__image177,gemini,vest,True,False
ketakichalke-boots__image177,gemini,no-helmet,True,False
ketakichalke-boots__image177,gemini,no-gloves,True,False
ketakichalke-boots__image177,gemini,no-boots,False,False
ketakichalke-boots__image177,gemini,no-vest,True,False
ketakichalke-boots__image309,yolo,person,True,False
ketakichalke-boots__image309,yolo,helmet,True,False
ketakichalke-boots__image309,yolo,gloves,False,False
ketakichalke-boots__image309,yolo,boots,False,False
ketakichalke-boots__image309,yolo,vest,True,False
ketakichalke-boots__image309,yolo,no-helmet,False,False
ketakichalke-boots__image309,yolo,no-gloves,False,False
ketakichalke-boots__image309,yolo,no-boots,False,False
ketakichalke-boots__image309,yolo,no-vest,False,False
ketakichalke-boots__image309,gemini,person,True,False
ketakichalke-boots__image309,gemini,helmet,True,False
ketakichalke-boots__image309,gemini,gloves,False,False
ketakichalke-boots__image309,gemini,boots,False,False
ketakichalke-boots__image309,gemini,vest,False,False
ketakichalke-boots__image309,gemini,no-helmet,True,False
ketakichalke-boots__image309,gemini,no-gloves,True,False
ketakichalke-boots__image309,gemini,no-boots,False,False
ketakichalke-boots__image309,gemini,no-vest,True,False
ketakichalke-boots__image36,yolo,person,True,False
ketakichalke-boots__image36,yolo,helmet,True,False
ketakichalke-boots__image36,yolo,gloves,True,False
ketakichalke-boots__image36,yolo,boots,False,False
ketakichalke-boots__image36,yolo,vest,True,False
ketakichalke-boots__image36,yolo,no-helmet,False,False
ketakichalke-boots__image36,yolo,no-gloves,False,False
ketakichalke-boots__image36,yolo,no-boots,False,False
ketakichalke-boots__image36,yolo,no-vest,False,False
ketakichalke-boots__image36,gemini,person,True,False
ketakichalke-boots__image36,gemini,helmet,True,False
ketakichalke-boots__image36,gemini,gloves,True,False
ketakichalke-boots__image36,gemini,boots,False,False
ketakichalke-boots__image36,gemini,vest,True,False
ketakichalke-boots__image36,gemini,no-helmet,False,False
ketakichalke-boots__image36,gemini,no-gloves,False,False
ketakichalke-boots__image36,gemini,no-boots,True,False
ketakichalke-boots__image36,gemini,no-vest,False,False
ketakichalke-boots__image42,yolo,person,True,False
ketakichalke-boots__image42,yolo,helmet,True,False
ketakichalke-boots__image42,yolo,gloves,True,False
ketakichalke-boots__image42,yolo,boots,True,False
ketakichalke-boots__image42,yolo,vest,True,False
ketakichalke-boots__image42,yolo,no-helmet,False,False
ketakichalke-boots__image42,yolo,no-gloves,False,False
ketakichalke-boots__image42,yolo,no-boots,False,False
ketakichalke-boots__image42,yolo,no-vest,False,False
ketakichalke-boots__image42,gemini,person,True,False
ketakichalke-boots__image42,gemini,helmet,True,False
ketakichalke-boots__image42,gemini,gloves,True,False
ketakichalke-boots__image42,gemini,boots,False,False
ketakichalke-boots__image42,gemini,vest,True,False
ketakichalke-boots__image42,gemini,no-helmet,False,False
ketakichalke-boots__image42,gemini,no-gloves,False,False
ketakichalke-boots__image42,gemini,no-boots,True,False
ketakichalke-boots__image42,gemini,no-vest,False,False
ketakichalke-boots__image424,yolo,person,True,False
ketakichalke-boots__image424,yolo,helmet,True,False
ketakichalke-boots__image424,yolo,gloves,True,False
ketakichalke-boots__image424,yolo,boots,True,False
ketakichalke-boots__image424,yolo,vest,True,False
ketakichalke-boots__image424,yolo,no-helmet,False,False
ketakichalke-boots__image424,yolo,no-gloves,False,False
ketakichalke-boots__image424,yolo,no-boots,False,False
ketakichalke-boots__image424,yolo,no-vest,False,False
ketakichalke-boots__image424,gemini,person,True,False
ketakichalke-boots__image424,gemini,helmet,True,False
ketakichalke-boots__image424,gemini,gloves,False,False
ketakichalke-boots__image424,gemini,boots,True,False
ketakichalke-boots__image424,gemini,vest,True,False
ketakichalke-boots__image424,gemini,no-helmet,False,False
ketakichalke-boots__image424,gemini,no-gloves,True,False
ketakichalke-boots__image424,gemini,no-boots,False,False
ketakichalke-boots__image424,gemini,no-vest,False,False
ketakichalke-boots__image443,yolo,person,True,False
ketakichalke-boots__image443,yolo,helmet,True,False
ketakichalke-boots__image443,yolo,gloves,False,False
ketakichalke-boots__image443,yolo,boots,False,False
ketakichalke-boots__image443,yolo,vest,True,False
ketakichalke-boots__image443,yolo,no-helmet,False,False
ketakichalke-boots__image443,yolo,no-gloves,False,False
ketakichalke-boots__image443,yolo,no-boots,False,False
ketakichalke-boots__image443,yolo,no-vest,False,False
ketakichalke-boots__image443,gemini,person,True,False
ketakichalke-boots__image443,gemini,helmet,True,False
ketakichalke-boots__image443,gemini,gloves,True,False
ketakichalke-boots__image443,gemini,boots,False,False
ketakichalke-boots__image443,gemini,vest,True,False
ketakichalke-boots__image443,gemini,no-helmet,False,False
ketakichalke-boots__image443,gemini,no-gloves,False,False
ketakichalke-boots__image443,gemini,no-boots,True,False
ketakichalke-boots__image443,gemini,no-vest,False,False
ketakichalke-boots__image564,yolo,person,True,False
ketakichalke-boots__image564,yolo,helmet,True,False
ketakichalke-boots__image564,yolo,gloves,False,False
ketakichalke-boots__image564,yolo,boots,False,False
ketakichalke-boots__image564,yolo,vest,True,False
ketakichalke-boots__image564,yolo,no-helmet,False,False
ketakichalke-boots__image564,yolo,no-gloves,False,False
ketakichalke-boots__image564,yolo,no-boots,False,False
ketakichalke-boots__image564,yolo,no-vest,False,False
ketakichalke-boots__image564,gemini,person,True,False
ketakichalke-boots__image564,gemini,helmet,True,False
ketakichalke-boots__image564,gemini,gloves,False,False
ketakichalke-boots__image564,gemini,boots,False,False
ketakichalke-boots__image564,gemini,vest,True,False
ketakichalke-boots__image564,gemini,no-helmet,False,False
ketakichalke-boots__image564,gemini,no-gloves,True,False
ketakichalke-boots__image564,gemini,no-boots,False,False
ketakichalke-boots__image564,gemini,no-vest,False,False
ketakichalke-boots__image725,yolo,person,True,False
ketakichalke-boots__image725,yolo,helmet,True,False
ketakichalke-boots__image725,yolo,gloves,True,False
ketakichalke-boots__image725,yolo,boots,True,False
ketakichalke-boots__image725,yolo,vest,True,False
ketakichalke-boots__image725,yolo,no-helmet,False,False
ketakichalke-boots__image725,yolo,no-gloves,False,False
ketakichalke-boots__image725,yolo,no-boots,False,False
ketakichalke-boots__image725,yolo,no-vest,False,False
ketakichalke-boots__image725,gemini,person,True,False
ketakichalke-boots__image725,gemini,helmet,True,False
ketakichalke-boots__image725,gemini,gloves,True,False
ketakichalke-boots__image725,gemini,boots,True,False
ketakichalke-boots__image725,gemini,vest,True,False
ketakichalke-boots__image725,gemini,no-helmet,False,False
ketakichalke-boots__image725,gemini,no-gloves,False,False
ketakichalke-boots__image725,gemini,no-boots,False,False
ketakichalke-boots__image725,gemini,no-vest,False,False
ketakichalke-boots__image789,yolo,person,True,False
ketakichalke-boots__image789,yolo,helmet,True,False
ketakichalke-boots__image789,yolo,gloves,False,False
ketakichalke-boots__image789,yolo,boots,True,False
ketakichalke-boots__image789,yolo,vest,True,False
ketakichalke-boots__image789,yolo,no-helmet,False,False
ketakichalke-boots__image789,yolo,no-gloves,False,False
ketakichalke-boots__image789,yolo,no-boots,False,False
ketakichalke-boots__image789,yolo,no-vest,False,False
ketakichalke-boots__image789,gemini,person,True,False
ketakichalke-boots__image789,gemini,helmet,True,False
ketakichalke-boots__image789,gemini,gloves,False,False
ketakichalke-boots__image789,gemini,boots,True,False
ketakichalke-boots__image789,gemini,vest,True,False
ketakichalke-boots__image789,gemini,no-helmet,False,False
ketakichalke-boots__image789,gemini,no-gloves,True,False
ketakichalke-boots__image789,gemini,no-boots,False,False
ketakichalke-boots__image789,gemini,no-vest,True,False
ketakichalke-boots__image901,yolo,person,True,False
ketakichalke-boots__image901,yolo,helmet,True,False
ketakichalke-boots__image901,yolo,gloves,True,False
ketakichalke-boots__image901,yolo,boots,True,False
ketakichalke-boots__image901,yolo,vest,True,False
ketakichalke-boots__image901,yolo,no-helmet,False,False
ketakichalke-boots__image901,yolo,no-gloves,False,False
ketakichalke-boots__image901,yolo,no-boots,False,False
ketakichalke-boots__image901,yolo,no-vest,False,False
ketakichalke-boots__image901,gemini,person,True,False
ketakichalke-boots__image901,gemini,helmet,True,False
ketakichalke-boots__image901,gemini,gloves,True,False
ketakichalke-boots__image901,gemini,boots,True,False
ketakichalke-boots__image901,gemini,vest,True,False
ketakichalke-boots__image901,gemini,no-helmet,False,False
ketakichalke-boots__image901,gemini,no-gloves,False,False
ketakichalke-boots__image901,gemini,no-boots,False,False
ketakichalke-boots__image901,gemini,no-vest,False,False
ketakichalke-boots__image904,yolo,person,True,False
ketakichalke-boots__image904,yolo,helmet,True,False
ketakichalke-boots__image904,yolo,gloves,True,False
ketakichalke-boots__image904,yolo,boots,True,False
ketakichalke-boots__image904,yolo,vest,True,False
ketakichalke-boots__image904,yolo,no-helmet,False,False
ketakichalke-boots__image904,yolo,no-gloves,False,False
ketakichalke-boots__image904,yolo,no-boots,False,False
ketakichalke-boots__image904,yolo,no-vest,False,False
ketakichalke-boots__image904,gemini,person,True,False
ketakichalke-boots__image904,gemini,helmet,True,False
ketakichalke-boots__image904,gemini,gloves,True,False
ketakichalke-boots__image904,gemini,boots,True,False
ketakichalke-boots__image904,gemini,vest,True,False
ketakichalke-boots__image904,gemini,no-helmet,False,False
ketakichalke-boots__image904,gemini,no-gloves,False,False
ketakichalke-boots__image904,gemini,no-boots,False,False
ketakichalke-boots__image904,gemini,no-vest,False,False
ketakichalke-boots__image936,yolo,person,True,False
ketakichalke-boots__image936,yolo,helmet,True,False
ketakichalke-boots__image936,yolo,gloves,True,False
ketakichalke-boots__image936,yolo,boots,True,False
ketakichalke-boots__image936,yolo,vest,True,False
ketakichalke-boots__image936,yolo,no-helmet,False,False
ketakichalke-boots__image936,yolo,no-gloves,False,False
ketakichalke-boots__image936,yolo,no-boots,False,False
ketakichalke-boots__image936,yolo,no-vest,False,False
ketakichalke-boots__image936,gemini,person,True,False
ketakichalke-boots__image936,gemini,helmet,True,False
ketakichalke-boots__image936,gemini,gloves,True,False
ketakichalke-boots__image936,gemini,boots,True,False
ketakichalke-boots__image936,gemini,vest,True,False
ketakichalke-boots__image936,gemini,no-helmet,False,False
ketakichalke-boots__image936,gemini,no-gloves,False,False
ketakichalke-boots__image936,gemini,no-boots,False,False
ketakichalke-boots__image936,gemini,no-vest,False,False
ketakichalke-boots__image97,yolo,person,True,False
ketakichalke-boots__image97,yolo,helmet,True,False
ketakichalke-boots__image97,yolo,gloves,True,False
ketakichalke-boots__image97,yolo,boots,True,False
ketakichalke-boots__image97,yolo,vest,True,False
ketakichalke-boots__image97,yolo,no-helmet,False,False
ketakichalke-boots__image97,yolo,no-gloves,False,False
ketakichalke-boots__image97,yolo,no-boots,False,False
ketakichalke-boots__image97,yolo,no-vest,False,False
ketakichalke-boots__image97,gemini,person,True,False
ketakichalke-boots__image97,gemini,helmet,True,False
ketakichalke-boots__image97,gemini,gloves,True,False
ketakichalke-boots__image97,gemini,boots,True,False
ketakichalke-boots__image97,gemini,vest,True,False
ketakichalke-boots__image97,gemini,no-helmet,False,False
ketakichalke-boots__image97,gemini,no-gloves,False,False
ketakichalke-boots__image97,gemini,no-boots,False,False
ketakichalke-boots__image97,gemini,no-vest,False,False
snehilsanyal-main__000415_jpg.rf.63b7e0293fb53612fdb4695fa0debfb7,yolo,person,True,False
snehilsanyal-main__000415_jpg.rf.63b7e0293fb53612fdb4695fa0debfb7,yolo,helmet,True,False
snehilsanyal-main__000415_jpg.rf.63b7e0293fb53612fdb4695fa0debfb7,yolo,gloves,False,False
snehilsanyal-main__000415_jpg.rf.63b7e0293fb53612fdb4695fa0debfb7,yolo,boots,False,False
snehilsanyal-main__000415_jpg.rf.63b7e0293fb53612fdb4695fa0debfb7,yolo,vest,False,False
snehilsanyal-main__000415_jpg.rf.63b7e0293fb53612fdb4695fa0debfb7,yolo,no-helmet,True,False
snehilsanyal-main__000415_jpg.rf.63b7e0293fb53612fdb4695fa0debfb7,yolo,no-gloves,False,False
snehilsanyal-main__000415_jpg.rf.63b7e0293fb53612fdb4695fa0debfb7,yolo,no-boots,False,False
snehilsanyal-main__000415_jpg.rf.63b7e0293fb53612fdb4695fa0debfb7,yolo,no-vest,True,False
snehilsanyal-main__000415_jpg.rf.63b7e0293fb53612fdb4695fa0debfb7,gemini,person,True,False
snehilsanyal-main__000415_jpg.rf.63b7e0293fb53612fdb4695fa0debfb7,gemini,helmet,False,False
snehilsanyal-main__000415_jpg.rf.63b7e0293fb53612fdb4695fa0debfb7,gemini,gloves,True,False
snehilsanyal-main__000415_jpg.rf.63b7e0293fb53612fdb4695fa0debfb7,gemini,boots,False,False
snehilsanyal-main__000415_jpg.rf.63b7e0293fb53612fdb4695fa0debfb7,gemini,vest,False,False
snehilsanyal-main__000415_jpg.rf.63b7e0293fb53612fdb4695fa0debfb7,gemini,no-helmet,True,False
snehilsanyal-main__000415_jpg.rf.63b7e0293fb53612fdb4695fa0debfb7,gemini,no-gloves,False,False
snehilsanyal-main__000415_jpg.rf.63b7e0293fb53612fdb4695fa0debfb7,gemini,no-boots,False,False
snehilsanyal-main__000415_jpg.rf.63b7e0293fb53612fdb4695fa0debfb7,gemini,no-vest,True,False
snehilsanyal-main__000415_jpg.rf.6b9ff926deef3b67d6cb46c8bd2b2366,yolo,person,True,False
snehilsanyal-main__000415_jpg.rf.6b9ff926deef3b67d6cb46c8bd2b2366,yolo,helmet,False,False
snehilsanyal-main__000415_jpg.rf.6b9ff926deef3b67d6cb46c8bd2b2366,yolo,gloves,False,False
snehilsanyal-main__000415_jpg.rf.6b9ff926deef3b67d6cb46c8bd2b2366,yolo,boots,False,False
snehilsanyal-main__000415_jpg.rf.6b9ff926deef3b67d6cb46c8bd2b2366,yolo,vest,False,False
snehilsanyal-main__000415_jpg.rf.6b9ff926deef3b67d6cb46c8bd2b2366,yolo,no-helmet,False,False
snehilsanyal-main__000415_jpg.rf.6b9ff926deef3b67d6cb46c8bd2b2366,yolo,no-gloves,False,False
snehilsanyal-main__000415_jpg.rf.6b9ff926deef3b67d6cb46c8bd2b2366,yolo,no-boots,False,False
snehilsanyal-main__000415_jpg.rf.6b9ff926deef3b67d6cb46c8bd2b2366,yolo,no-vest,True,False
snehilsanyal-main__000415_jpg.rf.6b9ff926deef3b67d6cb46c8bd2b2366,gemini,person,True,False
snehilsanyal-main__000415_jpg.rf.6b9ff926deef3b67d6cb46c8bd2b2366,gemini,helmet,False,False
snehilsanyal-main__000415_jpg.rf.6b9ff926deef3b67d6cb46c8bd2b2366,gemini,gloves,False,False
snehilsanyal-main__000415_jpg.rf.6b9ff926deef3b67d6cb46c8bd2b2366,gemini,boots,True,False
snehilsanyal-main__000415_jpg.rf.6b9ff926deef3b67d6cb46c8bd2b2366,gemini,vest,False,False
snehilsanyal-main__000415_jpg.rf.6b9ff926deef3b67d6cb46c8bd2b2366,gemini,no-helmet,True,False
snehilsanyal-main__000415_jpg.rf.6b9ff926deef3b67d6cb46c8bd2b2366,gemini,no-gloves,False,False
snehilsanyal-main__000415_jpg.rf.6b9ff926deef3b67d6cb46c8bd2b2366,gemini,no-boots,False,False
snehilsanyal-main__000415_jpg.rf.6b9ff926deef3b67d6cb46c8bd2b2366,gemini,no-vest,True,False
snehilsanyal-main__006012_jpg.rf.2300bacf07c885b49cd596a85e5adda3,yolo,person,True,False
snehilsanyal-main__006012_jpg.rf.2300bacf07c885b49cd596a85e5adda3,yolo,helmet,False,False
snehilsanyal-main__006012_jpg.rf.2300bacf07c885b49cd596a85e5adda3,yolo,gloves,False,False
snehilsanyal-main__006012_jpg.rf.2300bacf07c885b49cd596a85e5adda3,yolo,boots,False,False
snehilsanyal-main__006012_jpg.rf.2300bacf07c885b49cd596a85e5adda3,yolo,vest,False,False
snehilsanyal-main__006012_jpg.rf.2300bacf07c885b49cd596a85e5adda3,yolo,no-helmet,True,False
snehilsanyal-main__006012_jpg.rf.2300bacf07c885b49cd596a85e5adda3,yolo,no-gloves,False,False
snehilsanyal-main__006012_jpg.rf.2300bacf07c885b49cd596a85e5adda3,yolo,no-boots,False,False
snehilsanyal-main__006012_jpg.rf.2300bacf07c885b49cd596a85e5adda3,yolo,no-vest,True,False
snehilsanyal-main__006012_jpg.rf.2300bacf07c885b49cd596a85e5adda3,gemini,person,True,False
snehilsanyal-main__006012_jpg.rf.2300bacf07c885b49cd596a85e5adda3,gemini,helmet,False,False
snehilsanyal-main__006012_jpg.rf.2300bacf07c885b49cd596a85e5adda3,gemini,gloves,False,False
snehilsanyal-main__006012_jpg.rf.2300bacf07c885b49cd596a85e5adda3,gemini,boots,True,False
snehilsanyal-main__006012_jpg.rf.2300bacf07c885b49cd596a85e5adda3,gemini,vest,False,False
snehilsanyal-main__006012_jpg.rf.2300bacf07c885b49cd596a85e5adda3,gemini,no-helmet,True,False
snehilsanyal-main__006012_jpg.rf.2300bacf07c885b49cd596a85e5adda3,gemini,no-gloves,True,False
snehilsanyal-main__006012_jpg.rf.2300bacf07c885b49cd596a85e5adda3,gemini,no-boots,False,False
snehilsanyal-main__006012_jpg.rf.2300bacf07c885b49cd596a85e5adda3,gemini,no-vest,True,False
snehilsanyal-main__135e-huxwryw6451820_jpg.rf.ee9ca43c493a451ed87dcea9c7b3e0c6,yolo,person,True,False
snehilsanyal-main__135e-huxwryw6451820_jpg.rf.ee9ca43c493a451ed87dcea9c7b3e0c6,yolo,helmet,False,False
snehilsanyal-main__135e-huxwryw6451820_jpg.rf.ee9ca43c493a451ed87dcea9c7b3e0c6,yolo,gloves,False,False
snehilsanyal-main__135e-huxwryw6451820_jpg.rf.ee9ca43c493a451ed87dcea9c7b3e0c6,yolo,boots,False,False
snehilsanyal-main__135e-huxwryw6451820_jpg.rf.ee9ca43c493a451ed87dcea9c7b3e0c6,yolo,vest,False,False
snehilsanyal-main__135e-huxwryw6451820_jpg.rf.ee9ca43c493a451ed87dcea9c7b3e0c6,yolo,no-helmet,False,False
snehilsanyal-main__135e-huxwryw6451820_jpg.rf.ee9ca43c493a451ed87dcea9c7b3e0c6,yolo,no-gloves,False,False
snehilsanyal-main__135e-huxwryw6451820_jpg.rf.ee9ca43c493a451ed87dcea9c7b3e0c6,yolo,no-boots,False,False
snehilsanyal-main__135e-huxwryw6451820_jpg.rf.ee9ca43c493a451ed87dcea9c7b3e0c6,yolo,no-vest,True,False
snehilsanyal-main__135e-huxwryw6451820_jpg.rf.ee9ca43c493a451ed87dcea9c7b3e0c6,gemini,person,True,False
snehilsanyal-main__135e-huxwryw6451820_jpg.rf.ee9ca43c493a451ed87dcea9c7b3e0c6,gemini,helmet,False,False
snehilsanyal-main__135e-huxwryw6451820_jpg.rf.ee9ca43c493a451ed87dcea9c7b3e0c6,gemini,gloves,False,False
snehilsanyal-main__135e-huxwryw6451820_jpg.rf.ee9ca43c493a451ed87dcea9c7b3e0c6,gemini,boots,False,False
snehilsanyal-main__135e-huxwryw6451820_jpg.rf.ee9ca43c493a451ed87dcea9c7b3e0c6,gemini,vest,False,False
snehilsanyal-main__135e-huxwryw6451820_jpg.rf.ee9ca43c493a451ed87dcea9c7b3e0c6,gemini,no-helmet,True,False
snehilsanyal-main__135e-huxwryw6451820_jpg.rf.ee9ca43c493a451ed87dcea9c7b3e0c6,gemini,no-gloves,False,False
snehilsanyal-main__135e-huxwryw6451820_jpg.rf.ee9ca43c493a451ed87dcea9c7b3e0c6,gemini,no-boots,False,False
snehilsanyal-main__135e-huxwryw6451820_jpg.rf.ee9ca43c493a451ed87dcea9c7b3e0c6,gemini,no-vest,True,False
snehilsanyal-main__2008_008526_jpg.rf.b9241d674aac7899827bcc5db9486bdc,yolo,person,True,False
snehilsanyal-main__2008_008526_jpg.rf.b9241d674aac7899827bcc5db9486bdc,yolo,helmet,False,False
snehilsanyal-main__2008_008526_jpg.rf.b9241d674aac7899827bcc5db9486bdc,yolo,gloves,False,False
snehilsanyal-main__2008_008526_jpg.rf.b9241d674aac7899827bcc5db9486bdc,yolo,boots,False,False
snehilsanyal-main__2008_008526_jpg.rf.b9241d674aac7899827bcc5db9486bdc,yolo,vest,False,False
snehilsanyal-main__2008_008526_jpg.rf.b9241d674aac7899827bcc5db9486bdc,yolo,no-helmet,True,False
snehilsanyal-main__2008_008526_jpg.rf.b9241d674aac7899827bcc5db9486bdc,yolo,no-gloves,False,False
snehilsanyal-main__2008_008526_jpg.rf.b9241d674aac7899827bcc5db9486bdc,yolo,no-boots,False,False
snehilsanyal-main__2008_008526_jpg.rf.b9241d674aac7899827bcc5db9486bdc,yolo,no-vest,True,False
snehilsanyal-main__2008_008526_jpg.rf.b9241d674aac7899827bcc5db9486bdc,gemini,person,True,False
snehilsanyal-main__2008_008526_jpg.rf.b9241d674aac7899827bcc5db9486bdc,gemini,helmet,False,False
snehilsanyal-main__2008_008526_jpg.rf.b9241d674aac7899827bcc5db9486bdc,gemini,gloves,False,False
snehilsanyal-main__2008_008526_jpg.rf.b9241d674aac7899827bcc5db9486bdc,gemini,boots,False,False
snehilsanyal-main__2008_008526_jpg.rf.b9241d674aac7899827bcc5db9486bdc,gemini,vest,False,False
snehilsanyal-main__2008_008526_jpg.rf.b9241d674aac7899827bcc5db9486bdc,gemini,no-helmet,True,False
snehilsanyal-main__2008_008526_jpg.rf.b9241d674aac7899827bcc5db9486bdc,gemini,no-gloves,True,False
snehilsanyal-main__2008_008526_jpg.rf.b9241d674aac7899827bcc5db9486bdc,gemini,no-boots,False,False
snehilsanyal-main__2008_008526_jpg.rf.b9241d674aac7899827bcc5db9486bdc,gemini,no-vest,True,False
snehilsanyal-main__IMG_0871_mp4-24_jpg.rf.f9e7803a7755260449de41f00a63c0a0,yolo,person,True,False
snehilsanyal-main__IMG_0871_mp4-24_jpg.rf.f9e7803a7755260449de41f00a63c0a0,yolo,helmet,False,False
snehilsanyal-main__IMG_0871_mp4-24_jpg.rf.f9e7803a7755260449de41f00a63c0a0,yolo,gloves,False,False
snehilsanyal-main__IMG_0871_mp4-24_jpg.rf.f9e7803a7755260449de41f00a63c0a0,yolo,boots,False,False
snehilsanyal-main__IMG_0871_mp4-24_jpg.rf.f9e7803a7755260449de41f00a63c0a0,yolo,vest,False,False
snehilsanyal-main__IMG_0871_mp4-24_jpg.rf.f9e7803a7755260449de41f00a63c0a0,yolo,no-helmet,True,False
snehilsanyal-main__IMG_0871_mp4-24_jpg.rf.f9e7803a7755260449de41f00a63c0a0,yolo,no-gloves,False,False
snehilsanyal-main__IMG_0871_mp4-24_jpg.rf.f9e7803a7755260449de41f00a63c0a0,yolo,no-boots,False,False
snehilsanyal-main__IMG_0871_mp4-24_jpg.rf.f9e7803a7755260449de41f00a63c0a0,yolo,no-vest,True,False
snehilsanyal-main__IMG_0871_mp4-24_jpg.rf.f9e7803a7755260449de41f00a63c0a0,gemini,person,True,False
snehilsanyal-main__IMG_0871_mp4-24_jpg.rf.f9e7803a7755260449de41f00a63c0a0,gemini,helmet,False,False
snehilsanyal-main__IMG_0871_mp4-24_jpg.rf.f9e7803a7755260449de41f00a63c0a0,gemini,gloves,False,False
snehilsanyal-main__IMG_0871_mp4-24_jpg.rf.f9e7803a7755260449de41f00a63c0a0,gemini,boots,False,False
snehilsanyal-main__IMG_0871_mp4-24_jpg.rf.f9e7803a7755260449de41f00a63c0a0,gemini,vest,False,False
snehilsanyal-main__IMG_0871_mp4-24_jpg.rf.f9e7803a7755260449de41f00a63c0a0,gemini,no-helmet,True,False
snehilsanyal-main__IMG_0871_mp4-24_jpg.rf.f9e7803a7755260449de41f00a63c0a0,gemini,no-gloves,True,False
snehilsanyal-main__IMG_0871_mp4-24_jpg.rf.f9e7803a7755260449de41f00a63c0a0,gemini,no-boots,False,False
snehilsanyal-main__IMG_0871_mp4-24_jpg.rf.f9e7803a7755260449de41f00a63c0a0,gemini,no-vest,True,False
snehilsanyal-main__IMG_5024_mp4-2_jpg.rf.f14476eee4096607def4cd1f1883ca5d,yolo,person,True,False
snehilsanyal-main__IMG_5024_mp4-2_jpg.rf.f14476eee4096607def4cd1f1883ca5d,yolo,helmet,False,False
snehilsanyal-main__IMG_5024_mp4-2_jpg.rf.f14476eee4096607def4cd1f1883ca5d,yolo,gloves,False,False
snehilsanyal-main__IMG_5024_mp4-2_jpg.rf.f14476eee4096607def4cd1f1883ca5d,yolo,boots,False,False
snehilsanyal-main__IMG_5024_mp4-2_jpg.rf.f14476eee4096607def4cd1f1883ca5d,yolo,vest,True,False
snehilsanyal-main__IMG_5024_mp4-2_jpg.rf.f14476eee4096607def4cd1f1883ca5d,yolo,no-helmet,True,False
snehilsanyal-main__IMG_5024_mp4-2_jpg.rf.f14476eee4096607def4cd1f1883ca5d,yolo,no-gloves,False,False
snehilsanyal-main__IMG_5024_mp4-2_jpg.rf.f14476eee4096607def4cd1f1883ca5d,yolo,no-boots,False,False
snehilsanyal-main__IMG_5024_mp4-2_jpg.rf.f14476eee4096607def4cd1f1883ca5d,yolo,no-vest,False,False
snehilsanyal-main__IMG_5024_mp4-2_jpg.rf.f14476eee4096607def4cd1f1883ca5d,gemini,person,True,False
snehilsanyal-main__IMG_5024_mp4-2_jpg.rf.f14476eee4096607def4cd1f1883ca5d,gemini,helmet,False,False
snehilsanyal-main__IMG_5024_mp4-2_jpg.rf.f14476eee4096607def4cd1f1883ca5d,gemini,gloves,False,False
snehilsanyal-main__IMG_5024_mp4-2_jpg.rf.f14476eee4096607def4cd1f1883ca5d,gemini,boots,False,False
snehilsanyal-main__IMG_5024_mp4-2_jpg.rf.f14476eee4096607def4cd1f1883ca5d,gemini,vest,True,False
snehilsanyal-main__IMG_5024_mp4-2_jpg.rf.f14476eee4096607def4cd1f1883ca5d,gemini,no-helmet,True,False
snehilsanyal-main__IMG_5024_mp4-2_jpg.rf.f14476eee4096607def4cd1f1883ca5d,gemini,no-gloves,True,False
snehilsanyal-main__IMG_5024_mp4-2_jpg.rf.f14476eee4096607def4cd1f1883ca5d,gemini,no-boots,False,False
snehilsanyal-main__IMG_5024_mp4-2_jpg.rf.f14476eee4096607def4cd1f1883ca5d,gemini,no-vest,True,False
snehilsanyal-main__IMG_5024_mp4-4_jpg.rf.02dc33f0f0ffc6b8eab4a796f01b3e79,yolo,person,True,False
snehilsanyal-main__IMG_5024_mp4-4_jpg.rf.02dc33f0f0ffc6b8eab4a796f01b3e79,yolo,helmet,False,False
snehilsanyal-main__IMG_5024_mp4-4_jpg.rf.02dc33f0f0ffc6b8eab4a796f01b3e79,yolo,gloves,False,False
snehilsanyal-main__IMG_5024_mp4-4_jpg.rf.02dc33f0f0ffc6b8eab4a796f01b3e79,yolo,boots,False,False
snehilsanyal-main__IMG_5024_mp4-4_jpg.rf.02dc33f0f0ffc6b8eab4a796f01b3e79,yolo,vest,False,False
snehilsanyal-main__IMG_5024_mp4-4_jpg.rf.02dc33f0f0ffc6b8eab4a796f01b3e79,yolo,no-helmet,False,False
snehilsanyal-main__IMG_5024_mp4-4_jpg.rf.02dc33f0f0ffc6b8eab4a796f01b3e79,yolo,no-gloves,False,False
snehilsanyal-main__IMG_5024_mp4-4_jpg.rf.02dc33f0f0ffc6b8eab4a796f01b3e79,yolo,no-boots,False,False
snehilsanyal-main__IMG_5024_mp4-4_jpg.rf.02dc33f0f0ffc6b8eab4a796f01b3e79,yolo,no-vest,True,False
snehilsanyal-main__IMG_5024_mp4-4_jpg.rf.02dc33f0f0ffc6b8eab4a796f01b3e79,gemini,person,False,False
snehilsanyal-main__IMG_5024_mp4-4_jpg.rf.02dc33f0f0ffc6b8eab4a796f01b3e79,gemini,helmet,False,False
snehilsanyal-main__IMG_5024_mp4-4_jpg.rf.02dc33f0f0ffc6b8eab4a796f01b3e79,gemini,gloves,False,False
snehilsanyal-main__IMG_5024_mp4-4_jpg.rf.02dc33f0f0ffc6b8eab4a796f01b3e79,gemini,boots,False,False
snehilsanyal-main__IMG_5024_mp4-4_jpg.rf.02dc33f0f0ffc6b8eab4a796f01b3e79,gemini,vest,False,False
snehilsanyal-main__IMG_5024_mp4-4_jpg.rf.02dc33f0f0ffc6b8eab4a796f01b3e79,gemini,no-helmet,False,False
snehilsanyal-main__IMG_5024_mp4-4_jpg.rf.02dc33f0f0ffc6b8eab4a796f01b3e79,gemini,no-gloves,False,False
snehilsanyal-main__IMG_5024_mp4-4_jpg.rf.02dc33f0f0ffc6b8eab4a796f01b3e79,gemini,no-boots,False,False
snehilsanyal-main__IMG_5024_mp4-4_jpg.rf.02dc33f0f0ffc6b8eab4a796f01b3e79,gemini,no-vest,False,False
snehilsanyal-main__IMG_9949-1-_mp4-6_jpg.rf.a680f2403994b4c82fa353a5bd97e81c,yolo,person,True,False
snehilsanyal-main__IMG_9949-1-_mp4-6_jpg.rf.a680f2403994b4c82fa353a5bd97e81c,yolo,helmet,True,False
snehilsanyal-main__IMG_9949-1-_mp4-6_jpg.rf.a680f2403994b4c82fa353a5bd97e81c,yolo,gloves,False,False
snehilsanyal-main__IMG_9949-1-_mp4-6_jpg.rf.a680f2403994b4c82fa353a5bd97e81c,yolo,boots,False,False
snehilsanyal-main__IMG_9949-1-_mp4-6_jpg.rf.a680f2403994b4c82fa353a5bd97e81c,yolo,vest,False,False
snehilsanyal-main__IMG_9949-1-_mp4-6_jpg.rf.a680f2403994b4c82fa353a5bd97e81c,yolo,no-helmet,False,False
snehilsanyal-main__IMG_9949-1-_mp4-6_jpg.rf.a680f2403994b4c82fa353a5bd97e81c,yolo,no-gloves,False,False
snehilsanyal-main__IMG_9949-1-_mp4-6_jpg.rf.a680f2403994b4c82fa353a5bd97e81c,yolo,no-boots,False,False
snehilsanyal-main__IMG_9949-1-_mp4-6_jpg.rf.a680f2403994b4c82fa353a5bd97e81c,yolo,no-vest,True,False
snehilsanyal-main__IMG_9949-1-_mp4-6_jpg.rf.a680f2403994b4c82fa353a5bd97e81c,gemini,person,True,False
snehilsanyal-main__IMG_9949-1-_mp4-6_jpg.rf.a680f2403994b4c82fa353a5bd97e81c,gemini,helmet,False,False
snehilsanyal-main__IMG_9949-1-_mp4-6_jpg.rf.a680f2403994b4c82fa353a5bd97e81c,gemini,gloves,False,False
snehilsanyal-main__IMG_9949-1-_mp4-6_jpg.rf.a680f2403994b4c82fa353a5bd97e81c,gemini,boots,False,False
snehilsanyal-main__IMG_9949-1-_mp4-6_jpg.rf.a680f2403994b4c82fa353a5bd97e81c,gemini,vest,False,False
snehilsanyal-main__IMG_9949-1-_mp4-6_jpg.rf.a680f2403994b4c82fa353a5bd97e81c,gemini,no-helmet,True,False
snehilsanyal-main__IMG_9949-1-_mp4-6_jpg.rf.a680f2403994b4c82fa353a5bd97e81c,gemini,no-gloves,True,False
snehilsanyal-main__IMG_9949-1-_mp4-6_jpg.rf.a680f2403994b4c82fa353a5bd97e81c,gemini,no-boots,True,False
snehilsanyal-main__IMG_9949-1-_mp4-6_jpg.rf.a680f2403994b4c82fa353a5bd97e81c,gemini,no-vest,True,False
snehilsanyal-main__RPReplay_Final1667001201_MP4-79_jpg.rf.0fcc7de22dfa5f7992a47c7ff06b0d16,yolo,person,True,False
snehilsanyal-main__RPReplay_Final1667001201_MP4-79_jpg.rf.0fcc7de22dfa5f7992a47c7ff06b0d16,yolo,helmet,True,False
snehilsanyal-main__RPReplay_Final1667001201_MP4-79_jpg.rf.0fcc7de22dfa5f7992a47c7ff06b0d16,yolo,gloves,False,False
snehilsanyal-main__RPReplay_Final1667001201_MP4-79_jpg.rf.0fcc7de22dfa5f7992a47c7ff06b0d16,yolo,boots,False,False
snehilsanyal-main__RPReplay_Final1667001201_MP4-79_jpg.rf.0fcc7de22dfa5f7992a47c7ff06b0d16,yolo,vest,True,False
snehilsanyal-main__RPReplay_Final1667001201_MP4-79_jpg.rf.0fcc7de22dfa5f7992a47c7ff06b0d16,yolo,no-helmet,False,False
snehilsanyal-main__RPReplay_Final1667001201_MP4-79_jpg.rf.0fcc7de22dfa5f7992a47c7ff06b0d16,yolo,no-gloves,False,False
snehilsanyal-main__RPReplay_Final1667001201_MP4-79_jpg.rf.0fcc7de22dfa5f7992a47c7ff06b0d16,yolo,no-boots,False,False
snehilsanyal-main__RPReplay_Final1667001201_MP4-79_jpg.rf.0fcc7de22dfa5f7992a47c7ff06b0d16,yolo,no-vest,True,False
snehilsanyal-main__RPReplay_Final1667001201_MP4-79_jpg.rf.0fcc7de22dfa5f7992a47c7ff06b0d16,gemini,person,True,False
snehilsanyal-main__RPReplay_Final1667001201_MP4-79_jpg.rf.0fcc7de22dfa5f7992a47c7ff06b0d16,gemini,helmet,True,False
snehilsanyal-main__RPReplay_Final1667001201_MP4-79_jpg.rf.0fcc7de22dfa5f7992a47c7ff06b0d16,gemini,gloves,False,False
snehilsanyal-main__RPReplay_Final1667001201_MP4-79_jpg.rf.0fcc7de22dfa5f7992a47c7ff06b0d16,gemini,boots,False,False
snehilsanyal-main__RPReplay_Final1667001201_MP4-79_jpg.rf.0fcc7de22dfa5f7992a47c7ff06b0d16,gemini,vest,True,False
snehilsanyal-main__RPReplay_Final1667001201_MP4-79_jpg.rf.0fcc7de22dfa5f7992a47c7ff06b0d16,gemini,no-helmet,True,False
snehilsanyal-main__RPReplay_Final1667001201_MP4-79_jpg.rf.0fcc7de22dfa5f7992a47c7ff06b0d16,gemini,no-gloves,True,False
snehilsanyal-main__RPReplay_Final1667001201_MP4-79_jpg.rf.0fcc7de22dfa5f7992a47c7ff06b0d16,gemini,no-boots,True,False
snehilsanyal-main__RPReplay_Final1667001201_MP4-79_jpg.rf.0fcc7de22dfa5f7992a47c7ff06b0d16,gemini,no-vest,True,False
snehilsanyal-main__airport_inside_0363_jpg.rf.0c8e1d8f49a8f7f8fa0fd1be8019db94,yolo,person,True,False
snehilsanyal-main__airport_inside_0363_jpg.rf.0c8e1d8f49a8f7f8fa0fd1be8019db94,yolo,helmet,False,False
snehilsanyal-main__airport_inside_0363_jpg.rf.0c8e1d8f49a8f7f8fa0fd1be8019db94,yolo,gloves,False,False
snehilsanyal-main__airport_inside_0363_jpg.rf.0c8e1d8f49a8f7f8fa0fd1be8019db94,yolo,boots,False,False
snehilsanyal-main__airport_inside_0363_jpg.rf.0c8e1d8f49a8f7f8fa0fd1be8019db94,yolo,vest,False,False
snehilsanyal-main__airport_inside_0363_jpg.rf.0c8e1d8f49a8f7f8fa0fd1be8019db94,yolo,no-helmet,True,False
snehilsanyal-main__airport_inside_0363_jpg.rf.0c8e1d8f49a8f7f8fa0fd1be8019db94,yolo,no-gloves,False,False
snehilsanyal-main__airport_inside_0363_jpg.rf.0c8e1d8f49a8f7f8fa0fd1be8019db94,yolo,no-boots,False,False
snehilsanyal-main__airport_inside_0363_jpg.rf.0c8e1d8f49a8f7f8fa0fd1be8019db94,yolo,no-vest,True,False
snehilsanyal-main__airport_inside_0363_jpg.rf.0c8e1d8f49a8f7f8fa0fd1be8019db94,gemini,person,True,False
snehilsanyal-main__airport_inside_0363_jpg.rf.0c8e1d8f49a8f7f8fa0fd1be8019db94,gemini,helmet,False,False
snehilsanyal-main__airport_inside_0363_jpg.rf.0c8e1d8f49a8f7f8fa0fd1be8019db94,gemini,gloves,False,False
snehilsanyal-main__airport_inside_0363_jpg.rf.0c8e1d8f49a8f7f8fa0fd1be8019db94,gemini,boots,False,False
snehilsanyal-main__airport_inside_0363_jpg.rf.0c8e1d8f49a8f7f8fa0fd1be8019db94,gemini,vest,False,False
snehilsanyal-main__airport_inside_0363_jpg.rf.0c8e1d8f49a8f7f8fa0fd1be8019db94,gemini,no-helmet,True,False
snehilsanyal-main__airport_inside_0363_jpg.rf.0c8e1d8f49a8f7f8fa0fd1be8019db94,gemini,no-gloves,True,False
snehilsanyal-main__airport_inside_0363_jpg.rf.0c8e1d8f49a8f7f8fa0fd1be8019db94,gemini,no-boots,True,False
snehilsanyal-main__airport_inside_0363_jpg.rf.0c8e1d8f49a8f7f8fa0fd1be8019db94,gemini,no-vest,True,False
snehilsanyal-main__autox3_mp4-49_jpg.rf.d7456fd447bd86e27aaa1d689c73f605,yolo,person,True,False
snehilsanyal-main__autox3_mp4-49_jpg.rf.d7456fd447bd86e27aaa1d689c73f605,yolo,helmet,False,False
snehilsanyal-main__autox3_mp4-49_jpg.rf.d7456fd447bd86e27aaa1d689c73f605,yolo,gloves,False,False
snehilsanyal-main__autox3_mp4-49_jpg.rf.d7456fd447bd86e27aaa1d689c73f605,yolo,boots,False,False
snehilsanyal-main__autox3_mp4-49_jpg.rf.d7456fd447bd86e27aaa1d689c73f605,yolo,vest,False,False
snehilsanyal-main__autox3_mp4-49_jpg.rf.d7456fd447bd86e27aaa1d689c73f605,yolo,no-helmet,False,False
snehilsanyal-main__autox3_mp4-49_jpg.rf.d7456fd447bd86e27aaa1d689c73f605,yolo,no-gloves,False,False
snehilsanyal-main__autox3_mp4-49_jpg.rf.d7456fd447bd86e27aaa1d689c73f605,yolo,no-boots,False,False
snehilsanyal-main__autox3_mp4-49_jpg.rf.d7456fd447bd86e27aaa1d689c73f605,yolo,no-vest,False,False
snehilsanyal-main__autox3_mp4-49_jpg.rf.d7456fd447bd86e27aaa1d689c73f605,gemini,person,True,False
snehilsanyal-main__autox3_mp4-49_jpg.rf.d7456fd447bd86e27aaa1d689c73f605,gemini,helmet,True,False
snehilsanyal-main__autox3_mp4-49_jpg.rf.d7456fd447bd86e27aaa1d689c73f605,gemini,gloves,False,False
snehilsanyal-main__autox3_mp4-49_jpg.rf.d7456fd447bd86e27aaa1d689c73f605,gemini,boots,False,False
snehilsanyal-main__autox3_mp4-49_jpg.rf.d7456fd447bd86e27aaa1d689c73f605,gemini,vest,True,False
snehilsanyal-main__autox3_mp4-49_jpg.rf.d7456fd447bd86e27aaa1d689c73f605,gemini,no-helmet,False,False
snehilsanyal-main__autox3_mp4-49_jpg.rf.d7456fd447bd86e27aaa1d689c73f605,gemini,no-gloves,True,False
snehilsanyal-main__autox3_mp4-49_jpg.rf.d7456fd447bd86e27aaa1d689c73f605,gemini,no-boots,True,False
snehilsanyal-main__autox3_mp4-49_jpg.rf.d7456fd447bd86e27aaa1d689c73f605,gemini,no-vest,False,False
snehilsanyal-main__autox6_mp4-157_jpg.rf.5083cfa42053e2766397344e36be6ca8,yolo,person,True,False
snehilsanyal-main__autox6_mp4-157_jpg.rf.5083cfa42053e2766397344e36be6ca8,yolo,helmet,True,False
snehilsanyal-main__autox6_mp4-157_jpg.rf.5083cfa42053e2766397344e36be6ca8,yolo,gloves,False,False
snehilsanyal-main__autox6_mp4-157_jpg.rf.5083cfa42053e2766397344e36be6ca8,yolo,boots,False,False
snehilsanyal-main__autox6_mp4-157_jpg.rf.5083cfa42053e2766397344e36be6ca8,yolo,vest,True,False
snehilsanyal-main__autox6_mp4-157_jpg.rf.5083cfa42053e2766397344e36be6ca8,yolo,no-helmet,False,False
snehilsanyal-main__autox6_mp4-157_jpg.rf.5083cfa42053e2766397344e36be6ca8,yolo,no-gloves,False,False
snehilsanyal-main__autox6_mp4-157_jpg.rf.5083cfa42053e2766397344e36be6ca8,yolo,no-boots,False,False
snehilsanyal-main__autox6_mp4-157_jpg.rf.5083cfa42053e2766397344e36be6ca8,yolo,no-vest,True,False
snehilsanyal-main__autox6_mp4-157_jpg.rf.5083cfa42053e2766397344e36be6ca8,gemini,person,True,False
snehilsanyal-main__autox6_mp4-157_jpg.rf.5083cfa42053e2766397344e36be6ca8,gemini,helmet,True,False
snehilsanyal-main__autox6_mp4-157_jpg.rf.5083cfa42053e2766397344e36be6ca8,gemini,gloves,True,False
snehilsanyal-main__autox6_mp4-157_jpg.rf.5083cfa42053e2766397344e36be6ca8,gemini,boots,True,False
snehilsanyal-main__autox6_mp4-157_jpg.rf.5083cfa42053e2766397344e36be6ca8,gemini,vest,True,False
snehilsanyal-main__autox6_mp4-157_jpg.rf.5083cfa42053e2766397344e36be6ca8,gemini,no-helmet,False,False
snehilsanyal-main__autox6_mp4-157_jpg.rf.5083cfa42053e2766397344e36be6ca8,gemini,no-gloves,False,False
snehilsanyal-main__autox6_mp4-157_jpg.rf.5083cfa42053e2766397344e36be6ca8,gemini,no-boots,False,False
snehilsanyal-main__autox6_mp4-157_jpg.rf.5083cfa42053e2766397344e36be6ca8,gemini,no-vest,True,False
snehilsanyal-main__autox6_mp4-80_jpg.rf.44eee52828ea57aaaac102dfbcc55e45,yolo,person,True,False
snehilsanyal-main__autox6_mp4-80_jpg.rf.44eee52828ea57aaaac102dfbcc55e45,yolo,helmet,False,False
snehilsanyal-main__autox6_mp4-80_jpg.rf.44eee52828ea57aaaac102dfbcc55e45,yolo,gloves,False,False
snehilsanyal-main__autox6_mp4-80_jpg.rf.44eee52828ea57aaaac102dfbcc55e45,yolo,boots,False,False
snehilsanyal-main__autox6_mp4-80_jpg.rf.44eee52828ea57aaaac102dfbcc55e45,yolo,vest,False,False
snehilsanyal-main__autox6_mp4-80_jpg.rf.44eee52828ea57aaaac102dfbcc55e45,yolo,no-helmet,True,False
snehilsanyal-main__autox6_mp4-80_jpg.rf.44eee52828ea57aaaac102dfbcc55e45,yolo,no-gloves,False,False
snehilsanyal-main__autox6_mp4-80_jpg.rf.44eee52828ea57aaaac102dfbcc55e45,yolo,no-boots,False,False
snehilsanyal-main__autox6_mp4-80_jpg.rf.44eee52828ea57aaaac102dfbcc55e45,yolo,no-vest,False,False
snehilsanyal-main__autox6_mp4-80_jpg.rf.44eee52828ea57aaaac102dfbcc55e45,gemini,person,True,False
snehilsanyal-main__autox6_mp4-80_jpg.rf.44eee52828ea57aaaac102dfbcc55e45,gemini,helmet,False,False
snehilsanyal-main__autox6_mp4-80_jpg.rf.44eee52828ea57aaaac102dfbcc55e45,gemini,gloves,False,False
snehilsanyal-main__autox6_mp4-80_jpg.rf.44eee52828ea57aaaac102dfbcc55e45,gemini,boots,False,False
snehilsanyal-main__autox6_mp4-80_jpg.rf.44eee52828ea57aaaac102dfbcc55e45,gemini,vest,False,False
snehilsanyal-main__autox6_mp4-80_jpg.rf.44eee52828ea57aaaac102dfbcc55e45,gemini,no-helmet,True,False
snehilsanyal-main__autox6_mp4-80_jpg.rf.44eee52828ea57aaaac102dfbcc55e45,gemini,no-gloves,False,False
snehilsanyal-main__autox6_mp4-80_jpg.rf.44eee52828ea57aaaac102dfbcc55e45,gemini,no-boots,False,False
snehilsanyal-main__autox6_mp4-80_jpg.rf.44eee52828ea57aaaac102dfbcc55e45,gemini,no-vest,False,False
snehilsanyal-main__class1_075_jpg.rf.a03d62c65431fdb47562593e28991d07,yolo,person,True,False
snehilsanyal-main__class1_075_jpg.rf.a03d62c65431fdb47562593e28991d07,yolo,helmet,False,False
snehilsanyal-main__class1_075_jpg.rf.a03d62c65431fdb47562593e28991d07,yolo,gloves,False,False
snehilsanyal-main__class1_075_jpg.rf.a03d62c65431fdb47562593e28991d07,yolo,boots,False,False
snehilsanyal-main__class1_075_jpg.rf.a03d62c65431fdb47562593e28991d07,yolo,vest,True,False
snehilsanyal-main__class1_075_jpg.rf.a03d62c65431fdb47562593e28991d07,yolo,no-helmet,False,False
snehilsanyal-main__class1_075_jpg.rf.a03d62c65431fdb47562593e28991d07,yolo,no-gloves,False,False
snehilsanyal-main__class1_075_jpg.rf.a03d62c65431fdb47562593e28991d07,yolo,no-boots,False,False
snehilsanyal-main__class1_075_jpg.rf.a03d62c65431fdb47562593e28991d07,yolo,no-vest,True,False
snehilsanyal-main__class1_075_jpg.rf.a03d62c65431fdb47562593e28991d07,gemini,person,True,False
snehilsanyal-main__class1_075_jpg.rf.a03d62c65431fdb47562593e28991d07,gemini,helmet,False,False
snehilsanyal-main__class1_075_jpg.rf.a03d62c65431fdb47562593e28991d07,gemini,gloves,False,False
snehilsanyal-main__class1_075_jpg.rf.a03d62c65431fdb47562593e28991d07,gemini,boots,False,False
snehilsanyal-main__class1_075_jpg.rf.a03d62c65431fdb47562593e28991d07,gemini,vest,False,False
snehilsanyal-main__class1_075_jpg.rf.a03d62c65431fdb47562593e28991d07,gemini,no-helmet,True,False
snehilsanyal-main__class1_075_jpg.rf.a03d62c65431fdb47562593e28991d07,gemini,no-gloves,False,False
snehilsanyal-main__class1_075_jpg.rf.a03d62c65431fdb47562593e28991d07,gemini,no-boots,True,False
snehilsanyal-main__class1_075_jpg.rf.a03d62c65431fdb47562593e28991d07,gemini,no-vest,True,False
snehilsanyal-main__construction-1050-_jpg.rf.02208e58055900f0e9f2e8ded960c690,yolo,person,True,False
snehilsanyal-main__construction-1050-_jpg.rf.02208e58055900f0e9f2e8ded960c690,yolo,helmet,False,False
snehilsanyal-main__construction-1050-_jpg.rf.02208e58055900f0e9f2e8ded960c690,yolo,gloves,False,False
snehilsanyal-main__construction-1050-_jpg.rf.02208e58055900f0e9f2e8ded960c690,yolo,boots,False,False
snehilsanyal-main__construction-1050-_jpg.rf.02208e58055900f0e9f2e8ded960c690,yolo,vest,True,False
snehilsanyal-main__construction-1050-_jpg.rf.02208e58055900f0e9f2e8ded960c690,yolo,no-helmet,False,False
snehilsanyal-main__construction-1050-_jpg.rf.02208e58055900f0e9f2e8ded960c690,yolo,no-gloves,False,False
snehilsanyal-main__construction-1050-_jpg.rf.02208e58055900f0e9f2e8ded960c690,yolo,no-boots,False,False
snehilsanyal-main__construction-1050-_jpg.rf.02208e58055900f0e9f2e8ded960c690,yolo,no-vest,False,False
snehilsanyal-main__construction-1050-_jpg.rf.02208e58055900f0e9f2e8ded960c690,gemini,person,True,False
snehilsanyal-main__construction-1050-_jpg.rf.02208e58055900f0e9f2e8ded960c690,gemini,helmet,False,False
snehilsanyal-main__construction-1050-_jpg.rf.02208e58055900f0e9f2e8ded960c690,gemini,gloves,False,False
snehilsanyal-main__construction-1050-_jpg.rf.02208e58055900f0e9f2e8ded960c690,gemini,boots,False,False
snehilsanyal-main__construction-1050-_jpg.rf.02208e58055900f0e9f2e8ded960c690,gemini,vest,False,False
snehilsanyal-main__construction-1050-_jpg.rf.02208e58055900f0e9f2e8ded960c690,gemini,no-helmet,True,False
snehilsanyal-main__construction-1050-_jpg.rf.02208e58055900f0e9f2e8ded960c690,gemini,no-gloves,True,False
snehilsanyal-main__construction-1050-_jpg.rf.02208e58055900f0e9f2e8ded960c690,gemini,no-boots,False,False
snehilsanyal-main__construction-1050-_jpg.rf.02208e58055900f0e9f2e8ded960c690,gemini,no-vest,True,False
snehilsanyal-main__construction-253-_jpg.rf.c67e3fcf3be1e96d7fec63a327b585f7,yolo,person,True,False
snehilsanyal-main__construction-253-_jpg.rf.c67e3fcf3be1e96d7fec63a327b585f7,yolo,helmet,False,False
snehilsanyal-main__construction-253-_jpg.rf.c67e3fcf3be1e96d7fec63a327b585f7,yolo,gloves,False,False
snehilsanyal-main__construction-253-_jpg.rf.c67e3fcf3be1e96d7fec63a327b585f7,yolo,boots,False,False
snehilsanyal-main__construction-253-_jpg.rf.c67e3fcf3be1e96d7fec63a327b585f7,yolo,vest,False,False
snehilsanyal-main__construction-253-_jpg.rf.c67e3fcf3be1e96d7fec63a327b585f7,yolo,no-helmet,False,False
snehilsanyal-main__construction-253-_jpg.rf.c67e3fcf3be1e96d7fec63a327b585f7,yolo,no-gloves,False,False
snehilsanyal-main__construction-253-_jpg.rf.c67e3fcf3be1e96d7fec63a327b585f7,yolo,no-boots,False,False
snehilsanyal-main__construction-253-_jpg.rf.c67e3fcf3be1e96d7fec63a327b585f7,yolo,no-vest,True,False
snehilsanyal-main__construction-253-_jpg.rf.c67e3fcf3be1e96d7fec63a327b585f7,gemini,person,True,False
snehilsanyal-main__construction-253-_jpg.rf.c67e3fcf3be1e96d7fec63a327b585f7,gemini,helmet,False,False
snehilsanyal-main__construction-253-_jpg.rf.c67e3fcf3be1e96d7fec63a327b585f7,gemini,gloves,False,False
snehilsanyal-main__construction-253-_jpg.rf.c67e3fcf3be1e96d7fec63a327b585f7,gemini,boots,False,False
snehilsanyal-main__construction-253-_jpg.rf.c67e3fcf3be1e96d7fec63a327b585f7,gemini,vest,False,False
snehilsanyal-main__construction-253-_jpg.rf.c67e3fcf3be1e96d7fec63a327b585f7,gemini,no-helmet,True,False
snehilsanyal-main__construction-253-_jpg.rf.c67e3fcf3be1e96d7fec63a327b585f7,gemini,no-gloves,False,False
snehilsanyal-main__construction-253-_jpg.rf.c67e3fcf3be1e96d7fec63a327b585f7,gemini,no-boots,False,False
snehilsanyal-main__construction-253-_jpg.rf.c67e3fcf3be1e96d7fec63a327b585f7,gemini,no-vest,True,False
snehilsanyal-main__construction-369-_jpg.rf.23dd790f943919d62800543641ea8474,yolo,person,True,False
snehilsanyal-main__construction-369-_jpg.rf.23dd790f943919d62800543641ea8474,yolo,helmet,True,False
snehilsanyal-main__construction-369-_jpg.rf.23dd790f943919d62800543641ea8474,yolo,gloves,False,False
snehilsanyal-main__construction-369-_jpg.rf.23dd790f943919d62800543641ea8474,yolo,boots,False,False
snehilsanyal-main__construction-369-_jpg.rf.23dd790f943919d62800543641ea8474,yolo,vest,True,False
snehilsanyal-main__construction-369-_jpg.rf.23dd790f943919d62800543641ea8474,yolo,no-helmet,True,False
snehilsanyal-main__construction-369-_jpg.rf.23dd790f943919d62800543641ea8474,yolo,no-gloves,False,False
snehilsanyal-main__construction-369-_jpg.rf.23dd790f943919d62800543641ea8474,yolo,no-boots,False,False
snehilsanyal-main__construction-369-_jpg.rf.23dd790f943919d62800543641ea8474,yolo,no-vest,True,False
snehilsanyal-main__construction-369-_jpg.rf.23dd790f943919d62800543641ea8474,gemini,person,True,False
snehilsanyal-main__construction-369-_jpg.rf.23dd790f943919d62800543641ea8474,gemini,helmet,True,False
snehilsanyal-main__construction-369-_jpg.rf.23dd790f943919d62800543641ea8474,gemini,gloves,False,False
snehilsanyal-main__construction-369-_jpg.rf.23dd790f943919d62800543641ea8474,gemini,boots,True,False
snehilsanyal-main__construction-369-_jpg.rf.23dd790f943919d62800543641ea8474,gemini,vest,True,False
snehilsanyal-main__construction-369-_jpg.rf.23dd790f943919d62800543641ea8474,gemini,no-helmet,True,False
snehilsanyal-main__construction-369-_jpg.rf.23dd790f943919d62800543641ea8474,gemini,no-gloves,True,False
snehilsanyal-main__construction-369-_jpg.rf.23dd790f943919d62800543641ea8474,gemini,no-boots,False,False
snehilsanyal-main__construction-369-_jpg.rf.23dd790f943919d62800543641ea8474,gemini,no-vest,True,False
snehilsanyal-main__construction-708-_jpg.rf.8412869d37074b8796769c0d431af32e,yolo,person,True,False
snehilsanyal-main__construction-708-_jpg.rf.8412869d37074b8796769c0d431af32e,yolo,helmet,True,False
snehilsanyal-main__construction-708-_jpg.rf.8412869d37074b8796769c0d431af32e,yolo,gloves,False,False
snehilsanyal-main__construction-708-_jpg.rf.8412869d37074b8796769c0d431af32e,yolo,boots,False,False
snehilsanyal-main__construction-708-_jpg.rf.8412869d37074b8796769c0d431af32e,yolo,vest,True,False
snehilsanyal-main__construction-708-_jpg.rf.8412869d37074b8796769c0d431af32e,yolo,no-helmet,False,False
snehilsanyal-main__construction-708-_jpg.rf.8412869d37074b8796769c0d431af32e,yolo,no-gloves,False,False
snehilsanyal-main__construction-708-_jpg.rf.8412869d37074b8796769c0d431af32e,yolo,no-boots,False,False
snehilsanyal-main__construction-708-_jpg.rf.8412869d37074b8796769c0d431af32e,yolo,no-vest,True,False
snehilsanyal-main__construction-708-_jpg.rf.8412869d37074b8796769c0d431af32e,gemini,person,True,False
snehilsanyal-main__construction-708-_jpg.rf.8412869d37074b8796769c0d431af32e,gemini,helmet,False,False
snehilsanyal-main__construction-708-_jpg.rf.8412869d37074b8796769c0d431af32e,gemini,gloves,False,False
snehilsanyal-main__construction-708-_jpg.rf.8412869d37074b8796769c0d431af32e,gemini,boots,False,False
snehilsanyal-main__construction-708-_jpg.rf.8412869d37074b8796769c0d431af32e,gemini,vest,True,False
snehilsanyal-main__construction-708-_jpg.rf.8412869d37074b8796769c0d431af32e,gemini,no-helmet,True,False
snehilsanyal-main__construction-708-_jpg.rf.8412869d37074b8796769c0d431af32e,gemini,no-gloves,True,False
snehilsanyal-main__construction-708-_jpg.rf.8412869d37074b8796769c0d431af32e,gemini,no-boots,True,False
snehilsanyal-main__construction-708-_jpg.rf.8412869d37074b8796769c0d431af32e,gemini,no-vest,True,False
snehilsanyal-main__image_55_jpg.rf.687fe5037e332ac02eb6cc93310845be,yolo,person,True,False
snehilsanyal-main__image_55_jpg.rf.687fe5037e332ac02eb6cc93310845be,yolo,helmet,True,False
snehilsanyal-main__image_55_jpg.rf.687fe5037e332ac02eb6cc93310845be,yolo,gloves,False,False
snehilsanyal-main__image_55_jpg.rf.687fe5037e332ac02eb6cc93310845be,yolo,boots,False,False
snehilsanyal-main__image_55_jpg.rf.687fe5037e332ac02eb6cc93310845be,yolo,vest,True,False
snehilsanyal-main__image_55_jpg.rf.687fe5037e332ac02eb6cc93310845be,yolo,no-helmet,False,False
snehilsanyal-main__image_55_jpg.rf.687fe5037e332ac02eb6cc93310845be,yolo,no-gloves,False,False
snehilsanyal-main__image_55_jpg.rf.687fe5037e332ac02eb6cc93310845be,yolo,no-boots,False,False
snehilsanyal-main__image_55_jpg.rf.687fe5037e332ac02eb6cc93310845be,yolo,no-vest,False,False
snehilsanyal-main__image_55_jpg.rf.687fe5037e332ac02eb6cc93310845be,gemini,person,True,False
snehilsanyal-main__image_55_jpg.rf.687fe5037e332ac02eb6cc93310845be,gemini,helmet,True,False
snehilsanyal-main__image_55_jpg.rf.687fe5037e332ac02eb6cc93310845be,gemini,gloves,False,False
snehilsanyal-main__image_55_jpg.rf.687fe5037e332ac02eb6cc93310845be,gemini,boots,False,False
snehilsanyal-main__image_55_jpg.rf.687fe5037e332ac02eb6cc93310845be,gemini,vest,True,False
snehilsanyal-main__image_55_jpg.rf.687fe5037e332ac02eb6cc93310845be,gemini,no-helmet,False,False
snehilsanyal-main__image_55_jpg.rf.687fe5037e332ac02eb6cc93310845be,gemini,no-gloves,False,False
snehilsanyal-main__image_55_jpg.rf.687fe5037e332ac02eb6cc93310845be,gemini,no-boots,False,False
snehilsanyal-main__image_55_jpg.rf.687fe5037e332ac02eb6cc93310845be,gemini,no-vest,False,False
snehilsanyal-main__image_560_jpg.rf.cec604e4e8173d635fc4c4170df9d739,yolo,person,True,False
snehilsanyal-main__image_560_jpg.rf.cec604e4e8173d635fc4c4170df9d739,yolo,helmet,False,False
snehilsanyal-main__image_560_jpg.rf.cec604e4e8173d635fc4c4170df9d739,yolo,gloves,False,False
snehilsanyal-main__image_560_jpg.rf.cec604e4e8173d635fc4c4170df9d739,yolo,boots,False,False
snehilsanyal-main__image_560_jpg.rf.cec604e4e8173d635fc4c4170df9d739,yolo,vest,False,False
snehilsanyal-main__image_560_jpg.rf.cec604e4e8173d635fc4c4170df9d739,yolo,no-helmet,False,False
snehilsanyal-main__image_560_jpg.rf.cec604e4e8173d635fc4c4170df9d739,yolo,no-gloves,False,False
snehilsanyal-main__image_560_jpg.rf.cec604e4e8173d635fc4c4170df9d739,yolo,no-boots,False,False
snehilsanyal-main__image_560_jpg.rf.cec604e4e8173d635fc4c4170df9d739,yolo,no-vest,True,False
snehilsanyal-main__image_560_jpg.rf.cec604e4e8173d635fc4c4170df9d739,gemini,person,True,False
snehilsanyal-main__image_560_jpg.rf.cec604e4e8173d635fc4c4170df9d739,gemini,helmet,True,False
snehilsanyal-main__image_560_jpg.rf.cec604e4e8173d635fc4c4170df9d739,gemini,gloves,False,False
snehilsanyal-main__image_560_jpg.rf.cec604e4e8173d635fc4c4170df9d739,gemini,boots,False,False
snehilsanyal-main__image_560_jpg.rf.cec604e4e8173d635fc4c4170df9d739,gemini,vest,False,False
snehilsanyal-main__image_560_jpg.rf.cec604e4e8173d635fc4c4170df9d739,gemini,no-helmet,True,False
snehilsanyal-main__image_560_jpg.rf.cec604e4e8173d635fc4c4170df9d739,gemini,no-gloves,True,False
snehilsanyal-main__image_560_jpg.rf.cec604e4e8173d635fc4c4170df9d739,gemini,no-boots,False,False
snehilsanyal-main__image_560_jpg.rf.cec604e4e8173d635fc4c4170df9d739,gemini,no-vest,True,False
snehilsanyal-main__maksssksksss710_png_jpg.rf.faeb1cc9ddc4e6c506648fc7324f54d0,yolo,person,True,False
snehilsanyal-main__maksssksksss710_png_jpg.rf.faeb1cc9ddc4e6c506648fc7324f54d0,yolo,helmet,False,False
snehilsanyal-main__maksssksksss710_png_jpg.rf.faeb1cc9ddc4e6c506648fc7324f54d0,yolo,gloves,False,False
snehilsanyal-main__maksssksksss710_png_jpg.rf.faeb1cc9ddc4e6c506648fc7324f54d0,yolo,boots,False,False
snehilsanyal-main__maksssksksss710_png_jpg.rf.faeb1cc9ddc4e6c506648fc7324f54d0,yolo,vest,False,False
snehilsanyal-main__maksssksksss710_png_jpg.rf.faeb1cc9ddc4e6c506648fc7324f54d0,yolo,no-helmet,True,False
snehilsanyal-main__maksssksksss710_png_jpg.rf.faeb1cc9ddc4e6c506648fc7324f54d0,yolo,no-gloves,False,False
snehilsanyal-main__maksssksksss710_png_jpg.rf.faeb1cc9ddc4e6c506648fc7324f54d0,yolo,no-boots,False,False
snehilsanyal-main__maksssksksss710_png_jpg.rf.faeb1cc9ddc4e6c506648fc7324f54d0,yolo,no-vest,True,False
snehilsanyal-main__maksssksksss710_png_jpg.rf.faeb1cc9ddc4e6c506648fc7324f54d0,gemini,person,True,False
snehilsanyal-main__maksssksksss710_png_jpg.rf.faeb1cc9ddc4e6c506648fc7324f54d0,gemini,helmet,False,False
snehilsanyal-main__maksssksksss710_png_jpg.rf.faeb1cc9ddc4e6c506648fc7324f54d0,gemini,gloves,False,False
snehilsanyal-main__maksssksksss710_png_jpg.rf.faeb1cc9ddc4e6c506648fc7324f54d0,gemini,boots,False,False
snehilsanyal-main__maksssksksss710_png_jpg.rf.faeb1cc9ddc4e6c506648fc7324f54d0,gemini,vest,False,False
snehilsanyal-main__maksssksksss710_png_jpg.rf.faeb1cc9ddc4e6c506648fc7324f54d0,gemini,no-helmet,True,False
snehilsanyal-main__maksssksksss710_png_jpg.rf.faeb1cc9ddc4e6c506648fc7324f54d0,gemini,no-gloves,True,False
snehilsanyal-main__maksssksksss710_png_jpg.rf.faeb1cc9ddc4e6c506648fc7324f54d0,gemini,no-boots,False,False
snehilsanyal-main__maksssksksss710_png_jpg.rf.faeb1cc9ddc4e6c506648fc7324f54d0,gemini,no-vest,True,False
snehilsanyal-main__mask-wearing-1632933572733_png_jpg.rf.ade0dc53cbb1070b9623428cd6d4ce74,yolo,person,True,False
snehilsanyal-main__mask-wearing-1632933572733_png_jpg.rf.ade0dc53cbb1070b9623428cd6d4ce74,yolo,helmet,False,False
snehilsanyal-main__mask-wearing-1632933572733_png_jpg.rf.ade0dc53cbb1070b9623428cd6d4ce74,yolo,gloves,False,False
snehilsanyal-main__mask-wearing-1632933572733_png_jpg.rf.ade0dc53cbb1070b9623428cd6d4ce74,yolo,boots,False,False
snehilsanyal-main__mask-wearing-1632933572733_png_jpg.rf.ade0dc53cbb1070b9623428cd6d4ce74,yolo,vest,False,False
snehilsanyal-main__mask-wearing-1632933572733_png_jpg.rf.ade0dc53cbb1070b9623428cd6d4ce74,yolo,no-helmet,True,False
snehilsanyal-main__mask-wearing-1632933572733_png_jpg.rf.ade0dc53cbb1070b9623428cd6d4ce74,yolo,no-gloves,False,False
snehilsanyal-main__mask-wearing-1632933572733_png_jpg.rf.ade0dc53cbb1070b9623428cd6d4ce74,yolo,no-boots,False,False
snehilsanyal-main__mask-wearing-1632933572733_png_jpg.rf.ade0dc53cbb1070b9623428cd6d4ce74,yolo,no-vest,True,False
snehilsanyal-main__mask-wearing-1632933572733_png_jpg.rf.ade0dc53cbb1070b9623428cd6d4ce74,gemini,person,True,False
snehilsanyal-main__mask-wearing-1632933572733_png_jpg.rf.ade0dc53cbb1070b9623428cd6d4ce74,gemini,helmet,False,False
snehilsanyal-main__mask-wearing-1632933572733_png_jpg.rf.ade0dc53cbb1070b9623428cd6d4ce74,gemini,gloves,True,False
snehilsanyal-main__mask-wearing-1632933572733_png_jpg.rf.ade0dc53cbb1070b9623428cd6d4ce74,gemini,boots,False,False
snehilsanyal-main__mask-wearing-1632933572733_png_jpg.rf.ade0dc53cbb1070b9623428cd6d4ce74,gemini,vest,False,False
snehilsanyal-main__mask-wearing-1632933572733_png_jpg.rf.ade0dc53cbb1070b9623428cd6d4ce74,gemini,no-helmet,True,False
snehilsanyal-main__mask-wearing-1632933572733_png_jpg.rf.ade0dc53cbb1070b9623428cd6d4ce74,gemini,no-gloves,True,False
snehilsanyal-main__mask-wearing-1632933572733_png_jpg.rf.ade0dc53cbb1070b9623428cd6d4ce74,gemini,no-boots,True,False
snehilsanyal-main__mask-wearing-1632933572733_png_jpg.rf.ade0dc53cbb1070b9623428cd6d4ce74,gemini,no-vest,True,False
snehilsanyal-main__video_CDC-YOUTUBE_mp4-50_jpg.rf.4912d4cb665e1ab8243c28d9c3039ae8,yolo,person,True,False
snehilsanyal-main__video_CDC-YOUTUBE_mp4-50_jpg.rf.4912d4cb665e1ab8243c28d9c3039ae8,yolo,helmet,False,False
snehilsanyal-main__video_CDC-YOUTUBE_mp4-50_jpg.rf.4912d4cb665e1ab8243c28d9c3039ae8,yolo,gloves,False,False
snehilsanyal-main__video_CDC-YOUTUBE_mp4-50_jpg.rf.4912d4cb665e1ab8243c28d9c3039ae8,yolo,boots,False,False
snehilsanyal-main__video_CDC-YOUTUBE_mp4-50_jpg.rf.4912d4cb665e1ab8243c28d9c3039ae8,yolo,vest,False,False
snehilsanyal-main__video_CDC-YOUTUBE_mp4-50_jpg.rf.4912d4cb665e1ab8243c28d9c3039ae8,yolo,no-helmet,True,False
snehilsanyal-main__video_CDC-YOUTUBE_mp4-50_jpg.rf.4912d4cb665e1ab8243c28d9c3039ae8,yolo,no-gloves,False,False
snehilsanyal-main__video_CDC-YOUTUBE_mp4-50_jpg.rf.4912d4cb665e1ab8243c28d9c3039ae8,yolo,no-boots,False,False
snehilsanyal-main__video_CDC-YOUTUBE_mp4-50_jpg.rf.4912d4cb665e1ab8243c28d9c3039ae8,yolo,no-vest,True,False
snehilsanyal-main__video_CDC-YOUTUBE_mp4-50_jpg.rf.4912d4cb665e1ab8243c28d9c3039ae8,gemini,person,True,False
snehilsanyal-main__video_CDC-YOUTUBE_mp4-50_jpg.rf.4912d4cb665e1ab8243c28d9c3039ae8,gemini,helmet,False,False
snehilsanyal-main__video_CDC-YOUTUBE_mp4-50_jpg.rf.4912d4cb665e1ab8243c28d9c3039ae8,gemini,gloves,False,False
snehilsanyal-main__video_CDC-YOUTUBE_mp4-50_jpg.rf.4912d4cb665e1ab8243c28d9c3039ae8,gemini,boots,False,False
snehilsanyal-main__video_CDC-YOUTUBE_mp4-50_jpg.rf.4912d4cb665e1ab8243c28d9c3039ae8,gemini,vest,False,False
snehilsanyal-main__video_CDC-YOUTUBE_mp4-50_jpg.rf.4912d4cb665e1ab8243c28d9c3039ae8,gemini,no-helmet,True,False
snehilsanyal-main__video_CDC-YOUTUBE_mp4-50_jpg.rf.4912d4cb665e1ab8243c28d9c3039ae8,gemini,no-gloves,True,False
snehilsanyal-main__video_CDC-YOUTUBE_mp4-50_jpg.rf.4912d4cb665e1ab8243c28d9c3039ae8,gemini,no-boots,False,False
snehilsanyal-main__video_CDC-YOUTUBE_mp4-50_jpg.rf.4912d4cb665e1ab8243c28d9c3039ae8,gemini,no-vest,True,False
snehilsanyal-main__youtube-118_jpg.rf.9dc8b46dfbac73d9e4f983964355d7ac,yolo,person,True,False
snehilsanyal-main__youtube-118_jpg.rf.9dc8b46dfbac73d9e4f983964355d7ac,yolo,helmet,True,False
snehilsanyal-main__youtube-118_jpg.rf.9dc8b46dfbac73d9e4f983964355d7ac,yolo,gloves,False,False
snehilsanyal-main__youtube-118_jpg.rf.9dc8b46dfbac73d9e4f983964355d7ac,yolo,boots,False,False
snehilsanyal-main__youtube-118_jpg.rf.9dc8b46dfbac73d9e4f983964355d7ac,yolo,vest,False,False
snehilsanyal-main__youtube-118_jpg.rf.9dc8b46dfbac73d9e4f983964355d7ac,yolo,no-helmet,False,False
snehilsanyal-main__youtube-118_jpg.rf.9dc8b46dfbac73d9e4f983964355d7ac,yolo,no-gloves,False,False
snehilsanyal-main__youtube-118_jpg.rf.9dc8b46dfbac73d9e4f983964355d7ac,yolo,no-boots,False,False
snehilsanyal-main__youtube-118_jpg.rf.9dc8b46dfbac73d9e4f983964355d7ac,yolo,no-vest,True,False
snehilsanyal-main__youtube-118_jpg.rf.9dc8b46dfbac73d9e4f983964355d7ac,gemini,person,True,False
snehilsanyal-main__youtube-118_jpg.rf.9dc8b46dfbac73d9e4f983964355d7ac,gemini,helmet,True,False
snehilsanyal-main__youtube-118_jpg.rf.9dc8b46dfbac73d9e4f983964355d7ac,gemini,gloves,False,False
snehilsanyal-main__youtube-118_jpg.rf.9dc8b46dfbac73d9e4f983964355d7ac,gemini,boots,True,False
snehilsanyal-main__youtube-118_jpg.rf.9dc8b46dfbac73d9e4f983964355d7ac,gemini,vest,False,False
snehilsanyal-main__youtube-118_jpg.rf.9dc8b46dfbac73d9e4f983964355d7ac,gemini,no-helmet,False,False
snehilsanyal-main__youtube-118_jpg.rf.9dc8b46dfbac73d9e4f983964355d7ac,gemini,no-gloves,True,False
snehilsanyal-main__youtube-118_jpg.rf.9dc8b46dfbac73d9e4f983964355d7ac,gemini,no-boots,False,False
snehilsanyal-main__youtube-118_jpg.rf.9dc8b46dfbac73d9e4f983964355d7ac,gemini,no-vest,True,False
snehilsanyal-main__youtube-480_jpg.rf.faf443d4d10cc97074f6a80225f0ac29,yolo,person,True,False
snehilsanyal-main__youtube-480_jpg.rf.faf443d4d10cc97074f6a80225f0ac29,yolo,helmet,True,False
snehilsanyal-main__youtube-480_jpg.rf.faf443d4d10cc97074f6a80225f0ac29,yolo,gloves,False,False
snehilsanyal-main__youtube-480_jpg.rf.faf443d4d10cc97074f6a80225f0ac29,yolo,boots,False,False
snehilsanyal-main__youtube-480_jpg.rf.faf443d4d10cc97074f6a80225f0ac29,yolo,vest,True,False
snehilsanyal-main__youtube-480_jpg.rf.faf443d4d10cc97074f6a80225f0ac29,yolo,no-helmet,False,False
snehilsanyal-main__youtube-480_jpg.rf.faf443d4d10cc97074f6a80225f0ac29,yolo,no-gloves,False,False
snehilsanyal-main__youtube-480_jpg.rf.faf443d4d10cc97074f6a80225f0ac29,yolo,no-boots,False,False
snehilsanyal-main__youtube-480_jpg.rf.faf443d4d10cc97074f6a80225f0ac29,yolo,no-vest,False,False
snehilsanyal-main__youtube-480_jpg.rf.faf443d4d10cc97074f6a80225f0ac29,gemini,person,True,False
snehilsanyal-main__youtube-480_jpg.rf.faf443d4d10cc97074f6a80225f0ac29,gemini,helmet,True,False
snehilsanyal-main__youtube-480_jpg.rf.faf443d4d10cc97074f6a80225f0ac29,gemini,gloves,False,False
snehilsanyal-main__youtube-480_jpg.rf.faf443d4d10cc97074f6a80225f0ac29,gemini,boots,False,False
snehilsanyal-main__youtube-480_jpg.rf.faf443d4d10cc97074f6a80225f0ac29,gemini,vest,True,False
snehilsanyal-main__youtube-480_jpg.rf.faf443d4d10cc97074f6a80225f0ac29,gemini,no-helmet,False,False
snehilsanyal-main__youtube-480_jpg.rf.faf443d4d10cc97074f6a80225f0ac29,gemini,no-gloves,False,False
snehilsanyal-main__youtube-480_jpg.rf.faf443d4d10cc97074f6a80225f0ac29,gemini,no-boots,False,False
snehilsanyal-main__youtube-480_jpg.rf.faf443d4d10cc97074f6a80225f0ac29,gemini,no-vest,False,False
snehilsanyal-main__youtube-502_jpg.rf.a17be40a7edd6cd947c24e8902b3abea,yolo,person,True,False
snehilsanyal-main__youtube-502_jpg.rf.a17be40a7edd6cd947c24e8902b3abea,yolo,helmet,False,False
snehilsanyal-main__youtube-502_jpg.rf.a17be40a7edd6cd947c24e8902b3abea,yolo,gloves,False,False
snehilsanyal-main__youtube-502_jpg.rf.a17be40a7edd6cd947c24e8902b3abea,yolo,boots,False,False
snehilsanyal-main__youtube-502_jpg.rf.a17be40a7edd6cd947c24e8902b3abea,yolo,vest,True,False
snehilsanyal-main__youtube-502_jpg.rf.a17be40a7edd6cd947c24e8902b3abea,yolo,no-helmet,True,False
snehilsanyal-main__youtube-502_jpg.rf.a17be40a7edd6cd947c24e8902b3abea,yolo,no-gloves,False,False
snehilsanyal-main__youtube-502_jpg.rf.a17be40a7edd6cd947c24e8902b3abea,yolo,no-boots,False,False
snehilsanyal-main__youtube-502_jpg.rf.a17be40a7edd6cd947c24e8902b3abea,yolo,no-vest,True,False
snehilsanyal-main__youtube-502_jpg.rf.a17be40a7edd6cd947c24e8902b3abea,gemini,person,True,False
snehilsanyal-main__youtube-502_jpg.rf.a17be40a7edd6cd947c24e8902b3abea,gemini,helmet,False,False
snehilsanyal-main__youtube-502_jpg.rf.a17be40a7edd6cd947c24e8902b3abea,gemini,gloves,True,False
snehilsanyal-main__youtube-502_jpg.rf.a17be40a7edd6cd947c24e8902b3abea,gemini,boots,False,False
snehilsanyal-main__youtube-502_jpg.rf.a17be40a7edd6cd947c24e8902b3abea,gemini,vest,True,False
snehilsanyal-main__youtube-502_jpg.rf.a17be40a7edd6cd947c24e8902b3abea,gemini,no-helmet,True,False
snehilsanyal-main__youtube-502_jpg.rf.a17be40a7edd6cd947c24e8902b3abea,gemini,no-gloves,True,False
snehilsanyal-main__youtube-502_jpg.rf.a17be40a7edd6cd947c24e8902b3abea,gemini,no-boots,False,False
snehilsanyal-main__youtube-502_jpg.rf.a17be40a7edd6cd947c24e8902b3abea,gemini,no-vest,False,False
snehilsanyal-main__youtube-568_jpg.rf.49f1d5b90378ee7a8dbd85b799bfa32d,yolo,person,True,False
snehilsanyal-main__youtube-568_jpg.rf.49f1d5b90378ee7a8dbd85b799bfa32d,yolo,helmet,False,False
snehilsanyal-main__youtube-568_jpg.rf.49f1d5b90378ee7a8dbd85b799bfa32d,yolo,gloves,False,False
snehilsanyal-main__youtube-568_jpg.rf.49f1d5b90378ee7a8dbd85b799bfa32d,yolo,boots,False,False
snehilsanyal-main__youtube-568_jpg.rf.49f1d5b90378ee7a8dbd85b799bfa32d,yolo,vest,True,False
snehilsanyal-main__youtube-568_jpg.rf.49f1d5b90378ee7a8dbd85b799bfa32d,yolo,no-helmet,False,False
snehilsanyal-main__youtube-568_jpg.rf.49f1d5b90378ee7a8dbd85b799bfa32d,yolo,no-gloves,False,False
snehilsanyal-main__youtube-568_jpg.rf.49f1d5b90378ee7a8dbd85b799bfa32d,yolo,no-boots,False,False
snehilsanyal-main__youtube-568_jpg.rf.49f1d5b90378ee7a8dbd85b799bfa32d,yolo,no-vest,True,False
snehilsanyal-main__youtube-568_jpg.rf.49f1d5b90378ee7a8dbd85b799bfa32d,gemini,person,True,False
snehilsanyal-main__youtube-568_jpg.rf.49f1d5b90378ee7a8dbd85b799bfa32d,gemini,helmet,False,False
snehilsanyal-main__youtube-568_jpg.rf.49f1d5b90378ee7a8dbd85b799bfa32d,gemini,gloves,False,False
snehilsanyal-main__youtube-568_jpg.rf.49f1d5b90378ee7a8dbd85b799bfa32d,gemini,boots,True,False
snehilsanyal-main__youtube-568_jpg.rf.49f1d5b90378ee7a8dbd85b799bfa32d,gemini,vest,True,False
snehilsanyal-main__youtube-568_jpg.rf.49f1d5b90378ee7a8dbd85b799bfa32d,gemini,no-helmet,True,False
snehilsanyal-main__youtube-568_jpg.rf.49f1d5b90378ee7a8dbd85b799bfa32d,gemini,no-gloves,True,False
snehilsanyal-main__youtube-568_jpg.rf.49f1d5b90378ee7a8dbd85b799bfa32d,gemini,no-boots,False,False
snehilsanyal-main__youtube-568_jpg.rf.49f1d5b90378ee7a8dbd85b799bfa32d,gemini,no-vest,True,False
snehilsanyal-main__youtube-617_jpg.rf.309ef116f1d9074886d61bb0816b6b9e,yolo,person,True,False
snehilsanyal-main__youtube-617_jpg.rf.309ef116f1d9074886d61bb0816b6b9e,yolo,helmet,True,False
snehilsanyal-main__youtube-617_jpg.rf.309ef116f1d9074886d61bb0816b6b9e,yolo,gloves,False,False
snehilsanyal-main__youtube-617_jpg.rf.309ef116f1d9074886d61bb0816b6b9e,yolo,boots,False,False
snehilsanyal-main__youtube-617_jpg.rf.309ef116f1d9074886d61bb0816b6b9e,yolo,vest,True,False
snehilsanyal-main__youtube-617_jpg.rf.309ef116f1d9074886d61bb0816b6b9e,yolo,no-helmet,False,False
snehilsanyal-main__youtube-617_jpg.rf.309ef116f1d9074886d61bb0816b6b9e,yolo,no-gloves,False,False
snehilsanyal-main__youtube-617_jpg.rf.309ef116f1d9074886d61bb0816b6b9e,yolo,no-boots,False,False
snehilsanyal-main__youtube-617_jpg.rf.309ef116f1d9074886d61bb0816b6b9e,yolo,no-vest,False,False
snehilsanyal-main__youtube-617_jpg.rf.309ef116f1d9074886d61bb0816b6b9e,gemini,person,True,False
snehilsanyal-main__youtube-617_jpg.rf.309ef116f1d9074886d61bb0816b6b9e,gemini,helmet,True,False
snehilsanyal-main__youtube-617_jpg.rf.309ef116f1d9074886d61bb0816b6b9e,gemini,gloves,True,False
snehilsanyal-main__youtube-617_jpg.rf.309ef116f1d9074886d61bb0816b6b9e,gemini,boots,True,False
snehilsanyal-main__youtube-617_jpg.rf.309ef116f1d9074886d61bb0816b6b9e,gemini,vest,True,False
snehilsanyal-main__youtube-617_jpg.rf.309ef116f1d9074886d61bb0816b6b9e,gemini,no-helmet,False,False
snehilsanyal-main__youtube-617_jpg.rf.309ef116f1d9074886d61bb0816b6b9e,gemini,no-gloves,False,False
snehilsanyal-main__youtube-617_jpg.rf.309ef116f1d9074886d61bb0816b6b9e,gemini,no-boots,False,False
snehilsanyal-main__youtube-617_jpg.rf.309ef116f1d9074886d61bb0816b6b9e,gemini,no-vest,False,False
snehilsanyal-main__youtube-682_jpg.rf.1b6032eab51a0902f1d56ff7425c5f2a,yolo,person,True,False
snehilsanyal-main__youtube-682_jpg.rf.1b6032eab51a0902f1d56ff7425c5f2a,yolo,helmet,True,False
snehilsanyal-main__youtube-682_jpg.rf.1b6032eab51a0902f1d56ff7425c5f2a,yolo,gloves,False,False
snehilsanyal-main__youtube-682_jpg.rf.1b6032eab51a0902f1d56ff7425c5f2a,yolo,boots,False,False
snehilsanyal-main__youtube-682_jpg.rf.1b6032eab51a0902f1d56ff7425c5f2a,yolo,vest,True,False
snehilsanyal-main__youtube-682_jpg.rf.1b6032eab51a0902f1d56ff7425c5f2a,yolo,no-helmet,False,False
snehilsanyal-main__youtube-682_jpg.rf.1b6032eab51a0902f1d56ff7425c5f2a,yolo,no-gloves,False,False
snehilsanyal-main__youtube-682_jpg.rf.1b6032eab51a0902f1d56ff7425c5f2a,yolo,no-boots,False,False
snehilsanyal-main__youtube-682_jpg.rf.1b6032eab51a0902f1d56ff7425c5f2a,yolo,no-vest,False,False
snehilsanyal-main__youtube-682_jpg.rf.1b6032eab51a0902f1d56ff7425c5f2a,gemini,person,True,False
snehilsanyal-main__youtube-682_jpg.rf.1b6032eab51a0902f1d56ff7425c5f2a,gemini,helmet,True,False
snehilsanyal-main__youtube-682_jpg.rf.1b6032eab51a0902f1d56ff7425c5f2a,gemini,gloves,True,False
snehilsanyal-main__youtube-682_jpg.rf.1b6032eab51a0902f1d56ff7425c5f2a,gemini,boots,True,False
snehilsanyal-main__youtube-682_jpg.rf.1b6032eab51a0902f1d56ff7425c5f2a,gemini,vest,True,False
snehilsanyal-main__youtube-682_jpg.rf.1b6032eab51a0902f1d56ff7425c5f2a,gemini,no-helmet,True,False
snehilsanyal-main__youtube-682_jpg.rf.1b6032eab51a0902f1d56ff7425c5f2a,gemini,no-gloves,True,False
snehilsanyal-main__youtube-682_jpg.rf.1b6032eab51a0902f1d56ff7425c5f2a,gemini,no-boots,False,False
snehilsanyal-main__youtube-682_jpg.rf.1b6032eab51a0902f1d56ff7425c5f2a,gemini,no-vest,False,False
snehilsanyal-main__youtube-824_jpg.rf.66d684a9888bb29ffe83793dd2ed3528,yolo,person,True,False
snehilsanyal-main__youtube-824_jpg.rf.66d684a9888bb29ffe83793dd2ed3528,yolo,helmet,False,False
snehilsanyal-main__youtube-824_jpg.rf.66d684a9888bb29ffe83793dd2ed3528,yolo,gloves,False,False
snehilsanyal-main__youtube-824_jpg.rf.66d684a9888bb29ffe83793dd2ed3528,yolo,boots,False,False
snehilsanyal-main__youtube-824_jpg.rf.66d684a9888bb29ffe83793dd2ed3528,yolo,vest,True,False
snehilsanyal-main__youtube-824_jpg.rf.66d684a9888bb29ffe83793dd2ed3528,yolo,no-helmet,False,False
snehilsanyal-main__youtube-824_jpg.rf.66d684a9888bb29ffe83793dd2ed3528,yolo,no-gloves,False,False
snehilsanyal-main__youtube-824_jpg.rf.66d684a9888bb29ffe83793dd2ed3528,yolo,no-boots,False,False
snehilsanyal-main__youtube-824_jpg.rf.66d684a9888bb29ffe83793dd2ed3528,yolo,no-vest,True,False
snehilsanyal-main__youtube-824_jpg.rf.66d684a9888bb29ffe83793dd2ed3528,gemini,person,True,False
snehilsanyal-main__youtube-824_jpg.rf.66d684a9888bb29ffe83793dd2ed3528,gemini,helmet,False,False
snehilsanyal-main__youtube-824_jpg.rf.66d684a9888bb29ffe83793dd2ed3528,gemini,gloves,True,False
snehilsanyal-main__youtube-824_jpg.rf.66d684a9888bb29ffe83793dd2ed3528,gemini,boots,False,False
snehilsanyal-main__youtube-824_jpg.rf.66d684a9888bb29ffe83793dd2ed3528,gemini,vest,True,False
snehilsanyal-main__youtube-824_jpg.rf.66d684a9888bb29ffe83793dd2ed3528,gemini,no-helmet,True,False
snehilsanyal-main__youtube-824_jpg.rf.66d684a9888bb29ffe83793dd2ed3528,gemini,no-gloves,False,False
snehilsanyal-main__youtube-824_jpg.rf.66d684a9888bb29ffe83793dd2ed3528,gemini,no-boots,False,False
snehilsanyal-main__youtube-824_jpg.rf.66d684a9888bb29ffe83793dd2ed3528,gemini,no-vest,True,False
