file,camera
anuragraj03__frame00001_png.rf.044970edd2ee06293ea3eed5fc148eb2,HSM
anuragraj03__frame00001_png.rf.064f087fb5a48c09d79625e540015113,PPC
anuragraj03__frame00001_png.rf.0b7055ca03218d6aa8de51ccd5e2699f,PPC
anuragraj03__frame00001_png.rf.0c46a704a8491e7cf27ffd6fd87be7f8,HSM
anuragraj03__frame00001_png.rf.0c58bcdfc4b96d6e073d9fa389cfd0e1,PPC
anuragraj03__frame00001_png.rf.0f81d40d1485fbe950a11baa0218b534,HSM
anuragraj03__frame00001_png.rf.0fce294fe6e284788d5240003adf4de7,PPC
anuragraj03__frame00001_png.rf.13a1dd99353c087f4da2f611b71a444f,HSM
anuragraj03__frame00001_png.rf.1504231d45f57869d0038c7c053ab70a,PPC
anuragraj03__frame00001_png.rf.1bc96f2adf8cc42fe7d441bb169e5273,HSM
anuragraj03__frame00001_png.rf.1e1dbc91b2e3471086ff1ba2846271f5,HSM
anuragraj03__frame00001_png.rf.1f3a3fd4b331e1df9504eef0de6adbea,HSM
anuragraj03__frame00001_png.rf.1fa8e7e5204dea8379c9a646f6778e42,HSM
anuragraj03__frame00001_png.rf.20c4576a3681d9e47beae00ea9789030,PPC
anuragraj03__frame00001_png.rf.232cf0d7332c4289351e574c01706264,HSM
anuragraj03__frame00001_png.rf.23705dfb9d921e370b8bbfa48c1f853b,PPC
anuragraj03__frame00001_png.rf.253808461616d67e22bd102ada1f816e,PPC
anuragraj03__frame00001_png.rf.29c19a377463f435a3438130aca75f85,HSM
anuragraj03__frame00001_png.rf.2a853a7ac1784eb76fe84492fda45bd3,PPC
anuragraj03__frame00001_png.rf.2cc9348568021ce6e2a517e1848761a3,PPC
anuragraj03__frame00001_png.rf.2fcbb42d179c0eb15577353f2de1f720,HSM
anuragraj03__frame00001_png.rf.302f69f99631dfc495921fbfc173b6ac,HSM
anuragraj03__frame00001_png.rf.3175d7965aaf226f82c382997d79c50c,PPC
anuragraj03__frame00001_png.rf.31b8102d32be49a7cb2299a6310a95e4,PPC
anuragraj03__frame00001_png.rf.321a67ec8f40ed1abca41fcb8f7ba738,PPC
anuragraj03__frame00001_png.rf.330bdb73906ca4675b029f615c935a57,PPC
anuragraj03__frame00001_png.rf.3420de4c513dad85e1f14045b7de03b6,PPC
anuragraj03__frame00001_png.rf.36d6ae1f430a42341373d750eeb84769,HSM
anuragraj03__frame00001_png.rf.3716044c0098f76b4dad41fa6fae85de,PPC
anuragraj03__frame00001_png.rf.39ec6d0f30430b4ddee56afe50299d0a,PPC
anuragraj03__frame00001_png.rf.3a10bc476774131f7f3baf09c15f2348,PPC
anuragraj03__frame00001_png.rf.3c19250309d170bf83c2ec50099b4ca5,PPC
anuragraj03__frame00001_png.rf.3c8e385055b8fc999f0f6913c73745c6,HSM
anuragraj03__frame00001_png.rf.3d96b2cb52cb5efa95b5fbd6cccb085c,HSM
anuragraj03__frame00001_png.rf.3db0e12ca3fbd4a031cf8d8c230b1b3d,PPC
anuragraj03__frame00001_png.rf.3e359db7081861660683e01fce066721,HSM
anuragraj03__frame00001_png.rf.3ee331ad80cc8ecb88d7c25b5a66cc43,HSM
anuragraj03__frame00001_png.rf.42571edc095a120823348483c46e480d,HSM
anuragraj03__frame00001_png.rf.429f30ed6a9ab915fa57978197dc7266,HSM
anuragraj03__frame00001_png.rf.42af6cfe75101acff00ecfd32bd95360,PPC
anuragraj03__frame00001_png.rf.42e60a62bafb9d98152b8d975816414d,HSM
anuragraj03__frame00001_png.rf.444403f527796d4e839e351ae3b789d0,PPC
anuragraj03__frame00001_png.rf.4982acc3cebe0d1ba429c24544e3c79c,HSM
anuragraj03__frame00001_png.rf.4ae86c872253112755ea4915ee2a265d,PPC
anuragraj03__frame00001_png.rf.4fc3dca8bf3a0ef6ad67b442b32c8ddf,HSM
anuragraj03__frame00001_png.rf.505bf082a4edf3a477426c311150d9ba,PPC
anuragraj03__frame00001_png.rf.51446a354b2212c5ad45d34a50e4a688,HSM
anuragraj03__frame00001_png.rf.57568c62838f15dc3243b115c5dac75d,PPC
anuragraj03__frame00001_png.rf.58c64cff1add301537605e188b366340,HSM
anuragraj03__frame00001_png.rf.593ef734c0200e3ea4905108eee99b06,PPC
anuragraj03__frame00001_png.rf.5b7dd364e5c03eae725446a561c1ebbb,PPC
anuragraj03__frame00001_png.rf.5b8b2c91e87d025de6f9607ad46b764d,HSM
anuragraj03__frame00001_png.rf.5db215220ba70b9fc5a8a4177a559ea1,PPC
anuragraj03__frame00001_png.rf.5eab1daaaaacf81ea827aa0e8e352d38,HSM
anuragraj03__frame00001_png.rf.6140d89a63126bb4b1bce6a1b487b703,PPC
anuragraj03__frame00001_png.rf.65325445f398f82bbbeb893b4c87a1da,PPC
anuragraj03__frame00001_png.rf.6576773271b1e7ed19ceec784499de72,HSM
anuragraj03__frame00001_png.rf.6787a373eafab033c44c661d8557cc25,HSM
anuragraj03__frame00001_png.rf.6aaffa0afac8b9b520986c387969ec11,HSM
anuragraj03__frame00001_png.rf.6d3ef478c097f347ad03c8ab5f4537f9,HSM
anuragraj03__frame00001_png.rf.6d6151b8184cefae2b296bef8c66fd19,PPC
anuragraj03__frame00001_png.rf.6e0cf4c4f45519263f06f038288c8291,PPC
anuragraj03__frame00001_png.rf.71ddda74735e06e0ec134f4149107a4d,HSM
anuragraj03__frame00001_png.rf.753dabf38bdbdf6a7aab505184360c7b,PPC
anuragraj03__frame00001_png.rf.757cbe81124ad10833da9a46ce05963c,PPC
anuragraj03__frame00001_png.rf.75ae4551acaaefa1b46b0588d4f0ed1d,HSM
anuragraj03__frame00001_png.rf.7815aaaf18432fb7cfd930a3ff2cd9db,PPC
anuragraj03__frame00001_png.rf.788f41425ebf0741a0b037415b341522,HSM
anuragraj03__frame00001_png.rf.7997a3917b15cec6bca12eff57aea4cc,PPC
anuragraj03__frame00001_png.rf.7a31d65af6644a77a20e650a278733ee,PPC
anuragraj03__frame00001_png.rf.7b5b54d0317a4ed2ba6017f5c3349bab,HSM
anuragraj03__frame00001_png.rf.7bd76b80239c598cb0d683b7c11433dd,PPC
anuragraj03__frame00001_png.rf.7d7ea1cca936e0d8efb2b49829b1a446,PPC
anuragraj03__frame00001_png.rf.8063723ff4fc26c2748d4c9091475a74,PPC
anuragraj03__frame00001_png.rf.81064da7d7df37d8d47094c198c92cb8,HSM
anuragraj03__frame00001_png.rf.82ff1f1c256b0b0918d17de12ddca330,HSM
anuragraj03__frame00001_png.rf.84ea02d95e1b8eada2dbe08609c00475,PPC
anuragraj03__frame00001_png.rf.8513a6bf23e478551d97155836361f52,PPC
anuragraj03__frame00001_png.rf.858424d26857e01f09cbf0b176d9b4de,HSM
anuragraj03__frame00001_png.rf.884caf2dae2d05f4cceee5ff2ccc05cf,PPC
anuragraj03__frame00001_png.rf.88dd93576bf016e8dddb0d9bfab024ba,PPC
anuragraj03__frame00001_png.rf.8a0f5fb1d652ceb2340042962c04011a,HSM
anuragraj03__frame00001_png.rf.8a2225be805695546465de36260df72d,HSM
anuragraj03__frame00001_png.rf.8bfa79c5f737de9727a870e93963c17d,PPC
anuragraj03__frame00001_png.rf.8d037b5bb2ba70814aa060376ff12d47,HSM
anuragraj03__frame00001_png.rf.8f3a290ae222216ea6af093862c21c08,PPC
anuragraj03__frame00001_png.rf.94e84271e3a87bdd8a822e7ac0314087,PPC
anuragraj03__frame00001_png.rf.973ff30f2d36e6715d5af6e68697f140,PPC
anuragraj03__frame00001_png.rf.9859279f2e0b87e2a6e57de5a059a1eb,PPC
anuragraj03__frame00001_png.rf.997242adcebabdf2f32c2f3aafaeff6d,PPC
anuragraj03__frame00001_png.rf.9a52ccf6927f7246672ee483034c89c4,PPC
anuragraj03__frame00001_png.rf.9ce897852a20e8ea18335a286c411225,HSM
anuragraj03__frame00001_png.rf.9e9e758c09234f380a31732dc59e33ae,HSM
anuragraj03__frame00001_png.rf.a57418042c4992c0581c52ddee01c997,HSM
anuragraj03__frame00001_png.rf.ac8227c3879c81bc5b12bffd8f83328a,HSM
anuragraj03__frame00001_png.rf.ad483aab123eaff3e848f322986b5836,HSM
anuragraj03__frame00001_png.rf.adcc8d68cc2d2dc7d873a0d5908e27ee,HSM
anuragraj03__frame00001_png.rf.b283de6b2908a04556f2367ad86ef65d,PPC
anuragraj03__frame00001_png.rf.b30d2e20567d4f8f54439c6cc1b9d975,PPC
anuragraj03__frame00001_png.rf.b3e2b3a4dccf808bd71222eea3e98cb0,HSM
anuragraj03__frame00001_png.rf.b50c5f490431d53cda7d71b2f19c9677,HSM
anuragraj03__frame00001_png.rf.b57647ae75cb94df151016059f62f72c,HSM
anuragraj03__frame00001_png.rf.b97382601f536c773a0f72a2bcd7171e,HSM
anuragraj03__frame00001_png.rf.bba413be8a57e12a5e20c3878462bed0,PPC
anuragraj03__frame00001_png.rf.bc421b5de98bb3a81ca4f1114c39ce4b,PPC
anuragraj03__frame00001_png.rf.bdfdfa111936bcefa95ec21d2416597a,PPC
anuragraj03__frame00001_png.rf.bfe16fb2298a71643ab0ac1406cd05b1,HSM
anuragraj03__frame00001_png.rf.bfe5b9349c1a3bd388ec9b29bf38c0f2,HSM
anuragraj03__frame00001_png.rf.c1799efb19f6ca0d3b0d5380cb78d7fb,HSM
anuragraj03__frame00001_png.rf.c35d696ec4212e94af9e651b69318b48,HSM
anuragraj03__frame00001_png.rf.c38e8c8c5fea891548c1e53bcfca4353,HSM
anuragraj03__frame00001_png.rf.c494c0ae3dac294df8fa9f036223a07f,PPC
anuragraj03__frame00001_png.rf.c71907dc118040b7ae2d85984d57c440,HSM
anuragraj03__frame00001_png.rf.c7c50f447c04b2de1810e0b161da2ece,PPC
anuragraj03__frame00001_png.rf.d015ac0e399e499192caa2b83c668dc4,PPC
anuragraj03__frame00001_png.rf.d4e2974d318ec4732cdde9c2e50148e5,HSM
anuragraj03__frame00001_png.rf.d650106b3ad4b2ce29fc1b81121c2762,HSM
anuragraj03__frame00001_png.rf.d99a97cf5884d614b5ca03bee2a90185,PPC
anuragraj03__frame00001_png.rf.dae1d8a444a61112bc70b822cf9d3cb3,PPC
anuragraj03__frame00001_png.rf.db45814ce244f4f5c143a6ff01124382,HSM
anuragraj03__frame00001_png.rf.dc524e6dd60590bb592692d93760a80b,HSM
anuragraj03__frame00001_png.rf.de0c4cff23a5a4ea1f2eca6a195c5c63,PPC
anuragraj03__frame00001_png.rf.dea0a696e460d2e9e32ad9b836c5cfbe,PPC
anuragraj03__frame00001_png.rf.ded928381b7f9ecb2ca2f648b4cb5316,PPC
anuragraj03__frame00001_png.rf.e13a50c758484bd64ecdf09f2e714750,PPC
anuragraj03__frame00001_png.rf.e1edb6725cddf37e4e7f635eaee35f4f,HSM
anuragraj03__frame00001_png.rf.e3894ff3ca66c2d6b510fa508df8fa1d,PPC
anuragraj03__frame00001_png.rf.e477acbb3f9ae0afe93de4fcbdb16c02,HSM
anuragraj03__frame00001_png.rf.e4f9f04576722c2adfe9bd5c48b493d2,PPC
anuragraj03__frame00001_png.rf.ea74a48a763802dc6cdf1af3ca41777d,PPC
anuragraj03__frame00001_png.rf.ec124057e186a8bf2c27bd4b96c00e96,HSM
anuragraj03__frame00001_png.rf.eee814206196535f7a947cb4549a67e5,HSM
anuragraj03__frame00001_png.rf.f5e314bb7795c5bef41f28f9287219c6,HSM
anuragraj03__frame00001_png.rf.f6016e50bd0b82e5adb371eb52ed42a5,HSM
anuragraj03__frame00001_png.rf.f775d1044cf20020a55de28d1cfc0689,HSM
anuragraj03__frame00001_png.rf.f7f88dffed6e8b167486984021385577,HSM
anuragraj03__frame00001_png.rf.fc52c2f5e1dc55e0aab431aade4f4f70,PPC
anuragraj03__frame00001_png.rf.fdb6042a4dd9b2618e766ed3dcda2b7d,PPC
anuragraj03__frame00001_png.rf.fe70b0e2d050e453a418351f793f7b2f,HSM
anuragraj03__frame00001_png.rf.ff42554db0b322d1794ba19bbf694ad2,PPC
anuragraj03__frame00011_png.rf.002ab3b8ffeecba6147107ee040008fe,HSM
anuragraj03__frame00011_png.rf.0050109d4f9615d14af43d6d7fd3f040,PPC
anuragraj03__frame00011_png.rf.033f1005448378768ab831a785ba05e0,PPC
anuragraj03__frame00011_png.rf.03ee1bd042ff8c046398718e30cc5179,HSM
anuragraj03__frame00011_png.rf.04ed39bfdfb0b0abc6b7cd90f3405548,HSM
anuragraj03__frame00011_png.rf.04ff2b769f4a7f1cb0389d19a0ab7986,PPC
anuragraj03__frame00011_png.rf.0768c1d9479fac5f6ac4c417234bdc45,PPC
anuragraj03__frame00011_png.rf.07da4770548d40ac95f1f7572579bf0a,HSM
anuragraj03__frame00011_png.rf.0911059997a2ea52da90b2ad709fcd9d,PPC
anuragraj03__frame00011_png.rf.09f315e051d2e11d78a1d730740444e5,PPC
anuragraj03__frame00011_png.rf.0b7a7afbe77af3d6a6e78a99ad5b2453,HSM
anuragraj03__frame00011_png.rf.0b8ef91c30f42285990ea7c00e7d431e,PPC
anuragraj03__frame00011_png.rf.0e7e04a69b9f306760744e0c98acc757,PPC
anuragraj03__frame00011_png.rf.145350f605493f814a2014280f4ccf78,HSM
anuragraj03__frame00011_png.rf.167c77b8343d30e1f1b5c5eaa84c4985,HSM
anuragraj03__frame00011_png.rf.17273c4f0bbac7ef9cd8b1c84034c532,HSM
anuragraj03__frame00011_png.rf.17daafbd48006586462702cb6a45515c,PPC
anuragraj03__frame00011_png.rf.2062d581484a000c6134b7c6b0816474,PPC
anuragraj03__frame00011_png.rf.258b920ac2b06fd75dc05051173cc1a2,HSM
anuragraj03__frame00011_png.rf.27b810d2dc4a92741b96dc166d5a3f64,PPC
anuragraj03__frame00011_png.rf.2aab4e60faf3000352c5a1106679dff3,HSM
anuragraj03__frame00011_png.rf.2c16a340e000c9f44852ff217dd619bd,PPC
anuragraj03__frame00011_png.rf.2d5675eae7879c8b9c1413489dbaf745,PPC
anuragraj03__frame00011_png.rf.30502667f84d8c57ed21caafa77214dc,PPC
anuragraj03__frame00011_png.rf.3145f8f17bb99fb5962997e531f67f02,HSM
anuragraj03__frame00011_png.rf.358b520fd8a89bcda17150be6326bb92,unknown
anuragraj03__frame00011_png.rf.3bb801bdf59ee9a5ec7f453b9407c3b3,PPC
anuragraj03__frame00011_png.rf.3e4975ba1c577b5a2fde1d3fb332ba5d,PPC
anuragraj03__frame00011_png.rf.4179b7f2bedacad1cec671c1cb5c4d2c,HSM
anuragraj03__frame00011_png.rf.43fa2f14336b8a2eba84d12c9e0b9be7,HSM
anuragraj03__frame00011_png.rf.445e314bfaf97e3e1a07fef067022853,HSM
anuragraj03__frame00011_png.rf.453ade03f0b9a29146cf4d04f6e0ebba,HSM
anuragraj03__frame00011_png.rf.4616db1e3721cc9dc9e4c70e1fb75ef1,PPC
anuragraj03__frame00011_png.rf.472f8555936ad23792dcb1303a0c83fa,PPC
anuragraj03__frame00011_png.rf.4a3b35fa9eb260d2f1db5db907225a78,PPC
anuragraj03__frame00011_png.rf.4d311ae43dc5e6e4e21143766b81b66b,PPC
anuragraj03__frame00011_png.rf.503a70492831e7abe138e08230cf625e,PPC
anuragraj03__frame00011_png.rf.50fc7871b1ba1f1eff97dd17719d5ee0,HSM
anuragraj03__frame00011_png.rf.51d28b98a1dd956070ca68ba28712a7b,HSM
anuragraj03__frame00011_png.rf.52c0091755e12e175e0d6a0f794be9e8,PPC
anuragraj03__frame00011_png.rf.5374acf9fc42dcad90fbf60902498bf6,PPC
anuragraj03__frame00011_png.rf.5afff860a875a03fbceaf48cde0e513a,PPC
anuragraj03__frame00011_png.rf.617fe8f72d8534343dfcc711383d5f40,HSM
anuragraj03__frame00011_png.rf.6431524c9f549e81624b21473c5cbee9,PPC
anuragraj03__frame00011_png.rf.6612875793749a15f0be68ff6bb19f08,PPC
anuragraj03__frame00011_png.rf.66c96ef5cbae46aff38c6a5bac62ba16,PPC
anuragraj03__frame00011_png.rf.6c792f210d0690f69ae6bbd8de783366,HSM
anuragraj03__frame00011_png.rf.6e5e7f54ead0961939c68ac4a0753877,HSM
anuragraj03__frame00011_png.rf.6ff5acacd7da114116314e7b40bbd3cc,HSM
anuragraj03__frame00011_png.rf.764ca69036f96edd9f2f08307517af6b,HSM
anuragraj03__frame00011_png.rf.78bbf6ba46a08925b66fea298aa37187,HSM
anuragraj03__frame00011_png.rf.7975d4f2dd8bd945ed1693e04982427e,HSM
anuragraj03__frame00011_png.rf.79f50ea103370a26b1a1dd1bb597bbd4,PPC
anuragraj03__frame00011_png.rf.7c2aa692dd3e7cab60b0936c41668d2a,PPC
anuragraj03__frame00011_png.rf.7ef8b5d103b5272804af87b1c987478e,PPC
anuragraj03__frame00011_png.rf.8221842fadaa69c41f498777da03d081,HSM
anuragraj03__frame00011_png.rf.891dda16984489fec80bfd4120a74205,HSM
anuragraj03__frame00011_png.rf.89fd8e4867d2a71920ed02b3e0bba2ea,HSM
anuragraj03__frame00011_png.rf.8a66346b924a4892143ff5f093a87514,HSM
anuragraj03__frame00011_png.rf.8b609a6d83cd85b4379224a6dd799dce,PPC
anuragraj03__frame00011_png.rf.8c371d2d5f09e5be3c0171ce769cc1d8,HSM
anuragraj03__frame00011_png.rf.8ce9b056f631154136a5c74eb421e821,HSM
anuragraj03__frame00011_png.rf.8e1213e8c51b2f8214e8d213e5c467fa,PPC
anuragraj03__frame00011_png.rf.923aabc3ba863b270ebe0e246e8b526d,HSM
anuragraj03__frame00011_png.rf.937a8e712f7a3792460fcc6d128f9bb5,PPC
anuragraj03__frame00011_png.rf.94174e985a83b651bf3cd76d591d4692,HSM
anuragraj03__frame00011_png.rf.951aebe0a5b8b4b2eae498cfdd81d6f1,PPC
anuragraj03__frame00011_png.rf.98185bed3a9e9c7968d40c9ddbfaca6b,PPC
anuragraj03__frame00011_png.rf.9999382b8c8661abc4421862a2fbda7f,HSM
anuragraj03__frame00011_png.rf.9c4c38d9aebb4abc61067c444ddf2862,PPC
anuragraj03__frame00011_png.rf.a140757c8594cb1a37c7ff9626c401a5,PPC
anuragraj03__frame00011_png.rf.a1e47893cefe53deedb2a612b6431c48,HSM
anuragraj03__frame00011_png.rf.a25216367f22f3b45c2dbf590198a84b,HSM
anuragraj03__frame00011_png.rf.a334cfd6d6e9f890b16401772233332e,PPC
anuragraj03__frame00011_png.rf.a363caad693b8b83a07bc00a43d822a7,PPC
anuragraj03__frame00011_png.rf.a48c78ebf7f0b4545db548ea27266436,HSM
anuragraj03__frame00011_png.rf.ab0b23c9432a3f886b0f17e45cd52a1c,HSM
anuragraj03__frame00011_png.rf.ae46bbab5ef79e205a758997bf150001,PPC
anuragraj03__frame00011_png.rf.b02e721ec840e86a357e121579956860,PPC
anuragraj03__frame00011_png.rf.b2a2d1e9aba5d06c7b1a4a5fc1b5c44e,PPC
anuragraj03__frame00011_png.rf.b2b42ae267c2933517a37a3558fa7f16,PPC
anuragraj03__frame00011_png.rf.bf5f0ec8715ce52bc353369a95ea83d5,PPC
anuragraj03__frame00011_png.rf.c26d9fb07866fe4e3b546ef206a78748,HSM
anuragraj03__frame00011_png.rf.c328f0007bf99a433bc07399e8b0db3f,PPC
anuragraj03__frame00011_png.rf.c51f9aaebe214018b23ccca9945823a8,PPC
anuragraj03__frame00011_png.rf.c749d046aa1f4a3f895694fd6437e9a1,HSM
anuragraj03__frame00011_png.rf.c997c865a9d495d39d7be21af9ca2d3f,PPC
anuragraj03__frame00011_png.rf.c9ed96d23ef3d165738cdc2aa141048a,PPC
anuragraj03__frame00011_png.rf.cbfd37466a1ffa88e5e25d8fc3afb6d4,PPC
anuragraj03__frame00011_png.rf.cd314879b06a7ba610776364d90adc52,PPC
anuragraj03__frame00011_png.rf.cd5751969319bb3e29fb590de24501b7,PPC
anuragraj03__frame00011_png.rf.d1153d5f5ffdc6f7742552b4539cf63b,HSM
anuragraj03__frame00011_png.rf.d3add7228726227481d4ff52e57aa4e5,HSM
anuragraj03__frame00011_png.rf.d3e265e0af7066196a9f070b4d169276,HSM
anuragraj03__frame00011_png.rf.d46c3ad09751acc802684089522d0ba8,PPC
anuragraj03__frame00011_png.rf.d48c219c882f08367f1940ebd3e29cc3,PPC
anuragraj03__frame00011_png.rf.d70ab8d86d755f472bc7dc507914d1f5,PPC
anuragraj03__frame00011_png.rf.d8e68fff695d4c4e26cda8830507dbae,HSM
anuragraj03__frame00011_png.rf.dc06466c39a93cdbd688d4f89a7f99d3,HSM
anuragraj03__frame00011_png.rf.e1cfa4692235a84393493e7f5aab6fc1,PPC
anuragraj03__frame00011_png.rf.e2010ad1d6e2c1ed9c550e3e260e37c1,unknown
anuragraj03__frame00011_png.rf.e25bf959d1ed951f2b98dd4f607d998f,PPC
anuragraj03__frame00011_png.rf.e2791e69fb9cb90480d98b187ebad01d,PPC
anuragraj03__frame00011_png.rf.e360b128b340b2fe9f1cfd1a05a163d6,PPC
anuragraj03__frame00011_png.rf.e4fe554d56322ed915ac3dc3551f5867,HSM
anuragraj03__frame00011_png.rf.e6029d24c54fbe1f460cae1c280e8fb7,HSM
anuragraj03__frame00011_png.rf.e899d5bc6dc80a0eddfd1d2f73e54dbc,PPC
anuragraj03__frame00011_png.rf.eaf4e3792fe84831bedd1b5e59b04fe8,PPC
anuragraj03__frame00011_png.rf.ec121c0c7a69c5b6a89cbe534dcb69f6,PPC
anuragraj03__frame00011_png.rf.f636cbbbda10dacea8412b32998e1b95,HSM
anuragraj03__frame00011_png.rf.f7f0250fd32b5bf0f7c74aa5853e9b0c,PPC
anuragraj03__frame00011_png.rf.f8c0646a8929896d93892c10ed1debbb,PPC
anuragraj03__frame00011_png.rf.f8e4c5ec35685439e3fbc9e7d4b673b4,PPC
anuragraj03__frame00011_png.rf.f9c91e942a32661c60c76fceb830be29,PPC
anuragraj03__frame00011_png.rf.fc49d6f73d90fca1eafc818a0b7b5eb6,PPC
anuragraj03__frame00011_png.rf.fd121bc2334e90030fefa88fbeaede65,PPC
anuragraj03__frame00011_png.rf.fd4b54f7cbdc866937252c4d0517500c,HSM
anuragraj03__frame00011_png.rf.fd84407de27278f0fd346edb9c19c770,HSM
anuragraj03__frame00021_png.rf.0328c57727111674afe56811a420622f,PPC
anuragraj03__frame00021_png.rf.04487132ee619a2a097a8cd506334c65,HSM
anuragraj03__frame00021_png.rf.04e838f607a087b44dcde897b51134be,HSM
anuragraj03__frame00021_png.rf.0a6737116c51f5200d4c97fa2fc157ad,PPC
anuragraj03__frame00021_png.rf.0dd1f06f98fd3a59a43382a5ee3b1a0a,PPC
anuragraj03__frame00021_png.rf.0ea55f186fcd45e6fcaa0396a68224e3,HSM
anuragraj03__frame00021_png.rf.1326b3f5cbcb2c9bcc674df3da6a84b2,PPC
anuragraj03__frame00021_png.rf.16895008177de9e8d238625986ecdcbb,HSM
anuragraj03__frame00021_png.rf.173c13ce0fcaf3b49d405eb046a565f2,HSM
anuragraj03__frame00021_png.rf.18bc89e29bd34e86222c7946b38f4bf3,HSM
anuragraj03__frame00021_png.rf.1960d41bea63b8f50a311c98619b42a1,PPC
anuragraj03__frame00021_png.rf.19f62d61dbfd52bf7fb28aaf2d1850c8,PPC
anuragraj03__frame00021_png.rf.1a79f39f4539c265695aa2c2a428dbe2,HSM
anuragraj03__frame00021_png.rf.1b18eb602ddb2ee3641ae9049f4969fe,HSM
anuragraj03__frame00021_png.rf.1c841f8687f8daf7d3433eae1897b99f,PPC
anuragraj03__frame00021_png.rf.1ea53439f63fc8da9d7e19c6eba73134,PPC
anuragraj03__frame00021_png.rf.237d44fbd5cc79bf31d9f30da71cb31c,HSM
anuragraj03__frame00021_png.rf.25029cd259a22a54bb7c86509c018a59,HSM
anuragraj03__frame00021_png.rf.261d83e09b3a1750bd9c2cdd7da30dc6,PPC
anuragraj03__frame00021_png.rf.2c8eb30e51c05a56e023830a1126fa4f,HSM
anuragraj03__frame00021_png.rf.2fd15fa5ff1573fb00a73cc2593fd86b,PPC
anuragraj03__frame00021_png.rf.34388231d6424927378391c407cee118,PPC
anuragraj03__frame00021_png.rf.3450802b6181b1bfb5e825707c63f401,HSM
anuragraj03__frame00021_png.rf.376c79dfc17756b70e3c2aa9052d9d81,PPC
anuragraj03__frame00021_png.rf.37a5e20c9278a341604b19f31d5e5adf,PPC
anuragraj03__frame00021_png.rf.38163c57cae652c0af2d7e0ba371756a,HSM
anuragraj03__frame00021_png.rf.38d421896f6c4c90266c4580f83c69e1,PPC
anuragraj03__frame00021_png.rf.3a4f89b4c555b46db44c246461c25e38,HSM
anuragraj03__frame00021_png.rf.3aeb0e215ed8269b43756ba67cbdd058,HSM
anuragraj03__frame00021_png.rf.3f8974a78222910ca2445712bcedb968,PPC
anuragraj03__frame00021_png.rf.428260a507810a6ab27c62b96ffc72de,HSM
anuragraj03__frame00021_png.rf.42d9e62155ae94560b5c60e8e7606728,HSM
anuragraj03__frame00021_png.rf.438061e95a9aa909c767fcbdb1cc1f90,HSM
anuragraj03__frame00021_png.rf.4ffd427f93038873f1017a646897f67e,PPC
anuragraj03__frame00021_png.rf.52633b3df4f3ed4868a17a6da52bced0,HSM
anuragraj03__frame00021_png.rf.579503fa97d07356d77f6a32021a5508,HSM
anuragraj03__frame00021_png.rf.5879d52a9ff0b43ad1fc05b1810d6f59,PPC
anuragraj03__frame00021_png.rf.5ced587c1bcb75e7aa146d2051092c52,PPC
anuragraj03__frame00021_png.rf.5e98af093a322f66f295853652a394ca,PPC
anuragraj03__frame00021_png.rf.60460b51cb0a9bd5b0d2c31466ff9156,PPC
anuragraj03__frame00021_png.rf.6351ffaa10ce9e287cc0f1d232aee57e,PPC
anuragraj03__frame00021_png.rf.645602dd7237ea2e6be17c088a456432,PPC
anuragraj03__frame00021_png.rf.6490990a3c92895d52bc7450fe8bc953,PPC
anuragraj03__frame00021_png.rf.65a9612d3c914a6ebda8be7b52b600d2,PPC
anuragraj03__frame00021_png.rf.682d2a090ce49c534abfe31ac7e6b3ea,HSM
anuragraj03__frame00021_png.rf.685478832d9e91215f2e3d88f3758094,PPC
anuragraj03__frame00021_png.rf.6a16632b86434d8823961393b2f40dcc,PPC
anuragraj03__frame00021_png.rf.6c09cc703b599ae4f8d738fb23700e20,PPC
anuragraj03__frame00021_png.rf.6da4f931f6c86edf9bd8c0c072722f2f,PPC
anuragraj03__frame00021_png.rf.6dd4ecc5373b82ce9e25ba472cdcf449,HSM
anuragraj03__frame00021_png.rf.6eee30994a0bc48336fa4ee731666e26,PPC
anuragraj03__frame00021_png.rf.6f750430bf2c2ad4d0d34dd36a9377d0,HSM
anuragraj03__frame00021_png.rf.6fb758f9772fbea68d96432fa9feba64,HSM
anuragraj03__frame00021_png.rf.72c007d0034655c4f2dfc7baca40dbe0,PPC
anuragraj03__frame00021_png.rf.75a191863386eb39612749159eebcf7a,PPC
anuragraj03__frame00021_png.rf.76092f5ee5789ea5df911a39c1a95c31,PPC
anuragraj03__frame00021_png.rf.76a4bc19701acced596c8d2749163f44,HSM
anuragraj03__frame00021_png.rf.7b2956d13ce7057a6ec4fc2b7cfb4a47,HSM
anuragraj03__frame00021_png.rf.7be2489cfa93390db1364a3bb3e7c90f,HSM
anuragraj03__frame00021_png.rf.7f13f91c5f357f95ed6bee6f41e0f414,PPC
anuragraj03__frame00021_png.rf.80f4384a3584d217a46f4f4cdeebcccd,PPC
anuragraj03__frame00021_png.rf.82b35e08d5cdb2ccfe70659f8caf49b8,PPC
anuragraj03__frame00021_png.rf.8691e748f3404d382eb2a502e2e0d619,PPC
anuragraj03__frame00021_png.rf.874101e814ab4501053645c24efdc1af,PPC
anuragraj03__frame00021_png.rf.89c85afb1e7ea0ef041868d26605c24f,PPC
anuragraj03__frame00021_png.rf.8a1fa367d2803f537d407a080f5af04e,PPC
anuragraj03__frame00021_png.rf.8b573f137b110921923357d80d5c7751,PPC
anuragraj03__frame00021_png.rf.917f247ca646743dff9270b181aa0630,HSM
anuragraj03__frame00021_png.rf.9253ef57996b2acf0ee20fd0bdde9c18,PPC
anuragraj03__frame00021_png.rf.9330b321d79df9a00f88ab5cdb069bab,PPC
anuragraj03__frame00021_png.rf.98bcf4d4bc9ed35a11b6c81c3b84252e,PPC
anuragraj03__frame00021_png.rf.9c2ae24daa49c54884092471402d8ae3,PPC
anuragraj03__frame00021_png.rf.9d744cd23abaedeb128d8aa338adcc71,PPC
anuragraj03__frame00021_png.rf.a04d21a2cb718b1995d0202020127955,HSM
anuragraj03__frame00021_png.rf.a14ea63da8ccbf5a44a1421a2c84951f,PPC
anuragraj03__frame00021_png.rf.a1fced20fb705612093428af158c98ae,PPC
anuragraj03__frame00021_png.rf.a2dbffdbf48a554e8f36ddc3c805c0d0,HSM
anuragraj03__frame00021_png.rf.a9cf0c3d4b153b7ec7bf42a170439247,PPC
anuragraj03__frame00021_png.rf.ab3ed7953d5a93c487e06e649eca0aee,HSM
anuragraj03__frame00021_png.rf.ad5f8e92ee5de6f84ade1ce18065f105,HSM
anuragraj03__frame00021_png.rf.aee731e8450aeef94e86926772e98bb8,HSM
anuragraj03__frame00021_png.rf.b1c96b2253ba43ec96c3609910b601d4,PPC
anuragraj03__frame00021_png.rf.b65fcce5f33798c96f4aafe87e8d4780,unknown
anuragraj03__frame00021_png.rf.b6fbc1e847deb7d080c388f93223a799,HSM
anuragraj03__frame00021_png.rf.b83bea16eed79f7e1490b37cff5d4504,PPC
anuragraj03__frame00021_png.rf.be79687c6c1af58f64745af5d01169f7,HSM
anuragraj03__frame00021_png.rf.bf592df1edd60e10d368df2faac3d2e4,HSM
anuragraj03__frame00021_png.rf.c02083e9f6711660f20962273fb1b5d9,PPC
anuragraj03__frame00021_png.rf.c692d9e8bd2dcf8e8108cfac4e132e9c,HSM
anuragraj03__frame00021_png.rf.c7f671666262872cf1a8221c6fcf5597,PPC
anuragraj03__frame00021_png.rf.c89e51e0fb24e0a95284351068c97c50,HSM
anuragraj03__frame00021_png.rf.c9890e7ed0d1a16118b2498f1ece7596,HSM
anuragraj03__frame00021_png.rf.cf321e394e0ba4547de0ff847c59e6cd,HSM
anuragraj03__frame00021_png.rf.cf62b9a43b3401c5c3270c4aa219ef5a,PPC
anuragraj03__frame00021_png.rf.d0182c03eade20e9294a1f395cf4c1a9,HSM
anuragraj03__frame00021_png.rf.d09a4b3cda48e7e3692ec493ffe90753,HSM
anuragraj03__frame00021_png.rf.d16fd35bd3f000bc50ce61e08f0b0758,PPC
anuragraj03__frame00021_png.rf.d1dae21730a2a3773b866aeb1d32e42d,PPC
anuragraj03__frame00021_png.rf.d2bee2252aa2d9fb3493dbbcc2012a4d,HSM
anuragraj03__frame00021_png.rf.d48320d1f7897ff85ac78aea187e09b3,PPC
anuragraj03__frame00021_png.rf.d5d1564d31a200675cb980b46838ad75,PPC
anuragraj03__frame00021_png.rf.d7601557e85314e2e6ab91156f8629a4,PPC
anuragraj03__frame00021_png.rf.de1449f0eedc69c33d9ac189ba872354,HSM
anuragraj03__frame00021_png.rf.e0f3bd6e1fe6166096f2bf417a4a3c26,PPC
anuragraj03__frame00021_png.rf.e14c8428b0d0497c8136605f771f670a,PPC
anuragraj03__frame00021_png.rf.e202d233947e26c9e89b392a06679e1c,PPC
anuragraj03__frame00021_png.rf.e239c0b0b39b33e45f0817431c026d6c,HSM
anuragraj03__frame00021_png.rf.e23bfe62036b5b1360fab38ffbc4e205,HSM
anuragraj03__frame00021_png.rf.e336ed54dc3a4d0ae4c620cda8505176,PPC
anuragraj03__frame00021_png.rf.e42c9693b281336965a60ee53789aaec,HSM
anuragraj03__frame00021_png.rf.e5a7f7a100fb67d13eecce80ecb42f39,PPC
anuragraj03__frame00021_png.rf.e76b5a1abcf78f05a084348791520fc9,HSM
anuragraj03__frame00021_png.rf.e985a11478e2abc07f00e3dfb2820a43,HSM
anuragraj03__frame00021_png.rf.eba848fcb827243cd58039aec50357ff,PPC
anuragraj03__frame00021_png.rf.f027905b5d87a1c344a43f1848470905,PPC
anuragraj03__frame00021_png.rf.f86f89f187204dc4165be74e1ae985ad,unknown
anuragraj03__frame00021_png.rf.f9d56486ce1627c58bc1701ec1f745b5,HSM
anuragraj03__frame00021_png.rf.fc2e57088442e4b9af8c3e8a233dc45f,PPC
anuragraj03__frame00021_png.rf.fef5066e60fbc51fe9f5b471004c7c43,PPC
anuragraj03__frame00031_png.rf.00499601fa6365cd0e5479c1712b7ed9,PPC
anuragraj03__frame00031_png.rf.0135530109e7774c4e61375cf84ee7e6,HSM
anuragraj03__frame00031_png.rf.014be294a62f3ea7aef891d73e2dba8a,PPC
anuragraj03__frame00031_png.rf.017b5692110c283fcd18a1a908de6d8a,PPC
anuragraj03__frame00031_png.rf.036033385af792b4d7ac374662a32156,PPC
anuragraj03__frame00031_png.rf.047eda20c275189075e0a978631bbcb6,PPC
anuragraj03__frame00031_png.rf.048c99681f002ac12c7b114e869c8114,HSM
anuragraj03__frame00031_png.rf.064766b5fe0e906f5ec6f9283ae230b3,PPC
anuragraj03__frame00031_png.rf.0802cca9983acdde4a420c7e5541caac,HSM
anuragraj03__frame00031_png.rf.09f6ba3126171008f916b5d43328ac60,PPC
anuragraj03__frame00031_png.rf.0b2b9f491311566f99e7488d8d64a4eb,PPC
anuragraj03__frame00031_png.rf.0ea1dd7988d82a4e06f499b9dd8a66ea,HSM
anuragraj03__frame00031_png.rf.0fe2bc3454a72749a6e8c9f9f1b2d70a,PPC
anuragraj03__frame00031_png.rf.118154baba1cdacb6fd76e4fdf96887c,HSM
anuragraj03__frame00031_png.rf.1263f3eb36eafa8c33fbbcc908c0fcd8,HSM
anuragraj03__frame00031_png.rf.138d7ebe1dc4062fdfffa91728957a3b,PPC
anuragraj03__frame00031_png.rf.14c1f043b221c20cdedbf13dfbb7aaae,PPC
anuragraj03__frame00031_png.rf.14ec0a286bd18a5fcaaace9292b1c71d,PPC
anuragraj03__frame00031_png.rf.15fd8e1f10fd27c88ba612e1bf4577b0,PPC
anuragraj03__frame00031_png.rf.177f4c176dda63bbf8278de53b51a3c8,PPC
anuragraj03__frame00031_png.rf.18a3b6ccd1002f6ba1af79ed1a1fc490,HSM
anuragraj03__frame00031_png.rf.1a98be0c0cd0a620b5c7cda518a4fa56,PPC
anuragraj03__frame00031_png.rf.1db3ef243689cf88e15d7d69832b583f,HSM
anuragraj03__frame00031_png.rf.1e5d1c810c4ac4ee024e4e2ee0040395,PPC
anuragraj03__frame00031_png.rf.25be36acd9839c715a1e003f3d6263cc,PPC
anuragraj03__frame00031_png.rf.264b59bda85882a58c784ab9a0410892,HSM
anuragraj03__frame00031_png.rf.27bf9d6a13cc5e239950801778b788cf,HSM
anuragraj03__frame00031_png.rf.28d1718810413a845acf5946d4459f32,HSM
anuragraj03__frame00031_png.rf.293025547995902b07066611f4a6837c,HSM
anuragraj03__frame00031_png.rf.2a5487b7967170b3b5aee4fb391dc727,HSM
anuragraj03__frame00031_png.rf.2cac4be46f725fec5a9f3b093c3e2266,PPC
anuragraj03__frame00031_png.rf.2cdc6ba6152054da80881ad646df56bd,PPC
anuragraj03__frame00031_png.rf.2d864b96190557e4252a8b4426c435e5,HSM
anuragraj03__frame00031_png.rf.341ddeffc4632139327e9a4320f211b3,PPC
anuragraj03__frame00031_png.rf.345a699879f830c50a2400342ec43189,PPC
anuragraj03__frame00031_png.rf.348d3c31c5b6d7edb48669941e2c9924,HSM
anuragraj03__frame00031_png.rf.3cad7b724de77ab0f0802622fe4ec8e7,PPC
anuragraj03__frame00031_png.rf.434b596c8bb8eb16de11f032998266bf,PPC
anuragraj03__frame00031_png.rf.45b20ef49694dc0a9a54b096f96d2442,HSM
anuragraj03__frame00031_png.rf.47627f8f89dc86e63d6d5d77ec7776c2,HSM
anuragraj03__frame00031_png.rf.4868a9bc3c05d556cf0dea9cc5ae364a,HSM
anuragraj03__frame00031_png.rf.488805ebd56e3a49813744280322b4c4,PPC
anuragraj03__frame00031_png.rf.4b06d6be1b3f908edef3826d2dfb6727,HSM
anuragraj03__frame00031_png.rf.4ce9f7f0a0450f587d298dc47fae2ce8,HSM
anuragraj03__frame00031_png.rf.4d60ba03d2d202feac9df910935ef939,PPC
anuragraj03__frame00031_png.rf.4e5dfc17fb1df26515f46d019bc006ec,PPC
anuragraj03__frame00031_png.rf.4eebdde9710f149afed6f35879a520a5,HSM
anuragraj03__frame00031_png.rf.4efe599f90daa195184ee1dc29dde77e,PPC
anuragraj03__frame00031_png.rf.4f7a6fd6cb157fcc7c8659495445b17c,HSM
anuragraj03__frame00031_png.rf.531a9f6630d30a2ecac4fd71c15e9ff9,HSM
anuragraj03__frame00031_png.rf.546a904fd84bc85a9cb36389d28e23e6,HSM
anuragraj03__frame00031_png.rf.55449df81075cd482b8acff284e40f07,HSM
anuragraj03__frame00031_png.rf.55fff1d393aaaeabd35fbfb2a8cb2812,HSM
anuragraj03__frame00031_png.rf.57718683c9fcf5374e73339ec50d7d2d,HSM
anuragraj03__frame00031_png.rf.57af4d48f47e6bd772f040054bfc43a0,HSM
anuragraj03__frame00031_png.rf.5c07f0b3c76d8a8077a843d5a66a5982,PPC
anuragraj03__frame00031_png.rf.5c7d25627b8da9ba99ad6757be1ed51d,PPC
anuragraj03__frame00031_png.rf.5e7756075a460b10fa1325214cd84205,HSM
anuragraj03__frame00031_png.rf.5ef21ab23837a6224f75c1a4a28845e2,HSM
anuragraj03__frame00031_png.rf.5f28d8655f546204fa73715ea329dd1a,HSM
anuragraj03__frame00031_png.rf.61e6d499ef35a2bab8393df12125e27d,HSM
anuragraj03__frame00031_png.rf.673cc93a6addf66159a907a3f431fd5a,PPC
anuragraj03__frame00031_png.rf.6b96736674bc233e3334f08b1863fe56,HSM
anuragraj03__frame00031_png.rf.6da5050b39d4ac7c3452d1780e8dd43f,PPC
anuragraj03__frame00031_png.rf.763d592269d08e320c4cd5922b11e799,HSM
anuragraj03__frame00031_png.rf.772489384c48d87b8a9d29bbe046d7dc,unknown
anuragraj03__frame00031_png.rf.7ba84e91dc2c9cf3d0747106d534ca5d,HSM
anuragraj03__frame00031_png.rf.7d67f512684e012336bbe396483d9d24,PPC
anuragraj03__frame00031_png.rf.7e5bb05919525fbb672ba8ff39d9b1cb,HSM
anuragraj03__frame00031_png.rf.7f5b656217ba9a971ab6dc23bd410d85,PPC
anuragraj03__frame00031_png.rf.7f946bb492b1e05a5c1b6235b8fde6fc,PPC
anuragraj03__frame00031_png.rf.7fde3d328161492bac491d494e26d642,HSM
anuragraj03__frame00031_png.rf.81cc756fa7a98a2162694ca12af8db5d,HSM
anuragraj03__frame00031_png.rf.81f8721a8eb0e6cf66927fd71f43bf74,HSM
anuragraj03__frame00031_png.rf.82fcba4feb287be4e2ab2ade22c34ed7,HSM
anuragraj03__frame00031_png.rf.830d76fb0851867be7f03faee1dd7cfd,PPC
anuragraj03__frame00031_png.rf.83b5004ab033e7c0ffc70d74afeea3b8,PPC
anuragraj03__frame00031_png.rf.83fc71db099a3e4e69c4909bbefec158,PPC
anuragraj03__frame00031_png.rf.8489328e9d8f66cc4105be9ab3ea3227,HSM
anuragraj03__frame00031_png.rf.87720c993343cfbb5900ee24667742d9,PPC
anuragraj03__frame00031_png.rf.87ed7fcc271b461f6ba2dc74c3b9e422,HSM
anuragraj03__frame00031_png.rf.883e1b8871f28fe4991f74df2abf6a9b,PPC
anuragraj03__frame00031_png.rf.887cafd78d3b1232a4b68895be6155b6,PPC
anuragraj03__frame00031_png.rf.88ac45b1c116622f076700b19afe2f73,HSM
anuragraj03__frame00031_png.rf.89a81a0d47b174a9f5e7f6283ec52cc1,PPC
anuragraj03__frame00031_png.rf.89ec87520af3945977e2c9a1fe5877bd,PPC
anuragraj03__frame00031_png.rf.8bd53379dcb3282b2aadf901440f0b52,HSM
anuragraj03__frame00031_png.rf.8e37bb866abcbfe79252bd2320aea15c,PPC
anuragraj03__frame00031_png.rf.929377b52e710a1cd6df494a50512e61,HSM
anuragraj03__frame00031_png.rf.93749bc6b573b1fb295e724ee9a9a0aa,PPC
anuragraj03__frame00031_png.rf.9a08b853d071ce0f54a59479c19a6760,PPC
anuragraj03__frame00031_png.rf.9a30864aed471429a80bed6fca2f7a7b,HSM
anuragraj03__frame00031_png.rf.9c53c2c65aacd7ef351ce99308db866f,HSM
anuragraj03__frame00031_png.rf.9ec0c9bbcaaba25460c9c010c306e9de,HSM
anuragraj03__frame00031_png.rf.9f4a91b12dbbf3d58fdccc0a61275822,HSM
anuragraj03__frame00031_png.rf.a0b80ab38602ccad2db6549695f63ac5,PPC
anuragraj03__frame00031_png.rf.a123476a3b4ced8c0a90132cb75210be,PPC
anuragraj03__frame00031_png.rf.a374a1afd5d37d2ca75b2b6d86cfd408,HSM
anuragraj03__frame00031_png.rf.a973df780c1d0672549b9ae327ae7eeb,PPC
anuragraj03__frame00031_png.rf.aa5fb3fb15cf830505b353310d6254eb,HSM
anuragraj03__frame00031_png.rf.ac33532c4cdb005ef4107a38f6261df2,PPC
anuragraj03__frame00031_png.rf.ae1a1bbdd8d2052dfced07c9080c6cdb,HSM
anuragraj03__frame00031_png.rf.aeea2f49614c0131ae361f57c70448b7,HSM
anuragraj03__frame00031_png.rf.af285fd13f648c9a54f508326bff81bd,PPC
anuragraj03__frame00031_png.rf.af7c1c398e2009a396f2ae4bd19a5f78,HSM
anuragraj03__frame00031_png.rf.afbdab1331fa41b435a354ce93ec0500,PPC
anuragraj03__frame00031_png.rf.bbf4f8a399a3d5d400810523f17c7a34,HSM
anuragraj03__frame00031_png.rf.bea92f78141d1d16978f30998b06a987,HSM
anuragraj03__frame00031_png.rf.bf35745790e8d9f3ad4f9398dcd16dcb,PPC
anuragraj03__frame00031_png.rf.c4b9c814c6e581c2b5c7319750ae84ba,HSM
anuragraj03__frame00031_png.rf.c50b935de19b8336d9379e0c1bf259be,PPC
anuragraj03__frame00031_png.rf.c640c60d8f9efea8316fb02254fae685,HSM
anuragraj03__frame00031_png.rf.c6631e53a0bc282eef144028f29e6509,PPC
anuragraj03__frame00031_png.rf.c7f7271801347c9ebaafb3ffe91b4139,HSM
anuragraj03__frame00031_png.rf.c818e59778a814fe6ac6fb16192bdca9,HSM
anuragraj03__frame00031_png.rf.c830d2a0ec7ed93587c04c5d605e170a,PPC
anuragraj03__frame00031_png.rf.cbacbe706560072da48a071d64e7053a,PPC
anuragraj03__frame00031_png.rf.cc6a36dfc0942426171643371b49aa80,PPC
anuragraj03__frame00031_png.rf.d3939b01960c69acca9fc07f62ee0608,PPC
anuragraj03__frame00031_png.rf.d53f089bbc79b02e66495b4ec5ff690b,HSM
anuragraj03__frame00031_png.rf.d7324e20c7062fbcdf89e1e93b675ab4,HSM
anuragraj03__frame00031_png.rf.dc79aa3f445e5861e051aaf8724e4de9,PPC
anuragraj03__frame00031_png.rf.dd74d7103c24bc589063406a587737d9,PPC
anuragraj03__frame00031_png.rf.de125b969809f10f800a289aacbc6b2a,HSM
anuragraj03__frame00031_png.rf.df1084518ef6106f50cdd1c5221d1793,HSM
anuragraj03__frame00031_png.rf.e0bbafa46dcdd33712e49e2997be6ded,HSM
anuragraj03__frame00031_png.rf.e427f1e1a3e681615f86c21b394719ad,PPC
anuragraj03__frame00031_png.rf.e614ee495230f37a4faec462598c66da,PPC
anuragraj03__frame00031_png.rf.e6a539d28e819a784c14acb7d63094cb,PPC
anuragraj03__frame00031_png.rf.e9d144a922a8bd735b14e522265f1089,PPC
anuragraj03__frame00031_png.rf.eacb61844bd652da13e1c70aa94b947b,PPC
anuragraj03__frame00031_png.rf.eb17f3b370f3c573fce3be034c63cc38,PPC
anuragraj03__frame00031_png.rf.ec4b4855b5cc202462a6742ee915f82c,HSM
anuragraj03__frame00031_png.rf.f34eaadab1df4d5a48ec9d5109fbb588,PPC
anuragraj03__frame00031_png.rf.f3d374cf2f1ce16f64aecd142efd776a,PPC
anuragraj03__frame00031_png.rf.f445768623955f6063b1ad3eae73eead,PPC
anuragraj03__frame00031_png.rf.f4f3201b710ff8381df46cd5e872a8ee,HSM
anuragraj03__frame00031_png.rf.f8f689368c7eef9c9d98724ffa09857c,HSM
anuragraj03__frame00041_png.rf.018b1ae3734f1ff24e5136e048f87f5f,HSM
anuragraj03__frame00041_png.rf.01bc0c1b8b1c3fcb256d50da40be6ba6,HSM
anuragraj03__frame00041_png.rf.02b2fdf78c7d17b2abf9bba5c1534cdb,PPC
anuragraj03__frame00041_png.rf.045ed994ad25e7a788784b16bc1668f9,PPC
anuragraj03__frame00041_png.rf.067305c35a1bc04429697fb07fc3c0d3,PPC
anuragraj03__frame00041_png.rf.078fce81e097131abff6302db934adc5,HSM
anuragraj03__frame00041_png.rf.0834a280b9065b938f362d7dfe7e32bf,PPC
anuragraj03__frame00041_png.rf.0859e71cf0444170e267115581d86098,PPC
anuragraj03__frame00041_png.rf.09e6f0841ad3de71fd3c9208cb285575,PPC
anuragraj03__frame00041_png.rf.0ed4ed88ffa00c4bba4b5eed2d153d17,HSM
anuragraj03__frame00041_png.rf.0fb9e895a916b755548b2e52da83d723,HSM
anuragraj03__frame00041_png.rf.10117a841c0ed8fa3cec3bdcff98982a,PPC
anuragraj03__frame00041_png.rf.136c9e83c5364cc43a1ab317fa86aa05,PPC
anuragraj03__frame00041_png.rf.145c92f5f8d65e6c0830df9935823336,PPC
anuragraj03__frame00041_png.rf.1862e0b747a59c825c6ee45d666ab907,PPC
anuragraj03__frame00041_png.rf.18833965e2810aba80c03697e2274d60,HSM
anuragraj03__frame00041_png.rf.19debdd15fd9df8f37e4fed4b13ed82e,PPC
anuragraj03__frame00041_png.rf.20386a3122f9dc43dca0512ae6a6ea7c,PPC
anuragraj03__frame00041_png.rf.21d08c5d726ed242d0ffa1144c9be970,HSM
anuragraj03__frame00041_png.rf.22c0d4b4a78dae000d0f9cc74bfbacdf,HSM
anuragraj03__frame00041_png.rf.24a171a296b487ddc122d5e4cda882c1,HSM
anuragraj03__frame00041_png.rf.252d9ad93cec84cce0f84091236b3b41,PPC
anuragraj03__frame00041_png.rf.2a28cd133907d26b49fc5734e6c4bce1,HSM
anuragraj03__frame00041_png.rf.2a88347b470b27c20c2a5b75df9328df,PPC
anuragraj03__frame00041_png.rf.2c3b0815a3d136b18bfaf7f73548bfc8,HSM
anuragraj03__frame00041_png.rf.3523f7216d3c4638c9d8cab9630a1f70,HSM
anuragraj03__frame00041_png.rf.3720202499785deee0ca5bcd8d927ca4,PPC
anuragraj03__frame00041_png.rf.375b395514078c15fe80630aa8910dc3,HSM
anuragraj03__frame00041_png.rf.3762455eb8e678ca4c02a475b919fadd,HSM
anuragraj03__frame00041_png.rf.3a85e7c4820d9426d69d4bdeaf30c78c,PPC
anuragraj03__frame00041_png.rf.3d4c9621d25f7e45fb1d60df8e5e4e0e,PPC
anuragraj03__frame00041_png.rf.3f5a42e739926881c3361c00f600800a,PPC
anuragraj03__frame00041_png.rf.40a2b9b9db91ef225be44cd620fa39c0,PPC
anuragraj03__frame00041_png.rf.4253c74d7a89898a3a7cab1a29514dcc,HSM
anuragraj03__frame00041_png.rf.497e278c8fe138d7ca9e580b1dde6867,PPC
anuragraj03__frame00041_png.rf.4ff6d57e97fd010b9261c2c2a8cfd992,PPC
anuragraj03__frame00041_png.rf.50bcae8372d785cdc605e98eaee26583,PPC
anuragraj03__frame00041_png.rf.520896980980752be19806b5936f2de1,HSM
anuragraj03__frame00041_png.rf.52a69ba54fcf3fd5b7360144ea7667ac,PPC
anuragraj03__frame00041_png.rf.5464ed7b001ba7f28df301ee003e7673,HSM
anuragraj03__frame00041_png.rf.57405fedf97c8ec1a3d2817a48a4f45b,PPC
anuragraj03__frame00041_png.rf.59303b4e4ccd89bf86ea8e0a0f3f7a7b,PPC
anuragraj03__frame00041_png.rf.5945f4a2fe7c54c6efff079a5f361761,HSM
anuragraj03__frame00041_png.rf.5d05e097d3548586f6841256696b24e2,PPC
anuragraj03__frame00041_png.rf.5ff9ca513521777c462c029ff6183377,PPC
anuragraj03__frame00041_png.rf.60f08b484b716f36c79cfd16f4575e48,HSM
anuragraj03__frame00041_png.rf.62d3d7de76af653785b460b84028a8c4,PPC
anuragraj03__frame00041_png.rf.642a025ef21601d8f658f965de75511a,PPC
anuragraj03__frame00041_png.rf.68c874770c0ee8ab74569f5177f2bae1,PPC
anuragraj03__frame00041_png.rf.6921fc1a5928fbce47d6a83b6af40fa1,PPC
anuragraj03__frame00041_png.rf.6924332bf83cc8bb9526c89b1dbe766e,PPC
anuragraj03__frame00041_png.rf.6931c038a0b124171a371f3dbab67c0a,PPC
anuragraj03__frame00041_png.rf.6a57f9486fe1caef7efbc87483189ee1,HSM
anuragraj03__frame00041_png.rf.6aca6563f0d0aa32ebc1bbae06fa7cf2,PPC
anuragraj03__frame00041_png.rf.6aef4165528a5eadb807bdc84365aa8d,HSM
anuragraj03__frame00041_png.rf.6b7a9df55b7a7a51e86d4240140390f1,PPC
anuragraj03__frame00041_png.rf.6c2a2a20aa732000843662d443743a6a,HSM
anuragraj03__frame00041_png.rf.7018f7a3a5ebfab10b8651391dc5070f,HSM
anuragraj03__frame00041_png.rf.7216a9711c11eee6883e32d64e35f054,PPC
anuragraj03__frame00041_png.rf.73be603cf4ce382ac9d9783bd44b414c,PPC
anuragraj03__frame00041_png.rf.7446479df5c459259be976d062a91e0c,HSM
anuragraj03__frame00041_png.rf.748ce1d08274d99f5e173acdee7ccfde,HSM
anuragraj03__frame00041_png.rf.779ab348c8c4b4588019509c693b489f,PPC
anuragraj03__frame00041_png.rf.792d91d8c1b52a3d98d57455233c8ff1,PPC
anuragraj03__frame00041_png.rf.79f149a1e9086c19beeed098ba5a801a,PPC
anuragraj03__frame00041_png.rf.7aaff59567bd90b83f0cb5516ab2ab39,PPC
anuragraj03__frame00041_png.rf.7b53bdba4a9b107cbd04b921d3a934f7,HSM
anuragraj03__frame00041_png.rf.7f5334da831b74cf7cd1a58892470825,HSM
anuragraj03__frame00041_png.rf.8a60b04aba06f3f1656571a7660e8adc,HSM
anuragraj03__frame00041_png.rf.8e099271fc8fb4d38cd9da6c18def83a,HSM
anuragraj03__frame00041_png.rf.8f642c1cb47223e530efc1bc6e7e2266,PPC
anuragraj03__frame00041_png.rf.94039a9bd956d78d65a704cf6b3bd4dd,HSM
anuragraj03__frame00041_png.rf.95b2fad5c241ca26ad27a164a6b4ade0,PPC
anuragraj03__frame00041_png.rf.96f8666aca8929127671e609d31d8bd4,PPC
anuragraj03__frame00041_png.rf.995c627757e7c60c51f49e86753070af,PPC
anuragraj03__frame00041_png.rf.9a6a8d70e4dbab26f33957efc9faae6b,PPC
anuragraj03__frame00041_png.rf.9b0a585ebf63f306d30cedffe3690a5d,HSM
anuragraj03__frame00041_png.rf.a0535fc9c82930d1a2b66a367e4da962,PPC
anuragraj03__frame00041_png.rf.a1666ddcfc4a74c60a3e590953e20318,PPC
anuragraj03__frame00041_png.rf.a3ba326b42d9aaa17b153915470ea240,PPC
anuragraj03__frame00041_png.rf.a57d2389c0dbd8f30773fd2accb8779b,PPC
anuragraj03__frame00041_png.rf.a6282d83d385d201a9de78759ce2524c,PPC
anuragraj03__frame00041_png.rf.a65e9e09babf4247691597ddc35c998c,HSM
anuragraj03__frame00041_png.rf.a8e479a05b82ba91fc7f2724750fb2e9,PPC
anuragraj03__frame00041_png.rf.aa1246ccaacf3310abe82447977b66d8,HSM
anuragraj03__frame00041_png.rf.ae1b622f842808d39772a73bfddaebb5,HSM
anuragraj03__frame00041_png.rf.ae233d6678db2d64f2084a0a51467576,HSM
anuragraj03__frame00041_png.rf.ae93a8a1273b75677c589d813db49941,HSM
anuragraj03__frame00041_png.rf.b6f5af25f1edb9bb9b266d783d229b77,HSM
anuragraj03__frame00041_png.rf.b8df0428e54747037a4edeee40d7af6c,HSM
anuragraj03__frame00041_png.rf.b921194357f2d285712fc56bfd3682e5,HSM
anuragraj03__frame00041_png.rf.bec5b5202d2d514a11d80a2ce3287ae3,PPC
anuragraj03__frame00041_png.rf.bfb33d0fd1ddf6c2b124719178b7bc13,HSM
anuragraj03__frame00041_png.rf.c541927130dfc37eccaec71afa391e03,HSM
anuragraj03__frame00041_png.rf.c8a65b884f3cac3d9f50ba14beeb7c85,PPC
anuragraj03__frame00041_png.rf.cbcd56728961b771f1f3e288ba9e7375,HSM
anuragraj03__frame00041_png.rf.cf213152b12ea9f92fb3ce5335247551,PPC
anuragraj03__frame00041_png.rf.d2d8eca886e81b6a8fc73e600985c217,PPC
anuragraj03__frame00041_png.rf.d444f2cf5494fa14a6ccb1610f3089cf,PPC
anuragraj03__frame00041_png.rf.d57ef7206ad654321c73630671bd9bc9,HSM
anuragraj03__frame00041_png.rf.d8d0e38725670000f013c276b9e7d002,PPC
anuragraj03__frame00041_png.rf.d95d8659d2c472c8ba2a13767a749725,PPC
anuragraj03__frame00041_png.rf.d96fb7ca130791cc86753b0f69aee9da,HSM
anuragraj03__frame00041_png.rf.e0d11d433b1f72df80b08f48b7afaf03,HSM
anuragraj03__frame00041_png.rf.e234984e1b7e924adb24fb31e1998f67,HSM
anuragraj03__frame00041_png.rf.e2ac60c4cba8576c74078d76ee4d93e8,PPC
anuragraj03__frame00041_png.rf.e50de4ed17f0f7b074e310161b7d1a6a,HSM
anuragraj03__frame00041_png.rf.e546aa56d877f40e46151a04b3dc202e,PPC
anuragraj03__frame00041_png.rf.e6a2620c6593375feb96798ad951b153,HSM
anuragraj03__frame00041_png.rf.e790b0192d96d06479114a15efcc3705,PPC
anuragraj03__frame00041_png.rf.e843f949634c7bea67ac73375b1a7ab6,HSM
anuragraj03__frame00041_png.rf.e98e6e2602cc5fd84edf8f24037a7dd8,PPC
anuragraj03__frame00041_png.rf.eb90bc4b5108d6ba5abe11b4826040ad,HSM
anuragraj03__frame00041_png.rf.edd9aefa8d91e5559987128e7f4b39c7,PPC
anuragraj03__frame00041_png.rf.ee98bffe04cb33d6af4dbe91e3c68750,PPC
anuragraj03__frame00041_png.rf.f0897fa262c9d0c8468a4f44b5c2c385,PPC
anuragraj03__frame00041_png.rf.f0c08532f44856091215856b83685f83,HSM
anuragraj03__frame00041_png.rf.f1ba7389fc82f0334b40708aab287e4b,PPC
anuragraj03__frame00041_png.rf.f319cd523c98fc9b1c7410aa00068802,PPC
anuragraj03__frame00041_png.rf.fc626a4353e311238f5b7410db3fd011,HSM
anuragraj03__frame00041_png.rf.ff44149b584d92319ed89c75d5a63ffb,PPC
anuragraj03__frame00051_png.rf.02a3922180d54ee8ed05de4dbef43213,PPC
anuragraj03__frame00051_png.rf.04ae662637faf6880881cae13f3c2482,PPC
anuragraj03__frame00051_png.rf.04f93c38edcf34408640f5dcb0cebe9e,HSM
anuragraj03__frame00051_png.rf.05559195b9bdf28ec94c425c918e3890,PPC
anuragraj03__frame00051_png.rf.05686c3d3fb9d931720802bba4278b9a,HSM
anuragraj03__frame00051_png.rf.08387586e8182472dabf2bf0e2e6a406,PPC
anuragraj03__frame00051_png.rf.09ba41d093c6cbfba4380735f2fa2a34,PPC
anuragraj03__frame00051_png.rf.0d24432ece1d9eee259ce3301d804e9e,PPC
anuragraj03__frame00051_png.rf.0e393f362a4b8770905eff7859fd19c3,PPC
anuragraj03__frame00051_png.rf.0e3bf7ce0e666b89b208c1db35b26029,HSM
anuragraj03__frame00051_png.rf.0e3d0621eb44fa29f1f87e4c68f51978,PPC
anuragraj03__frame00051_png.rf.10da981a95d9fc31ff28206a07113f03,HSM
anuragraj03__frame00051_png.rf.123af988f3cad2ad830970aeca17ab9c,PPC
anuragraj03__frame00051_png.rf.127039cbf57bc0f316cd9f555201b632,HSM
anuragraj03__frame00051_png.rf.12a0841f2a991d35896d4011f6d6f44c,HSM
anuragraj03__frame00051_png.rf.18f0fcfb5fe9b89654353ed07e81c93d,PPC
anuragraj03__frame00051_png.rf.1bc35c1a1bcd0a6d7ea686b05471e02b,HSM
anuragraj03__frame00051_png.rf.1d7940c67729a728907874f9bbd12694,PPC
anuragraj03__frame00051_png.rf.1dadbcd4d662212c649ffc6122e6b76f,HSM
anuragraj03__frame00051_png.rf.229c4774e465acbc61911e90a1443b2c,HSM
anuragraj03__frame00051_png.rf.234abd70bfe5a849bb4117ce0f71a29b,PPC
anuragraj03__frame00051_png.rf.251008bdc3c6a3b543ad65b3bf3abe28,HSM
anuragraj03__frame00051_png.rf.251aebc02b932b98b902c53c3818a52e,HSM
anuragraj03__frame00051_png.rf.26e43664fcd9310f8f5a4a0813df5508,PPC
anuragraj03__frame00051_png.rf.2a6c87b20b3890939e675b75033ba744,PPC
anuragraj03__frame00051_png.rf.2a744394550cd9841c1126695eacace3,PPC
anuragraj03__frame00051_png.rf.2ea0f350cdbb08c0494f94bfbcc99898,PPC
anuragraj03__frame00051_png.rf.30aa14c0332c2262f9d17998d2fa67b9,HSM
anuragraj03__frame00051_png.rf.341b9937181199f1cf7ceee623c31d49,HSM
anuragraj03__frame00051_png.rf.343894aa4af9a70b8e61a6408e99053e,PPC
anuragraj03__frame00051_png.rf.38d8c87ee5d9804ee8eea4d51b75b9c6,HSM
anuragraj03__frame00051_png.rf.38f2a5535783ffd08b3a579a2ccc8ff2,PPC
anuragraj03__frame00051_png.rf.39ff529af983abc38199c6b4e9f803cc,HSM
anuragraj03__frame00051_png.rf.3a61165ac395fe1d2abe087d3a3dd64b,HSM
anuragraj03__frame00051_png.rf.3b7418295cc5d2251e95477622258b58,HSM
anuragraj03__frame00051_png.rf.3be4b601ccf118ebd2512124f7e204e8,HSM
anuragraj03__frame00051_png.rf.3cdab341e2181888eafbb9a0af67f00f,PPC
anuragraj03__frame00051_png.rf.3fb60df695df85b8d26ec00f83b0c4d2,HSM
anuragraj03__frame00051_png.rf.425e58d45a3b0c6040b27afc0c76be3d,PPC
anuragraj03__frame00051_png.rf.4431c3b0b3b8bb1dd3ab7f887eacfd6e,PPC
anuragraj03__frame00051_png.rf.45874eb88bb2c39852601d4770cb4252,PPC
anuragraj03__frame00051_png.rf.46dfdbf3dd724643d3893ce13c8410d7,HSM
anuragraj03__frame00051_png.rf.4b2d0f695be75b84d3b80c1e005feb2f,PPC
anuragraj03__frame00051_png.rf.4e748143ee3b0c98468d8eb4f845a8a4,HSM
anuragraj03__frame00051_png.rf.4fee77920efcf5ad318dbcdd8a3c58db,PPC
anuragraj03__frame00051_png.rf.50ae6e3a44f6c0dc681bc23bb4bc6683,HSM
anuragraj03__frame00051_png.rf.5264b731782b5b0e1a52547980ac6aee,PPC
anuragraj03__frame00051_png.rf.53b48e1aad172f8338d2a9c6d8f8e072,PPC
anuragraj03__frame00051_png.rf.54f3e9f9d2109fb50b8ee4b5ec744d59,HSM
anuragraj03__frame00051_png.rf.5c34ca3f805d406fba1a701597b438ff,PPC
anuragraj03__frame00051_png.rf.5c59b6081b293463c6a72277e3aa606b,PPC
anuragraj03__frame00051_png.rf.606ae901616fd8da26b2c97fd8c798cf,PPC
anuragraj03__frame00051_png.rf.62ec9e51fcfc0c2f4b17787bbcbc1325,PPC
anuragraj03__frame00051_png.rf.651e1c8959c5a7064ca23b8ed612ccbc,HSM
anuragraj03__frame00051_png.rf.65f24d1d0f3ae5b6c74524112221fcf1,PPC
anuragraj03__frame00051_png.rf.68e6e460dc5654eb8003aad838e5fcc6,PPC
anuragraj03__frame00051_png.rf.6d7ddb71277f5b2e10bdbfbe4b8866a0,PPC
anuragraj03__frame00051_png.rf.718882c4bcfd64270ae3b500e2539081,PPC
anuragraj03__frame00051_png.rf.71c2b669a9d436cdbadc0a3118a4a3d2,PPC
anuragraj03__frame00051_png.rf.7374d9f20e20443159720d694a89350e,HSM
anuragraj03__frame00051_png.rf.7494decd48f28fabf2d81c1f764d4942,PPC
anuragraj03__frame00051_png.rf.795bd6810e8c7ed964a33d53fa52b190,HSM
anuragraj03__frame00051_png.rf.7a217829519893e7ec9a13438ec350fb,HSM
anuragraj03__frame00051_png.rf.7bc8a985ba0e15d714a2fb1d1b7dc50b,PPC
anuragraj03__frame00051_png.rf.81eed3cb9d09fa9a4b0531f868287bd6,HSM
anuragraj03__frame00051_png.rf.90781b274f5d394b17dce39b0f352ff3,PPC
anuragraj03__frame00051_png.rf.9120bc3bbba7d892f1f1b1adcf7707cf,HSM
anuragraj03__frame00051_png.rf.92b80c2806ca47f0758f81a4e362dd4d,PPC
anuragraj03__frame00051_png.rf.93093800f619419db612ce3172f22e84,HSM
anuragraj03__frame00051_png.rf.989846dbb8730ef8e6c216d457e7205a,HSM
anuragraj03__frame00051_png.rf.9baae4e2a59bf7b0f9e4d019a16dc9b2,PPC
anuragraj03__frame00051_png.rf.9e3b906aadc015895a869ba46a75fdff,PPC
anuragraj03__frame00051_png.rf.9f481a4c9619f0152e0961e4163d6df7,HSM
anuragraj03__frame00051_png.rf.a19ece40c432b8152cc0409ddccdbaa6,PPC
anuragraj03__frame00051_png.rf.a47a089ed20cdf2f385b889e9dc45caa,PPC
anuragraj03__frame00051_png.rf.a6ba8d487770f958662ff58d25795720,HSM
anuragraj03__frame00051_png.rf.a827122356ad34cba6d459c018fba37c,HSM
anuragraj03__frame00051_png.rf.aa85efc216c59c6cd4602a7db57c0725,PPC
anuragraj03__frame00051_png.rf.adc5d77c649c5238090d701acc9a3674,PPC
anuragraj03__frame00051_png.rf.ae763c948b4218ad0eaaf68bb08aab2a,PPC
anuragraj03__frame00051_png.rf.aeccf0d62d8915c94dacad5106b5f493,HSM
anuragraj03__frame00051_png.rf.afec25cf20ac449ff04836c69ca07d86,PPC
anuragraj03__frame00051_png.rf.b2491836b170e41b168f44cc7891f0db,HSM
anuragraj03__frame00051_png.rf.b396144ffa7a9e121dce613098a00858,HSM
anuragraj03__frame00051_png.rf.b4b3ad48a6b3870f6399ba5ac183133d,PPC
anuragraj03__frame00051_png.rf.b60d35b83b069bfc30ce5ac5266254dc,HSM
anuragraj03__frame00051_png.rf.b66643ecb3c8d7a2e763be064c49f775,HSM
anuragraj03__frame00051_png.rf.b69038292a0fdc80a8c712eb9d804ec1,PPC
anuragraj03__frame00051_png.rf.b754c2af597ea5f2b0d5c7d240c3c16a,PPC
anuragraj03__frame00051_png.rf.b84a4d313ef3a442a7848e4eb136d98b,HSM
anuragraj03__frame00051_png.rf.b86360d96cffd18fffe79f8edac3187f,PPC
anuragraj03__frame00051_png.rf.bea61d6c2b1cd67e974308075c5131c2,HSM
anuragraj03__frame00051_png.rf.c0199444ac86c32bb9151c7a9b6a35ff,HSM
anuragraj03__frame00051_png.rf.c7984e38b7633184cf45bb896c8d0fed,HSM
anuragraj03__frame00051_png.rf.c81a8d8867a9ef85057eb2d305ff6f11,PPC
anuragraj03__frame00051_png.rf.cfe2bf6a73afe60c09b5db3fe1355f12,PPC
anuragraj03__frame00051_png.rf.d457990fb3ef1f22be0ef2ce02ebd5dd,PPC
anuragraj03__frame00051_png.rf.d7440561aa1400b1806c5dadd77cf47d,HSM
anuragraj03__frame00051_png.rf.d760569bfa6e2489c10d230de2e0bee3,PPC
anuragraj03__frame00051_png.rf.d76fea487ca14e3fd37f08eb498c9dfa,PPC
anuragraj03__frame00051_png.rf.db1e52be1c6db0a747c19f2847dc6dd5,HSM
anuragraj03__frame00051_png.rf.de235fe0353a0690f3c3d5d1aa3e3711,PPC
anuragraj03__frame00051_png.rf.e4a703dbf2079228221d9f19f228bffe,PPC
anuragraj03__frame00051_png.rf.e4c14d947a962d5f8c206dd362963dfc,PPC
anuragraj03__frame00051_png.rf.e757533619b20f908b3ea9f595303a11,PPC
anuragraj03__frame00051_png.rf.e9086701808771a74158f426db6a3e74,PPC
anuragraj03__frame00051_png.rf.ea40e6dde52fe45a1caedcc3a3959a39,PPC
anuragraj03__frame00051_png.rf.ec375dd55575b61df45785725b9a2a7c,PPC
anuragraj03__frame00051_png.rf.ec5f88224dce8b91851599ba289498dd,PPC
anuragraj03__frame00051_png.rf.ed3afd079c79e0f1ab3538cf473a721d,PPC
anuragraj03__frame00051_png.rf.ef226984088cd8eb4a8ee7421985bce5,HSM
anuragraj03__frame00051_png.rf.f21c2a780f37189845150c2dc1cc9052,HSM
anuragraj03__frame00051_png.rf.f27d8ac8184387d08d898c840fc51118,PPC
anuragraj03__frame00051_png.rf.f2ac46cb930b91a700f87680e6038b48,HSM
anuragraj03__frame00051_png.rf.f924f46d3428c16828edb74812a76b06,PPC
anuragraj03__frame00051_png.rf.f9f5874913954760378f5d735bc8aed2,PPC
anuragraj03__frame00051_png.rf.fb4a597b799cf3af589929aa8232fb31,HSM
anuragraj03__frame00051_png.rf.fef351e91a1ffa2b9effac4daa0dd984,HSM
anuragraj03__frame00051_png.rf.ff5176d1336cd05ff2d2f8725fde63de,HSM
anuragraj03__frame00061_png.rf.0105db7b92d2b7f0ce2e97d5d68e966d,PPC
anuragraj03__frame00061_png.rf.06382d83cb2986bdc943320edb000f05,PPC
anuragraj03__frame00061_png.rf.09951c4dfd84180e50b0a1535672fa48,HSM
anuragraj03__frame00061_png.rf.09ac7cd1dc28261516f04cd8d6a8eef7,PPC
anuragraj03__frame00061_png.rf.0ceea3f2a660c7892aa624b7e6e89b5b,HSM
anuragraj03__frame00061_png.rf.0cf2e25c3732b94ea99af8ca861b6ed3,PPC
anuragraj03__frame00061_png.rf.0f9979deabf00fceadedcb763e41dc04,HSM
anuragraj03__frame00061_png.rf.116d33ac44fd693907fcb44ad1b21ff1,HSM
anuragraj03__frame00061_png.rf.151e81ad714de843b5b4412afe3b59c8,HSM
anuragraj03__frame00061_png.rf.16ad8f7f889b4e88abf505c80579f203,HSM
anuragraj03__frame00061_png.rf.16e0656c1febbadea42aa300556ee7f4,HSM
anuragraj03__frame00061_png.rf.1762d3e29babd6c798d2bc15e3e94edf,HSM
anuragraj03__frame00061_png.rf.193a42f357259dbd33a886da4cb3c37b,HSM
anuragraj03__frame00061_png.rf.1a2f5dfb54556b1bb202a565aae4bf54,HSM
anuragraj03__frame00061_png.rf.1ac5ab67be2b168377f097756296f09c,HSM
anuragraj03__frame00061_png.rf.1b6930edcec195455a5ccdfb14f5f5c2,PPC
anuragraj03__frame00061_png.rf.1d2a3b6e47c2f5b074f041712979ef82,PPC
anuragraj03__frame00061_png.rf.1d8af30ae7466628996ab620ac814785,HSM
anuragraj03__frame00061_png.rf.208397c40a8f72f51ddee599e1f130a2,HSM
anuragraj03__frame00061_png.rf.20c946d64c261dc2f649b30c172d2d83,PPC
anuragraj03__frame00061_png.rf.247ddc6d2c0688fe383ea60dea96f14a,PPC
anuragraj03__frame00061_png.rf.2559154e6ae9bf3dd09226254ed07862,PPC
anuragraj03__frame00061_png.rf.27eba1065fa6bae49070f29154af07c0,HSM
anuragraj03__frame00061_png.rf.2cd3c09a5d5585bd1be528f68001ab57,PPC
anuragraj03__frame00061_png.rf.2e2a80b3342e1587077c21e423634172,HSM
anuragraj03__frame00061_png.rf.2e5a42f45d05471c4592c5d38be4415a,PPC
anuragraj03__frame00061_png.rf.2e720ecd64206138aa5b4bc45d715e9b,HSM
anuragraj03__frame00061_png.rf.2f778c4046ec60846fe076634be2dc57,HSM
anuragraj03__frame00061_png.rf.2f7a771c5d730df6da84bfc0ec4d9ef6,HSM
anuragraj03__frame00061_png.rf.3659db6700d2e07e155d8512de5a9d25,PPC
anuragraj03__frame00061_png.rf.37357514993d8b3726a4e31c47af6091,PPC
anuragraj03__frame00061_png.rf.37801d8d45b98ad00b0ba0e15df47af0,PPC
anuragraj03__frame00061_png.rf.3956f2853a10d369bf0f9186b86b7be4,PPC
anuragraj03__frame00061_png.rf.3b9f9d68a597abd6cbbc0ce4e678e951,PPC
anuragraj03__frame00061_png.rf.3bb8d95fb5b7a90eafc385b9e69d8c2b,PPC
anuragraj03__frame00061_png.rf.3dbfe00111e3ba5cbfe5b27e97ee3e7e,HSM
anuragraj03__frame00061_png.rf.3e5556eb0347882dd11e88556d22f7cd,PPC
anuragraj03__frame00061_png.rf.3eb68d70fc53329931ccbb7f23f2d860,HSM
anuragraj03__frame00061_png.rf.4120910cbe643d4caddd6c5ac2473652,PPC
anuragraj03__frame00061_png.rf.43a1876351a7f71ceed8e44b9d23af2f,PPC
anuragraj03__frame00061_png.rf.446ec54e53f28b6f59419d4935a39692,PPC
anuragraj03__frame00061_png.rf.4474eefa18afa1a4b3271c691008fdbc,HSM
anuragraj03__frame00061_png.rf.44d804a96e1e9601b41ec73085df9a45,HSM
anuragraj03__frame00061_png.rf.483db0d1895d02de458051306a5d2f5e,PPC
anuragraj03__frame00061_png.rf.488428d73cf63f169ce7c23d34f65e63,HSM
anuragraj03__frame00061_png.rf.4cc9952837971119d7cea7c06c55347a,HSM
anuragraj03__frame00061_png.rf.4d9128b17d2781a6efaa6fb432085135,HSM
anuragraj03__frame00061_png.rf.4dc854ae8f7e9c02176e1098015caa59,HSM
anuragraj03__frame00061_png.rf.4e1c03a3ace32d54a133a06a1dcd76cf,HSM
anuragraj03__frame00061_png.rf.4f341837aa51a50fb6751fc0765153b8,PPC
anuragraj03__frame00061_png.rf.4fa5c80914a77cb9357466d581a294d3,PPC
anuragraj03__frame00061_png.rf.527e1438e949167ef9051a9eef8599ef,PPC
anuragraj03__frame00061_png.rf.532a8b113da739df6cfc00c4a2cbc841,HSM
anuragraj03__frame00061_png.rf.55688aaeff55574e6de520b2c09f03eb,PPC
anuragraj03__frame00061_png.rf.5574f7188fde40c7daf36a0149bfcabc,PPC
anuragraj03__frame00061_png.rf.55e00159212cffe931b172f0c943e1fb,HSM
anuragraj03__frame00061_png.rf.58bece00ff4828f9e86706a715946e53,HSM
anuragraj03__frame00061_png.rf.5c5aa5bfa08eb6b48539e450a29342b1,PPC
anuragraj03__frame00061_png.rf.5d38222972c28f424a718c1c7a428b8a,HSM
anuragraj03__frame00061_png.rf.5efccf24d4f06d37d7f0b85da0fe1073,HSM
anuragraj03__frame00061_png.rf.5f6833bd956ab8fe1d6b2a9749402037,HSM
anuragraj03__frame00061_png.rf.627f4329c2b8355afdf8eb445cd1506b,PPC
anuragraj03__frame00061_png.rf.641bf222150a42c3190890624ae7ab95,HSM
anuragraj03__frame00061_png.rf.6824d7899ed5427804a596fbda494c60,HSM
anuragraj03__frame00061_png.rf.69ef5188a4dd669400624f16777bffe4,HSM
anuragraj03__frame00061_png.rf.6baa91cdc5a6ea7fe8de5cc278cad7f0,PPC
anuragraj03__frame00061_png.rf.716c2b42cd07be6a8d077ed1c5cddc57,PPC
anuragraj03__frame00061_png.rf.716f2f68cbe2c56660816a9d686c088e,PPC
anuragraj03__frame00061_png.rf.731cec2e6bbc5eac6f21f11c5db85d72,PPC
anuragraj03__frame00061_png.rf.76bb4dff5015586d61e2c5ac5c7cf0a9,HSM
anuragraj03__frame00061_png.rf.784949ecd09f6cd445d6dccb025a14e9,PPC
anuragraj03__frame00061_png.rf.7913ea02243fd9000a23774f580124f6,HSM
anuragraj03__frame00061_png.rf.7bd7bbbd135c4914f0c7dce6d19aaf78,HSM
anuragraj03__frame00061_png.rf.7d2fee9c8abf575d5c0b2bbae4d7b9b5,PPC
anuragraj03__frame00061_png.rf.801cf963d8f94132b281ed24b5b81edc,PPC
anuragraj03__frame00061_png.rf.850dc5803e350e04796500dcfbb38b1f,PPC
anuragraj03__frame00061_png.rf.854232accc73e3846e77172dac82d4bf,PPC
anuragraj03__frame00061_png.rf.8692bcb8a1b723d26f055f469da30236,PPC
anuragraj03__frame00061_png.rf.86974e8908cc56accc52f502cde656d4,PPC
anuragraj03__frame00061_png.rf.87ac2b51de9137e07fa76e2d5fb62d06,PPC
anuragraj03__frame00061_png.rf.87d8925aea2bf22faeb4ee7f4e35c914,PPC
anuragraj03__frame00061_png.rf.897aa164610f502d3ec866707986a011,PPC
anuragraj03__frame00061_png.rf.8998935177f0fb2353acafb8e928a5d6,PPC
anuragraj03__frame00061_png.rf.8f502fef0b0420e5ad1ab38935c86737,HSM
anuragraj03__frame00061_png.rf.8fb0ca91e3573cecf7e0ef74b9a3ee65,PPC
anuragraj03__frame00061_png.rf.91c546de69ffdc6da78b381db1c6ab47,HSM
anuragraj03__frame00061_png.rf.93abdf77a87f7d10aea344066eb45ea9,HSM
anuragraj03__frame00061_png.rf.9493381f9228e3ed41d556e9427084b7,PPC
anuragraj03__frame00061_png.rf.96420ce9cdf5964b9a86c8a673eb20b3,PPC
anuragraj03__frame00061_png.rf.97bdde2d6737100eb2196d37fcfbfea4,PPC
anuragraj03__frame00061_png.rf.9c3163faa7b0d43c282f5e115a18e26a,HSM
anuragraj03__frame00061_png.rf.9d0fd5c1baca4b9ff4b36723ff7af6b9,HSM
anuragraj03__frame00061_png.rf.a1b728a87485db506dcde965c704c88a,PPC
anuragraj03__frame00061_png.rf.a5856d2620233db1450a30c9a88eabf4,PPC
anuragraj03__frame00061_png.rf.aac1702a0893ec63443a2e97de2e910e,HSM
anuragraj03__frame00061_png.rf.aaf40efaf4dbfcb8113078bccf299236,PPC
anuragraj03__frame00061_png.rf.acf171fcce895c5f75e90210a8bc9bb4,HSM
anuragraj03__frame00061_png.rf.acf7b0315e72e1990911263bf3c5bc3f,HSM
anuragraj03__frame00061_png.rf.af028566f30ce34038c8a997a2ea08d8,PPC
anuragraj03__frame00061_png.rf.afc244e1edbc7b210c50c158a4031b5a,HSM
anuragraj03__frame00061_png.rf.afe11a4cae4b087ca05bd7789b51f61c,PPC
anuragraj03__frame00061_png.rf.b472f75f7f06c3f84323f11e2bd19403,PPC
anuragraj03__frame00061_png.rf.b5fc829bd14a12e154800cab1440e4d7,PPC
anuragraj03__frame00061_png.rf.b67e07aae40a78c7e01c2c2a598014e6,HSM
anuragraj03__frame00061_png.rf.bb99eed0063b2a6917743acbd1304f25,HSM
anuragraj03__frame00061_png.rf.bbde0a88d5cd6ebc4d33e35be22f7301,PPC
anuragraj03__frame00061_png.rf.bcc7c3cd060b52488efc36e0b035d332,PPC
anuragraj03__frame00061_png.rf.bd0f6b08590aa074eb6e32950d54af7c,HSM
anuragraj03__frame00061_png.rf.be68717c865518f5d48580f4576be684,HSM
anuragraj03__frame00061_png.rf.bf179d55a26e00196d5c9676755a211b,HSM
anuragraj03__frame00061_png.rf.c0c249549d9ca99e80f21584ea25ddfc,HSM
anuragraj03__frame00061_png.rf.c24200349e5197be05c732d9094c162e,HSM
anuragraj03__frame00061_png.rf.c2ba2ae9e0b26a888ab97b43130e199a,PPC
anuragraj03__frame00061_png.rf.c53b7b412b6de51bcf0b9b045ed7b2fe,HSM
anuragraj03__frame00061_png.rf.cb60a026bf4c1872621f3fe1372b6547,PPC
anuragraj03__frame00061_png.rf.d03a71adc787694e873f21057bb62c9d,HSM
anuragraj03__frame00061_png.rf.d340abf70d723d98c246d0fdc8c76923,HSM
anuragraj03__frame00061_png.rf.d5d6c87403d1753633254587bbfcaab7,PPC
anuragraj03__frame00061_png.rf.d71858b6e9770679a4fc1f5c56ed7916,PPC
anuragraj03__frame00061_png.rf.d8b91238d10bfc6e8f398c5b9d754029,HSM
anuragraj03__frame00061_png.rf.daa982f7471e2b02fef731e2f58b59df,PPC
anuragraj03__frame00061_png.rf.dcd0ac2c7f756b8d755747bdd8dd3a1c,HSM
anuragraj03__frame00061_png.rf.dd4db0147656caddf4673853f1d9c01f,HSM
anuragraj03__frame00061_png.rf.dda692897bd08e043c7a096b8d1e83be,HSM
anuragraj03__frame00061_png.rf.dea663039528d62f1c68ad273d4c6652,HSM
anuragraj03__frame00061_png.rf.e1d7b0fad383f2628b0388bbe89e13c9,HSM
anuragraj03__frame00061_png.rf.e50038ffb860f6b85175368120c6cf9a,PPC
anuragraj03__frame00061_png.rf.e6189a7921ff348a0b33bf14776bce46,PPC
anuragraj03__frame00061_png.rf.e622ff367191dd391e039cf44440db2f,PPC
anuragraj03__frame00061_png.rf.e7ddbfc4a00512e8a730898c6b661f5a,HSM
anuragraj03__frame00061_png.rf.e978ebddc029db11b6f34ae64e30be0e,PPC
anuragraj03__frame00061_png.rf.ea0837821bc1b1d7636db4d210e0e9c6,HSM
anuragraj03__frame00061_png.rf.ec11c4187d6a297f845577af99f0dd21,PPC
anuragraj03__frame00061_png.rf.f02dee17b8ba6ce203a5effe74bdad53,HSM
anuragraj03__frame00061_png.rf.f2c0d14e860b0050580ffc2fe2a6339b,HSM
anuragraj03__frame00061_png.rf.f4278043008de72dfbf243d5ec145299,HSM
anuragraj03__frame00061_png.rf.f5ed7098962468800923c6057498a05e,PPC
anuragraj03__frame00061_png.rf.f877601e30cbc9c4e6746a5ddf8d4200,HSM
anuragraj03__frame00061_png.rf.fcf48dffe0a1c900f487ca695e620759,PPC
anuragraj03__frame00061_png.rf.fe40644a949ff2d53609e195426bdf4e,HSM
anuragraj03__frame00071_png.rf.040fe6a40c56a2a38d6dcc3a81cddde0,PPC
anuragraj03__frame00071_png.rf.0453f27d71c71356f79959d2804d52c3,HSM
anuragraj03__frame00071_png.rf.07e182e46e64c4515bc1c6ce90a1989a,PPC
anuragraj03__frame00071_png.rf.08f43bf94148998b739d0912f99648a8,HSM
anuragraj03__frame00071_png.rf.0923d9c8af58ee0fb9628cf0e6ff6ee4,PPC
anuragraj03__frame00071_png.rf.0eed68c63c0282c4c64adeb2ddf89bec,HSM
anuragraj03__frame00071_png.rf.1a40142007873aef13a7413e36b8ee12,PPC
anuragraj03__frame00071_png.rf.1ae36ad4275962b2dcf53f904a015fb6,HSM
anuragraj03__frame00071_png.rf.1d1f4147fc7548e5ba2b8e01e7be1d5c,HSM
anuragraj03__frame00071_png.rf.1f30bd064f65816f807087698b7e1fd9,PPC
anuragraj03__frame00071_png.rf.1f8ca713406b9699f8c4005c825c8729,PPC
anuragraj03__frame00071_png.rf.2552909b61a2557920df247d6caca921,HSM
anuragraj03__frame00071_png.rf.27fa9d42df15b9507951c0fa5fb64114,HSM
anuragraj03__frame00071_png.rf.2ea4b4910356876ee485300e0cffa933,HSM
anuragraj03__frame00071_png.rf.306abddc99616b2ee20044a22595cd47,PPC
anuragraj03__frame00071_png.rf.322b82f71326851b05ffb40f22c9fb9f,PPC
anuragraj03__frame00071_png.rf.323367534f63f74b3fa5a8b5b696093d,HSM
anuragraj03__frame00071_png.rf.32ad099149cae3b10b153c26e4e6fa9c,HSM
anuragraj03__frame00071_png.rf.3c76562efc6726fd6a0f6f7921cc3228,HSM
anuragraj03__frame00071_png.rf.3d50abf655d7b2582cd1f77327f3741b,HSM
anuragraj03__frame00071_png.rf.3e943f640ec590ff8be52443799d0c76,PPC
anuragraj03__frame00071_png.rf.3f59f95e34cfe68019965c7226f40080,PPC
anuragraj03__frame00071_png.rf.448a9cc83157c1cc84c5d01a1ca1df85,PPC
anuragraj03__frame00071_png.rf.487d626a3b89752f771b4cb6e24fbe48,PPC
anuragraj03__frame00071_png.rf.49a9b49e68b72cccce74e0c2a79ea13c,PPC
anuragraj03__frame00071_png.rf.4e91d54a0684b06c697ea41afee40397,PPC
anuragraj03__frame00071_png.rf.50964686db3bb136ca2e34661cf2f613,PPC
anuragraj03__frame00071_png.rf.528e03cdb3b4fbdda939e40d612e0da7,PPC
anuragraj03__frame00071_png.rf.53cd83bc8c3db492594f28cd24671cc9,HSM
anuragraj03__frame00071_png.rf.5576e3141b434a87a4c59894b70cfb99,PPC
anuragraj03__frame00071_png.rf.59d6add76018221e88979fda1855fe9a,HSM
anuragraj03__frame00071_png.rf.5e10cd3ac11be011a871003be6b82c25,PPC
anuragraj03__frame00071_png.rf.5fb3f28de5965d7f9df427bfff1e104e,HSM
anuragraj03__frame00071_png.rf.60b1d96d71ab3d915444d76421efc590,HSM
anuragraj03__frame00071_png.rf.62faa5cc704e657f455a4ab9d12aa0ab,HSM
anuragraj03__frame00071_png.rf.632c00240a799f4766dc36af9e8234fe,PPC
anuragraj03__frame00071_png.rf.64472d45f2c35980c3a22da56123fa71,PPC
anuragraj03__frame00071_png.rf.64bc06f3faf4849c81484d4c919ee6b5,PPC
anuragraj03__frame00071_png.rf.680a3d48ea4a2676f5914c54c700dbb3,PPC
anuragraj03__frame00071_png.rf.68c4ef29cec327051c0aecc4b8b076b0,PPC
anuragraj03__frame00071_png.rf.6a3bf7da72cdcd3ce3c521f5916f6329,PPC
anuragraj03__frame00071_png.rf.6a600310fa9bdacc418ff18cc18fab8a,PPC
anuragraj03__frame00071_png.rf.6cff1806f0935014b0277672c77523e7,HSM
anuragraj03__frame00071_png.rf.709f787cb0edd3b5ba08fd7a831d2982,HSM
anuragraj03__frame00071_png.rf.70ad884f7f60c543830483faa9227a4e,PPC
anuragraj03__frame00071_png.rf.70c20d75cf7aa59e1254f0f6e6667f14,HSM
anuragraj03__frame00071_png.rf.7105e37653645dd038c202e98bf8ced2,PPC
anuragraj03__frame00071_png.rf.7190d9349db2c71206b1e46a55cb0ef1,PPC
anuragraj03__frame00071_png.rf.7339f0bb8e4ed5de53bb4525d2c5064d,HSM
anuragraj03__frame00071_png.rf.79b43e0efbba05a8b6c6b20601bfbb2c,HSM
anuragraj03__frame00071_png.rf.7cf4dc00a969e8575fb5a476570219ba,HSM
anuragraj03__frame00071_png.rf.7e01dc1687d3dfa8669668b10b505886,PPC
anuragraj03__frame00071_png.rf.8276dc40af85db519798ea41726ea363,HSM
anuragraj03__frame00071_png.rf.842d96d575e8032ed6ae315727133561,PPC
anuragraj03__frame00071_png.rf.85e9feb07b48de846a9229284ac3c2db,PPC
anuragraj03__frame00071_png.rf.8757ce91d91a550c438ded21f3456ae5,HSM
anuragraj03__frame00071_png.rf.87b823c31cdef82ca23088a386b29e26,PPC
anuragraj03__frame00071_png.rf.89c2352a5fc6617045e300c137fbe015,PPC
anuragraj03__frame00071_png.rf.8bd0ea5b6e593a4d4e681469e21ffb0e,PPC
anuragraj03__frame00071_png.rf.8d3763c27c533d48f7717cef3a4505ad,PPC
anuragraj03__frame00071_png.rf.903f9f67af68d8c496a54b16f4d9d51a,HSM
anuragraj03__frame00071_png.rf.90d29429447dab40b70ffeee32604714,HSM
anuragraj03__frame00071_png.rf.9926bbcfd7de18b4183b067c99acb6b1,HSM
anuragraj03__frame00071_png.rf.9e10bcfb3a1108dbef71f240b4d3fac1,PPC
anuragraj03__frame00071_png.rf.9ecff651f2370bff01db01a99ebe1f02,HSM
anuragraj03__frame00071_png.rf.9ffc316f743a0ef14409ab0c06b97812,HSM
anuragraj03__frame00071_png.rf.a0a65d97318f85d625bc62960d4e8896,PPC
anuragraj03__frame00071_png.rf.a239c7e8ffccca66502bf06ab59e6c52,PPC
anuragraj03__frame00071_png.rf.a311f9fc7b220552cd6dfe0738845757,HSM
anuragraj03__frame00071_png.rf.a39a8055d2a99f0abc55a9ca6999ec76,PPC
anuragraj03__frame00071_png.rf.a40f9d540d97cafe9bdb95679c6d372e,PPC
anuragraj03__frame00071_png.rf.a83a504258bd64f59ca4230cfccedbd6,HSM
anuragraj03__frame00071_png.rf.a8abbfbc06103a748716b4f273542f8d,HSM
anuragraj03__frame00071_png.rf.ab8891b5cada46d4cc91d6e29ad7ba1b,PPC
anuragraj03__frame00071_png.rf.abb80b7dd9a4b263fda4d74f6128bf6e,HSM
anuragraj03__frame00071_png.rf.acf0a8ca7b1055a5af56c1b5616f1bcf,HSM
anuragraj03__frame00071_png.rf.afaba7e7e59870704ec6571b77aead63,PPC
anuragraj03__frame00071_png.rf.b11f4a5257d3a5c0a2a43ac9a3481acc,HSM
anuragraj03__frame00071_png.rf.b14188653ee9335ab1e14e158d01332c,PPC
anuragraj03__frame00071_png.rf.b34f1f2bd3d9e1097bc2bd746a1aaaaf,HSM
anuragraj03__frame00071_png.rf.b5bc156cde61e8e32493dbd53e73bcb0,HSM
anuragraj03__frame00071_png.rf.b5cbec1a9a613af957b5aa552f699fda,PPC
anuragraj03__frame00071_png.rf.b5d8266bac1ee21b211678597325be5e,HSM
anuragraj03__frame00071_png.rf.b76ad92b586329ee97e994299d2a017c,HSM
anuragraj03__frame00071_png.rf.b76c8569bf3d278bd65cb714289ef943,PPC
anuragraj03__frame00071_png.rf.ba447fc7944f0d73f8e972be9fafd8c7,HSM
anuragraj03__frame00071_png.rf.bb37e53da31a333285c6fa7bd85f9d12,HSM
anuragraj03__frame00071_png.rf.bb95c768b240303ad4c2d1f1a1a1b408,PPC
anuragraj03__frame00071_png.rf.c0dd6ceef3870bb8a64ee77b455fe41c,PPC
anuragraj03__frame00071_png.rf.c134e597939a62d8879664d03c3e628f,PPC
anuragraj03__frame00071_png.rf.c2bded49f05d5516943037100bbbefa6,PPC
anuragraj03__frame00071_png.rf.c3d1af76de45a7ef5c5a9aa576d91c79,HSM
anuragraj03__frame00071_png.rf.c46936dbdd37a209a908b92b54397a78,HSM
anuragraj03__frame00071_png.rf.c5f18cdb52bc11edc3ef1e3f57aad179,PPC
anuragraj03__frame00071_png.rf.c757cb0748dec13e04c027ff23021a9c,PPC
anuragraj03__frame00071_png.rf.c87b4b30ba16cce747802f4a5511fdf0,HSM
anuragraj03__frame00071_png.rf.c8e09a0e4cad2523895c6e3eb83a2aaf,PPC
anuragraj03__frame00071_png.rf.cc83dd730b2c15d1d05f13b163ecb6cc,PPC
anuragraj03__frame00071_png.rf.d0d0f804a25eee47e3bd3212a5ded8a4,PPC
anuragraj03__frame00071_png.rf.d13593ba79b1260b4ad56909b5408e38,PPC
anuragraj03__frame00071_png.rf.d2098802276bd36181998e478d8a36d6,PPC
anuragraj03__frame00071_png.rf.d31ae18532f13337effcd2b19c4c17a1,HSM
anuragraj03__frame00071_png.rf.d3213b99b9355f7535d32907d6cf7ce1,PPC
anuragraj03__frame00071_png.rf.d3d14b28ece10ffc16a6bf2a3bbc7a8a,HSM
anuragraj03__frame00071_png.rf.d9690d24bcda89e2f0c981a2139df4a7,HSM
anuragraj03__frame00071_png.rf.dbddfeddfdb19d4f07e1d8c56822eddd,PPC
anuragraj03__frame00071_png.rf.e16d69507850d152ea91f25e1a184a9b,PPC
anuragraj03__frame00071_png.rf.e2f686ef97c8b7cdb7fcb60cf145a746,HSM
anuragraj03__frame00071_png.rf.e5aeeb22206c58a86f5a64df182a2a03,PPC
anuragraj03__frame00071_png.rf.e841309b073d816d29e52d0b9f152aa6,PPC
anuragraj03__frame00071_png.rf.ee9570ad4ff217cb4e4c88cc9ce607b7,PPC
anuragraj03__frame00071_png.rf.f15091a404974e546e5d06d13a73396b,PPC
anuragraj03__frame00071_png.rf.f372855bf76e7807354ff27a742cbee1,PPC
anuragraj03__frame00071_png.rf.f3902bd977cc29bab1cfe2e1b518daa8,HSM
anuragraj03__frame00071_png.rf.f4293c75f6e7aac0fcda971b7e93651f,PPC
anuragraj03__frame00071_png.rf.f512bbf3504c40c6adc7adc4d484986b,HSM
anuragraj03__frame00071_png.rf.fcbd322e7536e55b1d53bc66c50397e3,HSM
anuragraj03__frame00071_png.rf.fd04e6ff2613d230fcee24a7bf5d2a91,PPC
anuragraj03__frame00081_png.rf.0057d9b9ac6eec2a8616c27c1de56b02,HSM
anuragraj03__frame00081_png.rf.015d179bd43605a4731f2dcfcfd81135,HSM
anuragraj03__frame00081_png.rf.01627946c493651db8d63ce8a1b3ccb1,PPC
anuragraj03__frame00081_png.rf.03b17e174e734036dea957058d1518af,PPC
anuragraj03__frame00081_png.rf.03c5449900c05b1e63f1fe4dd5311b3d,PPC
anuragraj03__frame00081_png.rf.043d7cacd3693dbc604f8c0292edae5d,HSM
anuragraj03__frame00081_png.rf.06aea41354eba474aec16edfacbd10bd,HSM
anuragraj03__frame00081_png.rf.07aad90bb17c32ab46ec3dd06c44a2c7,HSM
anuragraj03__frame00081_png.rf.08ccb89d4b896bbb78ee9dfd1a84a743,HSM
anuragraj03__frame00081_png.rf.0d9e5bc6864058ea4cfe8d54e2cdae84,PPC
anuragraj03__frame00081_png.rf.0e464d275363e9bf0de2655e731f5307,PPC
anuragraj03__frame00081_png.rf.0e55c92e78748be4e692ad3392f3b928,PPC
anuragraj03__frame00081_png.rf.0e73b00720293f5105c1737aed152ea8,PPC
anuragraj03__frame00081_png.rf.11577f35ecffae60a7a2bbb326c8a783,PPC
anuragraj03__frame00081_png.rf.1ab3eff973efbce957da726f5ab88498,HSM
anuragraj03__frame00081_png.rf.1c7843383773971a5c46503d0bbb7598,HSM
anuragraj03__frame00081_png.rf.1cf222be8872a9ad9cf0efb6a670b77a,PPC
anuragraj03__frame00081_png.rf.20397af60575b286c7da8cffe6e963dd,PPC
anuragraj03__frame00081_png.rf.20c32e08e813f390f0659a3ed709418a,PPC
anuragraj03__frame00081_png.rf.2140597dd70e7cdec0ef698e29e29d83,PPC
anuragraj03__frame00081_png.rf.27c7d4f20c738bb29ca679db6ebdf3d6,HSM
anuragraj03__frame00081_png.rf.3381256940b353c005297ed748d21bc3,PPC
anuragraj03__frame00081_png.rf.35037bd2720ab838a8026db2bff60529,HSM
anuragraj03__frame00081_png.rf.37b5b6bca585b1728d5f6e56377e2e3e,HSM
anuragraj03__frame00081_png.rf.37f15d2f421e22d0fc264035942ad4f8,PPC
anuragraj03__frame00081_png.rf.387472ff569a650f4fe68b6c303c09bb,PPC
anuragraj03__frame00081_png.rf.39241c20750b4c357e338cae33e8c26d,PPC
anuragraj03__frame00081_png.rf.3949a7d5a4979652931d5e28eb4821eb,PPC
anuragraj03__frame00081_png.rf.3b216ca9b3b410174f74ab50ac9000b7,HSM
anuragraj03__frame00081_png.rf.3ec294d8bdc74db08d37f2f38c72ac00,HSM
anuragraj03__frame00081_png.rf.40a45e8240727438d9d9a131e2eae969,HSM
anuragraj03__frame00081_png.rf.41932d5ad61f6e4ac9e43b160724d18b,HSM
anuragraj03__frame00081_png.rf.42262f2c52c88d3a1e06636a434386a2,HSM
anuragraj03__frame00081_png.rf.443706716dbddfa34b40750a00491f07,PPC
anuragraj03__frame00081_png.rf.449bc0d4ae63146ffe476a438386fb9f,HSM
anuragraj03__frame00081_png.rf.46e390355ab795b9a4ba62c50660615e,HSM
anuragraj03__frame00081_png.rf.475af37af5a56a379b1bc7fee770d298,PPC
anuragraj03__frame00081_png.rf.4b9d1c5349575ad4291287dd9571f9c1,PPC
anuragraj03__frame00081_png.rf.4d30c4244c7fdb3116ca76306721651b,PPC
anuragraj03__frame00081_png.rf.4fe4bf697d36718ba8e13cbc64617b95,PPC
anuragraj03__frame00081_png.rf.523086d4290099aa5d3dd158205fa1d9,HSM
anuragraj03__frame00081_png.rf.54970a1be1bd0e52ff340ea86032a7fb,HSM
anuragraj03__frame00081_png.rf.5969840b696643b654fcb40210ea75f3,HSM
anuragraj03__frame00081_png.rf.5bfb1a1bdc1963d320868d0e2980a566,HSM
anuragraj03__frame00081_png.rf.5ecfc67356b81e21b2a460799023d60c,PPC
anuragraj03__frame00081_png.rf.5ef2ef0116b62ade325f5ad1a9b8979b,PPC
anuragraj03__frame00081_png.rf.5f5ca71b61e8b00aa8c7a58e16f6bcc9,HSM
anuragraj03__frame00081_png.rf.600195fb54ca61e0394f112e56eb1b42,PPC
anuragraj03__frame00081_png.rf.6218f1ed5bb5760f69e216dc6724d7ee,HSM
anuragraj03__frame00081_png.rf.623c2d269c12cc07a50805ca2a425a15,HSM
anuragraj03__frame00081_png.rf.624a0677427907b0abcb4e8605480bc3,HSM
anuragraj03__frame00081_png.rf.693d9566cd3c6339bf2d9be3c81d7e55,HSM
anuragraj03__frame00081_png.rf.6b059b06f9a53e4dcf6cdfc7e833f89e,HSM
anuragraj03__frame00081_png.rf.6b3ec5dd6800787103c398dd0f4e303f,PPC
anuragraj03__frame00081_png.rf.6efb4755ced35d766930b9e68aec2371,PPC
anuragraj03__frame00081_png.rf.709dcc7580507d8f4bfbf74983f2651a,PPC
anuragraj03__frame00081_png.rf.71d4d075e47472eba5e81940dfcfc565,HSM
anuragraj03__frame00081_png.rf.735e95be8634e07f797454872200b15b,HSM
anuragraj03__frame00081_png.rf.7955d1a979412d9f892961906935fec9,HSM
anuragraj03__frame00081_png.rf.7df73c024647e029fa6dcd46a980831b,PPC
anuragraj03__frame00081_png.rf.7f8ebc4c1fb3e1c58684a409ae37ca6a,HSM
anuragraj03__frame00081_png.rf.800ddb90bf1990defcc4ab15c1a094d6,PPC
anuragraj03__frame00081_png.rf.80263500f1c01312fd036e393e214885,PPC
anuragraj03__frame00081_png.rf.806df1ff23c81dff91613529b67c98c1,PPC
anuragraj03__frame00081_png.rf.80a38a6bd5efa6e85055b6e517d0508a,PPC
anuragraj03__frame00081_png.rf.8399af46995f5d1e40483cc7b309b9e8,PPC
anuragraj03__frame00081_png.rf.84a14e6b8f18478ad99bdf1fb16509ed,PPC
anuragraj03__frame00081_png.rf.854028e66fde54ae3ee449112d1cfb46,PPC
anuragraj03__frame00081_png.rf.86586df107945f33eab37d6175c3b26f,PPC
anuragraj03__frame00081_png.rf.8955a5815e3c7272e2f1bcdab517f4aa,HSM
anuragraj03__frame00081_png.rf.8f142fcc542e13d33ba07cd0d393836c,HSM
anuragraj03__frame00081_png.rf.909e853c464c38e972c48df50f0bbe14,PPC
anuragraj03__frame00081_png.rf.9344b0ca763313e3e3b828d930fcef0a,PPC
anuragraj03__frame00081_png.rf.9ec7675ac13feec3d04497be036de99c,HSM
anuragraj03__frame00081_png.rf.9f53f04576bf667038fa4fd16958f90b,HSM
anuragraj03__frame00081_png.rf.a52bb3298662bc5d3153b7f9024cb690,PPC
anuragraj03__frame00081_png.rf.a6cc0fa313701612771b439820162450,HSM
anuragraj03__frame00081_png.rf.af963345cf68a852448ac7edf84cbf2f,HSM
anuragraj03__frame00081_png.rf.b3242adfc922197f9460d736fcb46d6f,PPC
anuragraj03__frame00081_png.rf.b3e3b987b0f18cbaabd78ade95954a7e,PPC
anuragraj03__frame00081_png.rf.b50ce65bb1eabcf64b190e00b5ee33e4,PPC
anuragraj03__frame00081_png.rf.b8fc428923b32280df8763718080f27e,PPC
anuragraj03__frame00081_png.rf.bd30f6c6f0d8872dc6f35fcc3e46c830,HSM
anuragraj03__frame00081_png.rf.bde1b2e73f7350369c45d0a51eead78b,HSM
anuragraj03__frame00081_png.rf.be36d2623c7a5ba649653ed3b52e5473,PPC
anuragraj03__frame00081_png.rf.bf75676a4c3e28040a8e977ccbb38973,PPC
anuragraj03__frame00081_png.rf.c176dc3f04ab4659448491ad39510b3f,PPC
anuragraj03__frame00081_png.rf.c1f664ea12813b8e9082a88c7aefdb6c,PPC
anuragraj03__frame00081_png.rf.c56c7ac23d168240b0cc4652520aa66a,PPC
anuragraj03__frame00081_png.rf.c6a9869302f63b1e7146b75c70e9897d,HSM
anuragraj03__frame00081_png.rf.ca7b7104876d2cf588233454c4f4d1c5,HSM
anuragraj03__frame00081_png.rf.caa9b4796f791952b2d30973d18d0ee7,PPC
anuragraj03__frame00081_png.rf.cb9bcf5b138d1d3ebd53f65dcbeee819,HSM
anuragraj03__frame00081_png.rf.cbf4bb318739159b72081b3f8a84e490,PPC
anuragraj03__frame00081_png.rf.ccef4561b679b2a5d416f61675748de7,PPC
anuragraj03__frame00081_png.rf.cd36a1e6ceac48ebd3ffb953199f3790,PPC
anuragraj03__frame00081_png.rf.cea37f9a1d56900afca1b5e327f9ed6a,PPC
anuragraj03__frame00081_png.rf.cfae1b2d675814031fb2866ccfe6de48,HSM
anuragraj03__frame00081_png.rf.d069c614423590ea3ef95c6c72cdfb3f,HSM
anuragraj03__frame00081_png.rf.d0b4b354630a6e31373a1fe1c023281c,HSM
anuragraj03__frame00081_png.rf.d22b11bdd551ed4f6d9361f1f7fd045a,PPC
anuragraj03__frame00081_png.rf.e016c64a3a0f959dd23d2498f45bcd80,PPC
anuragraj03__frame00081_png.rf.e09c5d806a166b19030fd3876c266d8e,PPC
anuragraj03__frame00081_png.rf.e1ca856853b62e036f9305560d3b71ad,HSM
anuragraj03__frame00081_png.rf.e20e6d62c50646d0c8661e81cfc40664,PPC
anuragraj03__frame00081_png.rf.e2cd562522e2073891bdffe4adf1760e,PPC
anuragraj03__frame00081_png.rf.e3febd9f5373dd15c38a882f7cfe444f,HSM
anuragraj03__frame00081_png.rf.e54c418ab5de1b10c2ae7f6c9591fcae,PPC
anuragraj03__frame00081_png.rf.e6a213e8034355e9cdaf6f727160bead,PPC
anuragraj03__frame00081_png.rf.ea8df68ead1b7ca7c5ba7ff57a31be8d,HSM
anuragraj03__frame00081_png.rf.eb8948b1f85dcdd126e4c838f879755c,PPC
anuragraj03__frame00081_png.rf.f2e852942c8b31ad25f26c0b7d8d40e9,HSM
anuragraj03__frame00081_png.rf.f3d8fd764486413ad491b55284441766,PPC
anuragraj03__frame00081_png.rf.f70297dafa97c9564a0cc5d57d82962d,PPC
anuragraj03__frame00081_png.rf.f8d3b4d2f6aad1e70464abd01df25d25,HSM
anuragraj03__frame00081_png.rf.f9b5152697d57c77974d719d8d14d6ad,HSM
anuragraj03__frame00081_png.rf.fcdd1343e0f45bb1fb078abd0c7cab74,HSM
anuragraj03__frame00091_png.rf.003ade1bae50068b64390ba449866d47,PPC
anuragraj03__frame00091_png.rf.0507af43b524b4ad4886f5c67f3b6ad2,HSM
anuragraj03__frame00091_png.rf.06f91992752bb4a9b56a245d25f82f77,PPC
anuragraj03__frame00091_png.rf.0a7bc24c51c528ce3b2eba2388d0faf0,HSM
anuragraj03__frame00091_png.rf.0fd01246dbf22e86c4e753d703f8b868,HSM
anuragraj03__frame00091_png.rf.10af25f03db619106447a3f3268f3ab7,PPC
anuragraj03__frame00091_png.rf.11545430d4538f810d4b394967f5f00a,PPC
anuragraj03__frame00091_png.rf.12007324c7a30f93240cb1c26a34c3b8,PPC
anuragraj03__frame00091_png.rf.139264cacfe314aa9f9c2b209e24de9d,PPC
anuragraj03__frame00091_png.rf.162112c81f8effac78e3625366e806c3,HSM
anuragraj03__frame00091_png.rf.16fbfa52b9b4e25d9ba56dbb1d67b992,HSM
anuragraj03__frame00091_png.rf.189af5d9baa2a27269e30b3c638e738b,HSM
anuragraj03__frame00091_png.rf.1a1be150f8f82fdb5e684bc23d7dbfb6,PPC
anuragraj03__frame00091_png.rf.1a1c25517bc8b18db50516b6482df695,HSM
anuragraj03__frame00091_png.rf.1af50933c6a734f6d28b518c93bc270a,HSM
anuragraj03__frame00091_png.rf.1b3148839add6bccd2f3e021a39c48ab,PPC
anuragraj03__frame00091_png.rf.1b462691e0491a3256a19901ad091b78,PPC
anuragraj03__frame00091_png.rf.1bf92577bad783427ccbb149c62fd8c9,HSM
anuragraj03__frame00091_png.rf.1d517debeb9258908d9836248ef84bed,HSM
anuragraj03__frame00091_png.rf.1d6c77caabe9325b89e4cfda1b2ba43c,HSM
anuragraj03__frame00091_png.rf.1f2b87037c534f96b3231aa936100db7,PPC
anuragraj03__frame00091_png.rf.200d28b6e6faaae60f253833941c24be,HSM
anuragraj03__frame00091_png.rf.20e13c8fa57deec6727adbb445c3d171,HSM
anuragraj03__frame00091_png.rf.22a1538adf2cee41d608c282ba1f7a0c,PPC
anuragraj03__frame00091_png.rf.23c36c2d9f9f9c0a19e12d903df857e7,PPC
anuragraj03__frame00091_png.rf.259403d54dbe552c5c24dac29164ea35,PPC
anuragraj03__frame00091_png.rf.26361b371a4cf149d78d94edd4ee6751,PPC
anuragraj03__frame00091_png.rf.27e8ce8e8c11e4254681f6687d042a70,PPC
anuragraj03__frame00091_png.rf.29c14b411a8acc5f321216aba085be81,PPC
anuragraj03__frame00091_png.rf.2b68c996e647a3d85c80fc0bf7e5c995,HSM
anuragraj03__frame00091_png.rf.2bd600add3a6a95cfe4b998f2f2fd08d,HSM
anuragraj03__frame00091_png.rf.2cfa2f98c18e7b4d9926266ebc4c9926,HSM
anuragraj03__frame00091_png.rf.2f3a57fd8bee309f5b008829fe9bd65a,HSM
anuragraj03__frame00091_png.rf.335392cd8a098628bc6eafb62e1aad3d,PPC
anuragraj03__frame00091_png.rf.34d19ff65c10513aad0d7e1b2d2d94a4,HSM
anuragraj03__frame00091_png.rf.367070c408325aab1f802f4f41e346af,HSM
anuragraj03__frame00091_png.rf.3aa5b00d1827dca8964b63d929999fc8,HSM
anuragraj03__frame00091_png.rf.3b267a9fcdc7774e26ba95ede33cf249,PPC
anuragraj03__frame00091_png.rf.3dab5fa91ad28bf5d18a614126008eff,PPC
anuragraj03__frame00091_png.rf.3e088158d08676ac2481dfedba794656,PPC
anuragraj03__frame00091_png.rf.3f516fa41848ff218456306b924af119,PPC
anuragraj03__frame00091_png.rf.408fc3688ea935b49a56b9a739ed6f96,PPC
anuragraj03__frame00091_png.rf.4553f73d48ab2f908bf488628373f8bc,PPC
anuragraj03__frame00091_png.rf.45666b3a114f80d96c931e4ab14bb2e7,HSM
anuragraj03__frame00091_png.rf.476f40949830f2ea5e66dff6d582b8ec,HSM
anuragraj03__frame00091_png.rf.4bab5e93f878daad80f704c1bf52050a,PPC
anuragraj03__frame00091_png.rf.4e10a6d5d2a30bc9329019e5d63e13e6,PPC
anuragraj03__frame00091_png.rf.52011bc0114c8b3f1d090028cb713c83,HSM
anuragraj03__frame00091_png.rf.52ca2194f76203a6b19e11256c88c406,HSM
anuragraj03__frame00091_png.rf.5344111a16cf922aea2a7d0b251d82c6,HSM
anuragraj03__frame00091_png.rf.5393f288a2ac6c160dd97595a125a285,HSM
anuragraj03__frame00091_png.rf.5795e97c3871cef6d3c2b18d70810fe1,HSM
anuragraj03__frame00091_png.rf.579a797efca166caa08f6caa1022ed69,PPC
anuragraj03__frame00091_png.rf.57bb2520fd9da32945f8cfee158878c4,HSM
anuragraj03__frame00091_png.rf.5c44cb4a13584bd3bff6dfdc66bf5244,PPC
anuragraj03__frame00091_png.rf.5c957115d7adfc4d372afbc7218a4a77,HSM
anuragraj03__frame00091_png.rf.5e71c0c092461fded27d41be95653495,PPC
anuragraj03__frame00091_png.rf.627407354d533de99e76596a6edfac1f,PPC
anuragraj03__frame00091_png.rf.6378f0dff90388d4c74a6cccdc95e9fc,HSM
anuragraj03__frame00091_png.rf.67308de6103033f0e16114ba1cb02377,HSM
anuragraj03__frame00091_png.rf.67fc19517cf675f1a4949694e6ce21e6,PPC
anuragraj03__frame00091_png.rf.68f34ed0e56829cc09a772533d45d18b,HSM
anuragraj03__frame00091_png.rf.71ff4b0ce033c8a13793178d87a09566,PPC
anuragraj03__frame00091_png.rf.77bd74ef04bc4a8915c4f3a3f47022b5,PPC
anuragraj03__frame00091_png.rf.793c9912d72e500d26c73ca2d78b3c5b,HSM
anuragraj03__frame00091_png.rf.7a1a700ec70504bb93ae34652d2d960d,HSM
anuragraj03__frame00091_png.rf.7cfbf38eaccc374af6c3410d2d5b2e52,HSM
anuragraj03__frame00091_png.rf.7d7e9b3ccb3a21e14d06fff2aed5697c,PPC
anuragraj03__frame00091_png.rf.80daa2870d96e30ee082411831ef6c25,HSM
anuragraj03__frame00091_png.rf.896204e0b242dd82c51f2f6c8dbb29b4,PPC
anuragraj03__frame00091_png.rf.898ac089341fe90f4350097bf6d710f2,HSM
anuragraj03__frame00091_png.rf.8b3b740f492788714e27296fa6109c5f,HSM
anuragraj03__frame00091_png.rf.8bfbf4f8a1fe8ed1ef4478ba104679a3,PPC
anuragraj03__frame00091_png.rf.8cb47404365574e2d1b0b84e249e4fa1,PPC
anuragraj03__frame00091_png.rf.8d1338083fd1ab6a48744bc9b3540f6d,HSM
anuragraj03__frame00091_png.rf.8e34cfc7fcb168b47973a0b20082f5f5,HSM
anuragraj03__frame00091_png.rf.9067453e71bdd157a281d89141fc769e,HSM
anuragraj03__frame00091_png.rf.953236b40a8f65da3b639c6ee2f3233c,HSM
anuragraj03__frame00091_png.rf.97cdefa153cdf3a8bf19eb7799a0b20d,HSM
anuragraj03__frame00091_png.rf.987673bf36f5dccf8c7461a95f782167,PPC
anuragraj03__frame00091_png.rf.98cd09b5e671611ac0b04a87b96ebc9c,PPC
anuragraj03__frame00091_png.rf.995195237bf2390ee81ec898d00907ed,PPC
anuragraj03__frame00091_png.rf.9c99c169430c8ec956cd774840598d98,PPC
anuragraj03__frame00091_png.rf.9dd9cda251f5e4c3b15830e8e9cc8943,PPC
anuragraj03__frame00091_png.rf.9f127d8465f44097d1cb694e189bb0f5,HSM
anuragraj03__frame00091_png.rf.a5e7fcb9a3a8360fc335d4a65059715f,PPC
anuragraj03__frame00091_png.rf.a623d2e8f2bd0fec72412c4fd6984873,HSM
anuragraj03__frame00091_png.rf.ac54b8118151847a9fb45415195ad75e,PPC
anuragraj03__frame00091_png.rf.b1813245cfe5aea8a35ced3282364f86,PPC
anuragraj03__frame00091_png.rf.b20a58a80e19c10dca2c29fcb7165e1c,PPC
anuragraj03__frame00091_png.rf.b362c868c5ec09c14eb43c26d9b1c3de,PPC
anuragraj03__frame00091_png.rf.b6a9a2e7b003e15e7db426b94b07d199,HSM
anuragraj03__frame00091_png.rf.b775b202eb866bf3aff6285af170c614,HSM
anuragraj03__frame00091_png.rf.b8ef75e374608ecb0c802109ce7afc9c,PPC
anuragraj03__frame00091_png.rf.b964836d197907596d749f1fe0e946f6,PPC
anuragraj03__frame00091_png.rf.ba89f56582f39a522aa5f9bfdec10970,HSM
anuragraj03__frame00091_png.rf.bc048849178b747149091749490c55f2,PPC
anuragraj03__frame00091_png.rf.bc8004324c68cd29437a1e6feaf09833,PPC
anuragraj03__frame00091_png.rf.bcf552db50adc98d77d9734273511e72,PPC
anuragraj03__frame00091_png.rf.bf11208bfdb62b1f3b2c8c61d7885c54,PPC
anuragraj03__frame00091_png.rf.bf9cbc4574e95cc82430c39fc18590ba,PPC
anuragraj03__frame00091_png.rf.c09567c6362e7e527eb9f89ca2b0b95f,HSM
anuragraj03__frame00091_png.rf.c11a3bbfe82eac35fa2d2def6db75797,PPC
anuragraj03__frame00091_png.rf.c42ce48775ae305dc9c6a5ab509bdd6b,PPC
anuragraj03__frame00091_png.rf.c485d6909baf4f783bfbab058928195d,HSM
anuragraj03__frame00091_png.rf.c7b6c0375b1d7b83d937d4065e1f2884,HSM
anuragraj03__frame00091_png.rf.c8ba4e02d6058eb90620d7b52df9ae1a,PPC
anuragraj03__frame00091_png.rf.c95bf4c51be03f01bec5da2545234683,PPC
anuragraj03__frame00091_png.rf.c97e8ce556fd5f31a14a085aebd58c1f,HSM
anuragraj03__frame00091_png.rf.ca682a079adf0118deaaf4b993678951,PPC
anuragraj03__frame00091_png.rf.ca8c243683a834e4910fa38268b34a14,PPC
anuragraj03__frame00091_png.rf.cc1afa24508f9193d28169a2150e3143,HSM
anuragraj03__frame00091_png.rf.cd5a08a833612e2d0ec7a9fdfa6e51d9,HSM
anuragraj03__frame00091_png.rf.d077f91ef2135430518b9589733a23bf,HSM
anuragraj03__frame00091_png.rf.d5dc0b3d3aeddd7efdfc9df27277319e,PPC
anuragraj03__frame00091_png.rf.d898d7f9ffd4cf97219090a9e9637a58,PPC
anuragraj03__frame00091_png.rf.da8d217428512efb18e7ed768466f0ea,HSM
anuragraj03__frame00091_png.rf.dd243a32d926bbc70c044ab46f578adc,PPC
anuragraj03__frame00091_png.rf.dd420681fb82d90787b8175c7cb68055,PPC
anuragraj03__frame00091_png.rf.de8624dbfebeaf436ad34f8cf14ea881,HSM
anuragraj03__frame00091_png.rf.e04ad6da602a45168b84cb9e859cae36,HSM
anuragraj03__frame00091_png.rf.e2d9f91b3334ace0c7478d350b9ebcb4,HSM
anuragraj03__frame00091_png.rf.e3c83e2ece77bf08d785a870352aa74d,HSM
anuragraj03__frame00091_png.rf.e3d56efbf168adab36c19a4a439264f9,HSM
anuragraj03__frame00091_png.rf.e7e786146f126450bca1728a51efc8d4,HSM
anuragraj03__frame00091_png.rf.ea883c7985048e0494897f914caf9b59,HSM
anuragraj03__frame00091_png.rf.eef611d1780e4e465999865a18000c97,HSM
anuragraj03__frame00091_png.rf.f179510219a641da008dd7b549a92d34,HSM
anuragraj03__frame00091_png.rf.f24fb212d71df5e19848f53fe259a103,HSM
anuragraj03__frame00091_png.rf.f5f88871dc2d34c73176411bebbbd251,HSM
anuragraj03__frame00091_png.rf.f7f58e74699ea702d4ef092451c04e92,HSM
anuragraj03__frame00091_png.rf.f94e5e066dec400727058967ee676c04,PPC
anuragraj03__frame00091_png.rf.f9aa8aeb3e90604c59ab1aa83667307b,HSM
anuragraj03__frame00091_png.rf.fa9ae8da8ac266bc9d006ea6511a83c4,PPC
anuragraj03__frame00091_png.rf.fe17e41f24c2dd07735c8e0d207e7dee,PPC
anuragraj03__frame00091_png.rf.fe30009afe63e1e505844cde276038bc,HSM
anuragraj03__frame00101_png.rf.007a780e0df7932e5cae97cc3229073a,PPC
anuragraj03__frame00101_png.rf.044d6d227a3dd94af8ae424734599c0d,HSM
anuragraj03__frame00101_png.rf.0a3947383a29ce0a4b18b84ab146f530,PPC
anuragraj03__frame00101_png.rf.0abd5cf11dc454e43a2362b5f0411055,HSM
anuragraj03__frame00101_png.rf.0be593c604b668910e14b5315d5a0bf3,PPC
anuragraj03__frame00101_png.rf.0c1a9f93cd1c6bc7bbfbbd0895a8ff61,PPC
anuragraj03__frame00101_png.rf.0e1b21954371ff5fbec29ad663e8e067,PPC
anuragraj03__frame00101_png.rf.0e7fb22dc0dd3dd58eee72d7463c63d5,PPC
anuragraj03__frame00101_png.rf.125ce2209d5f8417b98e752bc5093d54,HSM
anuragraj03__frame00101_png.rf.131d3d44a32976c657f8e66b246b3e7b,HSM
anuragraj03__frame00101_png.rf.13bdc9f7fb44f12d1eefab340c0ddd46,HSM
anuragraj03__frame00101_png.rf.142acd4c4b972664271c3d5d1aed7021,PPC
anuragraj03__frame00101_png.rf.15ae1eebc59eb4b3a9312b9849df44cc,HSM
anuragraj03__frame00101_png.rf.1637dde19c10e10c23b42319f05812fe,PPC
anuragraj03__frame00101_png.rf.16ae6496c1a4b3f29fd58763f1e972c4,HSM
anuragraj03__frame00101_png.rf.18a5b31c8c8381069c22960bc0c6105a,HSM
anuragraj03__frame00101_png.rf.1b082c4dbc1599f615e0e4772305a5b6,PPC
anuragraj03__frame00101_png.rf.1d24368c105aa8ff332881f6600f8751,HSM
anuragraj03__frame00101_png.rf.1d7453c5ae9f9f8911740eaf464a0978,PPC
anuragraj03__frame00101_png.rf.20cd3ca28811975eae3b1d2d3efed6db,HSM
anuragraj03__frame00101_png.rf.238cb4c78ff222ec3cebe022e982ddd0,HSM
anuragraj03__frame00101_png.rf.24f7b11c761298dbae33657be94c75a1,HSM
anuragraj03__frame00101_png.rf.26cf607cd81a6d4c5ef7119c4eb4a930,PPC
anuragraj03__frame00101_png.rf.274b9f5a0ba3c5d5fe2cbea74b9f725d,PPC
anuragraj03__frame00101_png.rf.293d5d8c5de483c35595402e5caa360b,PPC
anuragraj03__frame00101_png.rf.295d0bc9ade6a5e593910088e8686d24,PPC
anuragraj03__frame00101_png.rf.2e72ae6766e83524d7ce7c38ec863c38,PPC
anuragraj03__frame00101_png.rf.3bb4890b2e51a8371b56c6e2157abd31,HSM
anuragraj03__frame00101_png.rf.3ca623515aabc08da669f0bab3a4d59b,HSM
anuragraj03__frame00101_png.rf.409053454c604a883d859fa7c11ae65b,PPC
anuragraj03__frame00101_png.rf.441e26ea2b0a1f3252808aa7abefe112,HSM
anuragraj03__frame00101_png.rf.466b1e844249e8eae7f59400b2d6a54e,HSM
anuragraj03__frame00101_png.rf.48328ae2eceb4809e06ae14e978adea8,PPC
anuragraj03__frame00101_png.rf.4964097b8f4084b83d9c10771f176b81,HSM
anuragraj03__frame00101_png.rf.4af6476dc84bcf588ab03477d240586f,HSM
anuragraj03__frame00101_png.rf.4b4b828f56ccb63b35393377ca2ee0be,PPC
anuragraj03__frame00101_png.rf.4b7bfbd9761d45d0307ee00650e8f3a3,PPC
anuragraj03__frame00101_png.rf.4d157a3c950d93a23768bbdb66222a49,HSM
anuragraj03__frame00101_png.rf.500d3b71bd914a699e6de61cf5159d36,HSM
anuragraj03__frame00101_png.rf.51b6f7898c84bd71005b7effe13d6929,PPC
anuragraj03__frame00101_png.rf.51e77711aac1dcf976850aa99b073481,HSM
anuragraj03__frame00101_png.rf.524b646fea5c5b3717b79d51dd32b1be,HSM
anuragraj03__frame00101_png.rf.545fe1a823bf4afb72bf355b9281e0b7,PPC
anuragraj03__frame00101_png.rf.551fb6631ab0ddac4a28a26b8ad6cb00,PPC
anuragraj03__frame00101_png.rf.5e1f3b0fcda76a66f532d5923bb87fd5,PPC
anuragraj03__frame00101_png.rf.5e51b2b0471e4e916cf0271a6ec5ffec,PPC
anuragraj03__frame00101_png.rf.61354be246d44bf828596303b38f6942,HSM
anuragraj03__frame00101_png.rf.63e62d8a6fbe04f2e1e69bbcfcc1b029,PPC
anuragraj03__frame00101_png.rf.648ee6b8e547f318326106df0c8e3277,PPC
anuragraj03__frame00101_png.rf.65cd407ecb0c0565d9d311aff2184bae,HSM
anuragraj03__frame00101_png.rf.69126903b90195a0c96364cee0c124d9,HSM
anuragraj03__frame00101_png.rf.6a2cfdfb066332db8b59af2937366b14,HSM
anuragraj03__frame00101_png.rf.6cbbdd06873d38dcb6e49dce6f444f16,PPC
anuragraj03__frame00101_png.rf.6d707b9fab7014b4bd497b84b360c278,PPC
anuragraj03__frame00101_png.rf.6fa6bba6cbc3cd0bb41293a67b5e1181,HSM
anuragraj03__frame00101_png.rf.76bf833f7d1daa72684b55c56e10e8fb,HSM
anuragraj03__frame00101_png.rf.79b3cb1a9a94f984c78208247487d4ef,PPC
anuragraj03__frame00101_png.rf.79e2a05b128a0cd1b33700d97db98bd5,PPC
anuragraj03__frame00101_png.rf.7ab1b8631196817b050e7d5c1fbee2ff,PPC
anuragraj03__frame00101_png.rf.7f2a7695388ef845ef4df393ae5d7d5c,PPC
anuragraj03__frame00101_png.rf.80855c2bbbf9cf1e4667e3aeeadf4e6c,HSM
anuragraj03__frame00101_png.rf.8438cfe7ce75dac49b3534808e23bb2d,PPC
anuragraj03__frame00101_png.rf.86d2af4c045a4416b4df13cb44540693,HSM
anuragraj03__frame00101_png.rf.87d370d8697db34663c53cc8e6766c19,PPC
anuragraj03__frame00101_png.rf.88821dd535a952815e0ad3928a3c4b4e,HSM
anuragraj03__frame00101_png.rf.89e43e0628d19b21c2ac9ad26ac96aaf,PPC
anuragraj03__frame00101_png.rf.8cdd93beb25c24281d776c665d9442f2,HSM
anuragraj03__frame00101_png.rf.922fe9a85692ccb3546b6fc691e5f384,PPC
anuragraj03__frame00101_png.rf.9282bddfe33a2ea1969f9bf6c50eff5b,PPC
anuragraj03__frame00101_png.rf.942cffead2fef48dd6fa39148b105a8c,PPC
anuragraj03__frame00101_png.rf.94940ea0ef90bf540978789dde2929aa,HSM
anuragraj03__frame00101_png.rf.9494412cd128f1de9e6fe0dcc47a533f,HSM
anuragraj03__frame00101_png.rf.95d766c37965516ce5bfe6ce98764dc0,PPC
anuragraj03__frame00101_png.rf.97c64d69db26d0db926c84f21688326f,PPC
anuragraj03__frame00101_png.rf.9817ceff94784bf970007b3b1a0a9e58,HSM
anuragraj03__frame00101_png.rf.9922212bf83e1ee0d18df50c22317c31,PPC
anuragraj03__frame00101_png.rf.9dfc2d9ff512c97195c90758d8991708,HSM
anuragraj03__frame00101_png.rf.a7d642c23e0a28d7147faa04275b8f4a,PPC
anuragraj03__frame00101_png.rf.a81ca739764afc13d43d3c99936c2fe8,PPC
anuragraj03__frame00101_png.rf.a831ad61ca782e06fed3e1c8ccd79e71,PPC
anuragraj03__frame00101_png.rf.a899cd2e3ff95fb84000c56353d31514,PPC
anuragraj03__frame00101_png.rf.aa456ede8b81ea71984b18952218c55b,PPC
anuragraj03__frame00101_png.rf.ac51e9a5b78a8f75de3c381c65f21e4f,HSM
anuragraj03__frame00101_png.rf.b07abfabb59be91a51b9b70cc0eb8cc9,HSM
anuragraj03__frame00101_png.rf.b75b7c85b26f1f98eab2e81f0c99a4cd,HSM
anuragraj03__frame00101_png.rf.b8de3902efd4f6816effcebb1269f99c,PPC
anuragraj03__frame00101_png.rf.ba7354681b182ef610855e319037c92c,HSM
anuragraj03__frame00101_png.rf.ba7ecccd58e86b2daba2218a2dcd7479,HSM
anuragraj03__frame00101_png.rf.baff9ecd0aa9bb83f38f8d8f09deff55,HSM
anuragraj03__frame00101_png.rf.be5a08a5459990ade2379963aeeb1bf5,PPC
anuragraj03__frame00101_png.rf.bf27ba79f0f0058116c411e4dca7dd0b,HSM
anuragraj03__frame00101_png.rf.c0d7c2f5cd10143b516411f4c319e1fe,HSM
anuragraj03__frame00101_png.rf.c6682747e1cd33a345c27cdc5d4babbf,HSM
anuragraj03__frame00101_png.rf.cd4a96646b9ac332285c3523cfb7aba4,PPC
anuragraj03__frame00101_png.rf.cf7f6d215eb79af3721e86b182f3a735,HSM
anuragraj03__frame00101_png.rf.d06224c3128aaabf3f66c831334c4e94,PPC
anuragraj03__frame00101_png.rf.d39c7bbcc2b1a44fd0b1c7a710f63ff6,PPC
anuragraj03__frame00101_png.rf.d58f8c52ca36349d14689338022d2250,PPC
anuragraj03__frame00101_png.rf.dae3133628416b2b2bd17bb7a868c84a,PPC
anuragraj03__frame00101_png.rf.db303b86541ef8251d50efc87aa308c9,PPC
anuragraj03__frame00101_png.rf.de6492ccdfe6919ecc269f4049ecc160,PPC
anuragraj03__frame00101_png.rf.deaf7d4b078ed05053229265d5501c75,HSM
anuragraj03__frame00101_png.rf.dedcbdb6f20ebbd255876c87c03bb245,HSM
anuragraj03__frame00101_png.rf.dfe19ab71fb4ce047fb958b477ff0313,PPC
anuragraj03__frame00101_png.rf.dfe4b450e44bcf16b4653b0e1f87de64,PPC
anuragraj03__frame00101_png.rf.e1f9fde7e547ba2255f9ff5057bfa4b1,HSM
anuragraj03__frame00101_png.rf.e59e80d822ec8a5d9f5e03590e8df72d,PPC
anuragraj03__frame00101_png.rf.e8c072b8fe095eeb663b6c003969e415,HSM
anuragraj03__frame00101_png.rf.edadd763c2f7d21099f3f327bb878480,PPC
anuragraj03__frame00101_png.rf.efce40888c157d967844cda396974205,PPC
anuragraj03__frame00101_png.rf.f1071267f97737fb1a65440e6c7a9b88,PPC
anuragraj03__frame00101_png.rf.f2867ce9a363fa03f7ef10da19b63830,PPC
anuragraj03__frame00101_png.rf.f8f73279e56ee91d0c9e7c56c97c7c73,HSM
anuragraj03__frame00101_png.rf.fb6f65ddd4e3250f883a6b3505dc89bf,PPC
anuragraj03__frame00101_png.rf.fe46cffb2bafb39583f9a24d9845904c,PPC
anuragraj03__frame00101_png.rf.ff600e2523f1b3f4d690142e2dfc79e1,HSM
anuragraj03__frame00111_png.rf.016fe71fd5bfe21d5a0bbdbdf699fc66,HSM
anuragraj03__frame00111_png.rf.02686ab95957613baf044c684d390dfd,PPC
anuragraj03__frame00111_png.rf.036c09ab014bd24c5fac9b1e01746dfa,HSM
anuragraj03__frame00111_png.rf.037976d76383be2097461aa45fc910a8,HSM
anuragraj03__frame00111_png.rf.05155da104f09eec45889dd80c028312,PPC
anuragraj03__frame00111_png.rf.0529a15bdd76576ec0264fd7b5c40b97,PPC
anuragraj03__frame00111_png.rf.07db20cee297d60a7f090a627c7a2da8,HSM
anuragraj03__frame00111_png.rf.0b6d908093262d5b4aca1e3bda9c3ae0,PPC
anuragraj03__frame00111_png.rf.0d4753a947528a23f9d25c8ad8e9abe5,PPC
anuragraj03__frame00111_png.rf.1159b9b3eed40c55edacf5154538da31,HSM
anuragraj03__frame00111_png.rf.11612b7f9381b0de34e577e53cface66,HSM
anuragraj03__frame00111_png.rf.14e3bb6065541fb20543e88fa733dd4f,HSM
anuragraj03__frame00111_png.rf.161f69a4fc0b3f91eb04733ffcf87283,PPC
anuragraj03__frame00111_png.rf.182f80772837e6350c48e5e083c80ad4,PPC
anuragraj03__frame00111_png.rf.1e8bb9a54f80864df4873e3b65c4d0bc,PPC
anuragraj03__frame00111_png.rf.1fa510a97fdfd7f0a8589cba9ce0230e,PPC
anuragraj03__frame00111_png.rf.2716bf697d01f9594d508d6d6305133e,HSM
anuragraj03__frame00111_png.rf.2897300ec27cf06cf6b0d5d0505e2aa6,PPC
anuragraj03__frame00111_png.rf.2c6519ffff5e24f614ad7ae10ac469eb,PPC
anuragraj03__frame00111_png.rf.2e456b1749020869a8e75881e195c24c,HSM
anuragraj03__frame00111_png.rf.2eb30b88105622d67ce61f8cc46e69f4,HSM
anuragraj03__frame00111_png.rf.32dae7a18f49bc4602ff6c7c74feba0b,PPC
anuragraj03__frame00111_png.rf.33f9d6c2196b747c241b71c9cb9a815a,PPC
anuragraj03__frame00111_png.rf.342fb1bd6c66e91a9d8509384c0d1bdd,HSM
anuragraj03__frame00111_png.rf.34937c172a55f6a714fe30b1bafa7a21,PPC
anuragraj03__frame00111_png.rf.37d33456372984914ea26c31e5a7ffd1,PPC
anuragraj03__frame00111_png.rf.42b72803b1d5611988bb18ce4225ae69,HSM
anuragraj03__frame00111_png.rf.479702dd39c454b01535ad21e47ed37b,HSM
anuragraj03__frame00111_png.rf.4b97f65df1e2baec8350c157aa570eb1,PPC
anuragraj03__frame00111_png.rf.4bca196653891bee0a2741c90f188e10,PPC
anuragraj03__frame00111_png.rf.4f7933ef3f99c448ebdc824c37b1db6f,PPC
anuragraj03__frame00111_png.rf.5076030607ad64a72f17f8314ad247b2,HSM
anuragraj03__frame00111_png.rf.50ef8d0737ec96709f9adb5e5a819f85,PPC
anuragraj03__frame00111_png.rf.55c9fad19109fcb9a180ce6ca4cb6a0a,HSM
anuragraj03__frame00111_png.rf.5979edef7f476148b21fc1245bdef5ec,PPC
anuragraj03__frame00111_png.rf.5f13ae31d13d8ef67cfb4b7d04fd4594,HSM
anuragraj03__frame00111_png.rf.616cd9986c80cca4b014a4c49dca1d05,HSM
anuragraj03__frame00111_png.rf.61ae6adabd2ca95b5a1dee4d169e9e0c,PPC
anuragraj03__frame00111_png.rf.622197593c5c392c4e2e9ee958a2fe78,HSM
anuragraj03__frame00111_png.rf.647093acfba9db3b22874fcb2b46162a,PPC
anuragraj03__frame00111_png.rf.65673c62a4d4c3e80dda4bc9d92a9c46,PPC
anuragraj03__frame00111_png.rf.67c44ce6c3eb10362b9e21b1885d6451,HSM
anuragraj03__frame00111_png.rf.683864f816db0f8459f5727365b84613,PPC
anuragraj03__frame00111_png.rf.6862e21e0440bfe29a7c1f0bdcb97788,PPC
anuragraj03__frame00111_png.rf.69d60814638289c5d38cb0a053866439,PPC
anuragraj03__frame00111_png.rf.6faf2ccd68cd0cc746857af67bca3253,HSM
anuragraj03__frame00111_png.rf.72abc352213c75502f3999366cc567e8,HSM
anuragraj03__frame00111_png.rf.73fdea31f95fab28c7b26e7a735abf80,PPC
anuragraj03__frame00111_png.rf.7472972c5344768b86f4e5beefb632a4,HSM
anuragraj03__frame00111_png.rf.800d7d4802fde744da6b130eb2961a6f,HSM
anuragraj03__frame00111_png.rf.802efb38ffd280b20030e1661c1051be,PPC
anuragraj03__frame00111_png.rf.815dd23c5d3e7bcf444f07e07491547d,HSM
anuragraj03__frame00111_png.rf.81b32d9e0ed7642adbd25e228ad56eb0,PPC
anuragraj03__frame00111_png.rf.81c5daf2a0051e13e48d252dcab60d17,PPC
anuragraj03__frame00111_png.rf.834891c3a01d78a5a4a681fbbf8b65f7,PPC
anuragraj03__frame00111_png.rf.84587dea7960b796c6244d7c607151d5,PPC
anuragraj03__frame00111_png.rf.84833be8de9ea8c48489ce5cb6f89b2a,PPC
anuragraj03__frame00111_png.rf.8b3f007566314cabd84c911d0a7d8d67,PPC
anuragraj03__frame00111_png.rf.94d68e03eb22ac5fae55b104995ec1c0,PPC
anuragraj03__frame00111_png.rf.951a8462c8678db26c102fa181750898,HSM
anuragraj03__frame00111_png.rf.95f8283e6991177979de8fe3f3fa0037,HSM
anuragraj03__frame00111_png.rf.974d453b77742f982ff734bb50bd068a,PPC
anuragraj03__frame00111_png.rf.990cf7bb8952fc4b8b2f0e41f31b806c,HSM
anuragraj03__frame00111_png.rf.990d9e081ca42ca02471c3c3b1331020,HSM
anuragraj03__frame00111_png.rf.996fbd289466c03e8a4e423be689922b,HSM
anuragraj03__frame00111_png.rf.9b48ce4dfb6e0e3a2b67dc038ca924bb,HSM
anuragraj03__frame00111_png.rf.9ca0200b7018df1bd47a1a53f8cce5ac,PPC
anuragraj03__frame00111_png.rf.9e8f803f291b2ad33f7125a8cb9c9e5d,HSM
anuragraj03__frame00111_png.rf.9e9d4d6a3005e8710654cad44c9fd0dd,PPC
anuragraj03__frame00111_png.rf.a0540f90254a2b031506f6e80ac82bed,HSM
anuragraj03__frame00111_png.rf.a7188341353612a0d9519b5b6bdd6322,HSM
anuragraj03__frame00111_png.rf.a982239d9e33120ccf49bd7297acbd56,PPC
anuragraj03__frame00111_png.rf.ac272259961c8c9159254e12d84239d0,HSM
anuragraj03__frame00111_png.rf.ad6ffbd4f49b418cc9a295253b476d2b,PPC
anuragraj03__frame00111_png.rf.b0bf4c5d256f6810755e80e992a0f224,PPC
anuragraj03__frame00111_png.rf.b0c1f50abedc74e662aa1719b882df11,PPC
anuragraj03__frame00111_png.rf.b47780e1df90fada697e6c978e89ffe1,PPC
anuragraj03__frame00111_png.rf.b6f18340b009fe12e1a5bec683d4d046,PPC
anuragraj03__frame00111_png.rf.bc85a26d2b55220660e27e781b6bf0af,HSM
anuragraj03__frame00111_png.rf.bd8d5e8f0cd84577fd322decda5d6cfa,HSM
anuragraj03__frame00111_png.rf.be0cf40e0c039797e198cbe4a9e3c017,PPC
anuragraj03__frame00111_png.rf.be5e4974c7f877524d3d39cdfb3da019,HSM
anuragraj03__frame00111_png.rf.bf9403af36eef0842b2faa841414d1ac,HSM
anuragraj03__frame00111_png.rf.c1d10bd49438060d5173b39248bcc70d,PPC
anuragraj03__frame00111_png.rf.ca360339ae5c89d0e4d53a4ec715a0ec,PPC
anuragraj03__frame00111_png.rf.cc4e4109b923bd32d04e2d731635c99e,PPC
anuragraj03__frame00111_png.rf.cd84489beaaf5dec54e9e2ab2f1a36ea,PPC
anuragraj03__frame00111_png.rf.cdde61442afc3bdafdc48e3a5e8b1924,PPC
anuragraj03__frame00111_png.rf.ce4377a10946148422c973a747d87a30,PPC
anuragraj03__frame00111_png.rf.cf47602731b57c47ec6ffd9a5575faef,HSM
anuragraj03__frame00111_png.rf.d043bba842f8c2f5d9e5ae1449b5c6c2,PPC
anuragraj03__frame00111_png.rf.d1d1ab50f6e9d1b04a6392a63c578b2f,PPC
anuragraj03__frame00111_png.rf.d239964cf1890d06d4e6fdc8c57da3c0,PPC
anuragraj03__frame00111_png.rf.d2b1874f2b5e814156629c66be9200ba,PPC
anuragraj03__frame00111_png.rf.d7d0eaff132d87b6cc825f48c2d02209,HSM
anuragraj03__frame00111_png.rf.d7dfe94cc57d846647d0c3b7175842af,HSM
anuragraj03__frame00111_png.rf.de078622d69ba9592c49a0369903cd3a,HSM
anuragraj03__frame00111_png.rf.deafab9135194490227aea0a453fe634,HSM
anuragraj03__frame00111_png.rf.e069bb265b6b732da1c991d00a17d3fd,HSM
anuragraj03__frame00111_png.rf.e1b5431dfd360033345696359bda6386,PPC
anuragraj03__frame00111_png.rf.e208b5052bd250b3f6759d65fdf0ef80,PPC
anuragraj03__frame00111_png.rf.e2396a718ac666624580dba7eee644a3,PPC
anuragraj03__frame00111_png.rf.e43f3667981bbab552b4950affd56f23,PPC
anuragraj03__frame00111_png.rf.e703f1636212abb49b7d99fc94166a38,PPC
anuragraj03__frame00111_png.rf.eaf7d83a643e683c8c6dd607ff32463c,HSM
anuragraj03__frame00111_png.rf.eb8b7a2658bcbb5e30e7998658065f8e,HSM
anuragraj03__frame00111_png.rf.ec3f8dd916bd84fd4393f02fd8d58e1a,HSM
anuragraj03__frame00111_png.rf.ed24e611de0594758dbf6e031ba095ae,PPC
anuragraj03__frame00111_png.rf.ee05c07e3628f44dd7c1f1a991ca3fbd,HSM
anuragraj03__frame00111_png.rf.f0cf6f256c6931c83660e6782037fdce,HSM
anuragraj03__frame00111_png.rf.f1f05dabec1d89d7baf541d9efac5587,HSM
anuragraj03__frame00111_png.rf.f451355b1c64d9562df0f2cbaa44a9f1,HSM
anuragraj03__frame00111_png.rf.f8e0486af6306b6344771073d98c55be,PPC
anuragraj03__frame00111_png.rf.f94a9f0f901c33b197d7c283a764bb8c,PPC
anuragraj03__frame00111_png.rf.faedb77f76d9c61215bb70985346fe36,HSM
anuragraj03__frame00111_png.rf.fee0982488fac97bf9ef516762eadcc0,PPC
anuragraj03__frame00121_png.rf.01115576b7aae2ae2e16b6cd0f6e5905,HSM
anuragraj03__frame00121_png.rf.06fb1a67ca44ea33352464c6537f7b30,PPC
anuragraj03__frame00121_png.rf.0746c7f327ed768b1f838c3994879ca3,PPC
anuragraj03__frame00121_png.rf.08a4c2db8d0a510a269fa537931a7990,HSM
anuragraj03__frame00121_png.rf.09bdda919e8443d0d35f2c96cd90bf5d,PPC
anuragraj03__frame00121_png.rf.09e03c4e188c6c4587417fd529249b0f,HSM
anuragraj03__frame00121_png.rf.0a0494cb34b655ede138bf88753f1aee,PPC
anuragraj03__frame00121_png.rf.0f1f19c9d912f7058469514cec3a6a24,PPC
anuragraj03__frame00121_png.rf.114b1ec11624e21ec3675fd5bcd503b9,HSM
anuragraj03__frame00121_png.rf.11fea81e593fec15740f23b3f0ffcab8,PPC
anuragraj03__frame00121_png.rf.1230b006c97ea7a0cf0a147f2713293f,PPC
anuragraj03__frame00121_png.rf.12cdf310a99f92e350f53d139ce60501,HSM
anuragraj03__frame00121_png.rf.131493edc317b536b02aef8f16e402da,HSM
anuragraj03__frame00121_png.rf.1350310986dfa023c1034fe28b4e4358,HSM
anuragraj03__frame00121_png.rf.13c886e6d5d859eb2e525c9174cdca21,PPC
anuragraj03__frame00121_png.rf.1626b459a022bb96f210dac3866f9fb3,PPC
anuragraj03__frame00121_png.rf.16a08b9e4aa2c833abc6e4cff50db592,PPC
anuragraj03__frame00121_png.rf.19605a5cedce7856859bd4078a02d453,HSM
anuragraj03__frame00121_png.rf.1b3e8f8071112037e09eb1be8a3f3aad,HSM
anuragraj03__frame00121_png.rf.1fe0e654d68ccacb1c88463848c83630,HSM
anuragraj03__frame00121_png.rf.2051a5138cfa9453c5a593805a570687,PPC
anuragraj03__frame00121_png.rf.22bc9e88f723e1d008daa8fb30fb5cd0,PPC
anuragraj03__frame00121_png.rf.22d36043dbe8a78b325381b0f69ac290,PPC
anuragraj03__frame00121_png.rf.253690944fdcd72abe5bcc8257e65536,HSM
anuragraj03__frame00121_png.rf.28d3a39356aeaa1cb97b7055268f5d45,PPC
anuragraj03__frame00121_png.rf.28e06b5832839297ac51434edf396aff,HSM
anuragraj03__frame00121_png.rf.2ad30d9c073bc6bebbd87372466569dc,HSM
anuragraj03__frame00121_png.rf.2ad9ddd27101eaffc7e33d1d9974f40d,PPC
anuragraj03__frame00121_png.rf.2c0882ee84e8074a67c70ca9e61d9ba2,PPC
anuragraj03__frame00121_png.rf.2e169750f6a9edbd8b17905e55572ba4,PPC
anuragraj03__frame00121_png.rf.2e94db09499e5f0e7b1dca0b810ea6d2,PPC
anuragraj03__frame00121_png.rf.2e986e83e9ecd2b3aee77d92ec9419f3,HSM
anuragraj03__frame00121_png.rf.2ea11647c8c4cd65802dd5b21a468057,PPC
anuragraj03__frame00121_png.rf.37e3c26947a3696238bcf6e1b75306dc,HSM
anuragraj03__frame00121_png.rf.386928ca0daf00c8ffc7abc57f0ce424,HSM
anuragraj03__frame00121_png.rf.399905775abb33f7f8cca078fe666d3a,HSM
anuragraj03__frame00121_png.rf.39f3c40a4344a90cce3712d320bec284,PPC
anuragraj03__frame00121_png.rf.39fe37042de64e771d4568f4095f08b7,HSM
anuragraj03__frame00121_png.rf.3b7f42bd3b92a1fdfe8a1dc2e803d308,HSM
anuragraj03__frame00121_png.rf.3bf5303a2765c074da5b7505e63ec6eb,HSM
anuragraj03__frame00121_png.rf.3f11c50941ada50749f3c26b9c7a116e,HSM
anuragraj03__frame00121_png.rf.4025ec0d7f5c499c93c0172dc2ee104a,PPC
anuragraj03__frame00121_png.rf.43ea30ac0af067fb92b3986e7e367ab2,HSM
anuragraj03__frame00121_png.rf.440a70550395d8b01e7ca0f5092ff647,HSM
anuragraj03__frame00121_png.rf.4646d7775e7575e95ec2655385640008,PPC
anuragraj03__frame00121_png.rf.48a21ede9b771b268036ceda7b944045,HSM
anuragraj03__frame00121_png.rf.49f8779835ea3c4c7331c8659102ebd6,HSM
anuragraj03__frame00121_png.rf.4c4a291582c9f43c5c0c1308c55f4b81,HSM
anuragraj03__frame00121_png.rf.4e565b00158e5cbfecb052e464e63e55,PPC
anuragraj03__frame00121_png.rf.4ff0e5eb516cff8644a5c495bd9c8cf9,PPC
anuragraj03__frame00121_png.rf.53146d4bab508fdd921510c2cb35ee86,HSM
anuragraj03__frame00121_png.rf.53f7f2bc243362b8a51974316f3fb691,PPC
anuragraj03__frame00121_png.rf.55705862bedb77eb91bf2cc7535c9de8,HSM
anuragraj03__frame00121_png.rf.564c8a0e5cb8521691627526da86f3fb,HSM
anuragraj03__frame00121_png.rf.56a52d58b0fb450be94e73806422ff8a,PPC
anuragraj03__frame00121_png.rf.57e98db2e2795f64d19ba6b162bd7d07,PPC
anuragraj03__frame00121_png.rf.586bb201761be2076eb4c56c59256563,PPC
anuragraj03__frame00121_png.rf.59adb118fe306d9634fa00979eb01e65,PPC
anuragraj03__frame00121_png.rf.59da578cb0ff15e8245ae1fe713337d0,PPC
anuragraj03__frame00121_png.rf.59f863e7d0a3dde10282393138199031,PPC
anuragraj03__frame00121_png.rf.5a9eb6230050c9031aab3490f7b20997,PPC
anuragraj03__frame00121_png.rf.5b122f52f6409a92c1dfc60155d82388,HSM
anuragraj03__frame00121_png.rf.5dc8d5e1397d3a91ffbbae813e1b48b5,PPC
anuragraj03__frame00121_png.rf.622f521a608c785c067c116d1075063b,HSM
anuragraj03__frame00121_png.rf.628dd9cc2327375d06ee56ffd37c2ada,HSM
anuragraj03__frame00121_png.rf.63c1422ca7ff9302a6b74490344bc5b1,HSM
anuragraj03__frame00121_png.rf.66665a2baf4c26e8b16894fe7417eceb,PPC
anuragraj03__frame00121_png.rf.69f6cea2ff6357511a9086ede05c7494,HSM
anuragraj03__frame00121_png.rf.6b7bedf3f21aaea59cc7f77abe3aa1f7,HSM
anuragraj03__frame00121_png.rf.6f7bf409e88ba91edc8dbab1211d0126,HSM
anuragraj03__frame00121_png.rf.714a857602a027816a8951c0f3a52128,PPC
anuragraj03__frame00121_png.rf.71e7cf488ca59d9d3c15cd705a5f1347,HSM
anuragraj03__frame00121_png.rf.749bb459e1d7656fb2ca075040169b49,HSM
anuragraj03__frame00121_png.rf.74d79ee1be723d75b9f159f34f7c12c4,PPC
anuragraj03__frame00121_png.rf.7504e241861cd87261bcad57f266962c,HSM
anuragraj03__frame00121_png.rf.77a0bddebd035654c138e7395af8efe2,PPC
anuragraj03__frame00121_png.rf.79133c096492a9b3cde6646de5ccdaad,HSM
anuragraj03__frame00121_png.rf.7a825af241cd425ef19ec3a05c437e0a,HSM
anuragraj03__frame00121_png.rf.7acf0b4e6ec3e5238ad4e0790f5616aa,HSM
anuragraj03__frame00121_png.rf.7c5dcf3b8f61f64deb4634f3d05c4957,PPC
anuragraj03__frame00121_png.rf.7ca762cfb3285dc87df08af61f0ac5a6,PPC
anuragraj03__frame00121_png.rf.7d44c093e25761523c68ddd20eeb89d6,PPC
anuragraj03__frame00121_png.rf.8514fc4e13cee4b3868671d7ee1bcb1b,HSM
anuragraj03__frame00121_png.rf.857c5e334c96fd43bb69beb1322ad43b,HSM
anuragraj03__frame00121_png.rf.86d6a5774d1812cf863e3847fa0608f0,HSM
anuragraj03__frame00121_png.rf.8784da706320e1b440a2f2fa77345982,PPC
anuragraj03__frame00121_png.rf.88895b90f44a3bd6f2262c049a46a6c2,PPC
anuragraj03__frame00121_png.rf.88cebe0f8ce98fb85caba5b5f037383f,HSM
anuragraj03__frame00121_png.rf.89c9c18ea1e2387636a3c834db366b24,PPC
anuragraj03__frame00121_png.rf.89cba86315b0d7a0016c0d8dbb0f55fe,PPC
anuragraj03__frame00121_png.rf.8a7f10b9a24f3bd7a47016c301d1565d,PPC
anuragraj03__frame00121_png.rf.8b9d265d13797c99c1ea5e9fce6bb009,HSM
anuragraj03__frame00121_png.rf.9193929196ea05937c7762d98d618c67,HSM
anuragraj03__frame00121_png.rf.93670a5345e7c388062400efcf77e528,HSM
anuragraj03__frame00121_png.rf.9713d9c08f95a6ca3d3cd954d792bc26,HSM
anuragraj03__frame00121_png.rf.979f3531295c3e38540c3af6570b7b27,HSM
anuragraj03__frame00121_png.rf.97feddd9747d1c2e5508bcd319d10404,HSM
anuragraj03__frame00121_png.rf.987af253008aab62549586b14d627831,HSM
anuragraj03__frame00121_png.rf.98b1cc0cdf0b71b3b09ddd9b08e44736,PPC
anuragraj03__frame00121_png.rf.9df50aa55de6c4b5f6d8f7b4900b310f,HSM
anuragraj03__frame00121_png.rf.a0bd401a306c5708d768f1b7c50e07d4,HSM
anuragraj03__frame00121_png.rf.a1c8d87a5f3a2ba0071085d0ee5e407e,PPC
anuragraj03__frame00121_png.rf.a21cdcd4d2aa4fe5a4d917eba6e089c9,PPC
anuragraj03__frame00121_png.rf.a35b1f771093f0da0fafb3710166ee2b,PPC
anuragraj03__frame00121_png.rf.a961cbabd6a82d9cc195f39718a0297c,HSM
anuragraj03__frame00121_png.rf.ae3edb3d041e09d0e19e3c51e3ae3f3c,HSM
anuragraj03__frame00121_png.rf.af7e451b69977373ddeeef0142954abb,PPC
anuragraj03__frame00121_png.rf.b01970883f171873ef34d9c1f6cabdce,PPC
anuragraj03__frame00121_png.rf.b06b8b80599ba88b09803eaf04c25086,PPC
anuragraj03__frame00121_png.rf.b22a468cb7e61d552ac83d389fa72c5b,PPC
anuragraj03__frame00121_png.rf.b31e6f7c2350c819eccaa3be50a1ff6f,HSM
anuragraj03__frame00121_png.rf.ba8525db25846dcef72465f3f6317c1d,PPC
anuragraj03__frame00121_png.rf.bbd6bfaf9669e60a8e1f2014d68e7ec4,HSM
anuragraj03__frame00121_png.rf.bc668bde62274accf6f7b247b6fe37ba,PPC
anuragraj03__frame00121_png.rf.bceb8b03f08dc8698853c355dde9e5bb,PPC
anuragraj03__frame00121_png.rf.be44041ef76b2b7515e48da05f8a59d7,PPC
anuragraj03__frame00121_png.rf.c3c5311922fed1a77c8e42b6017976b9,PPC
anuragraj03__frame00121_png.rf.c442ae8e0a624ee9a712bf8f9e69c0b8,HSM
anuragraj03__frame00121_png.rf.cabec63014ea2ad14973d2d22219983d,HSM
anuragraj03__frame00121_png.rf.cc05ea9bf362fb610245f7d442cdd5cd,unknown
anuragraj03__frame00121_png.rf.cc0af6293f4cc2dd3f2e33391f4d02fd,HSM
anuragraj03__frame00121_png.rf.cca4654c5f98c2ab964c368b4fabab9d,HSM
anuragraj03__frame00121_png.rf.ce4ddec0a8dc3160424ccdf9a83d0c80,PPC
anuragraj03__frame00121_png.rf.cfb3edaf5f8945c9ff2994ce1ef08812,HSM
anuragraj03__frame00121_png.rf.d0c0fdea38ad6301d78f51d5186cf50c,HSM
anuragraj03__frame00121_png.rf.d2f31668d949e939a5b5bbcefc2a3e2e,HSM
anuragraj03__frame00121_png.rf.e042872c3ed26377cb28ded660ed07a9,PPC
anuragraj03__frame00121_png.rf.e4c03259fe8b724fdd7f27eb00a6edbe,PPC
anuragraj03__frame00121_png.rf.e4ca2ffe95809ed2ee10f080e10ae04c,PPC
anuragraj03__frame00121_png.rf.e71f5fd1987929dbc7ae63e1f86904bd,HSM
anuragraj03__frame00121_png.rf.e8fea7e55628fde551fced3e1ac7b7c0,PPC
anuragraj03__frame00121_png.rf.e9bc2417c265987d6acf459324f842ec,PPC
anuragraj03__frame00121_png.rf.f22c8cbeb01f586f99cafe735a82e465,HSM
anuragraj03__frame00121_png.rf.f766452d962badbdca3ed6b3e46595cb,HSM
anuragraj03__frame00121_png.rf.f996d759d7e132a22375d7297cd34b79,PPC
anuragraj03__frame00121_png.rf.fea25d88771c918a845855fd4070dd47,PPC
anuragraj03__frame00131_png.rf.032c4af370b99511911fe6a39b92bf8e,PPC
anuragraj03__frame00131_png.rf.03df8e6212c0543e8d45398ff478f885,PPC
anuragraj03__frame00131_png.rf.072240596b33940149e3458731a96126,PPC
anuragraj03__frame00131_png.rf.0a27fb536ada4ea2ac6fa1f97f926535,PPC
anuragraj03__frame00131_png.rf.0e2d1ab4c4e893443ca2d2596d388771,PPC
anuragraj03__frame00131_png.rf.0e2f8a1ce05538171e51998b0e1cb30e,PPC
anuragraj03__frame00131_png.rf.10e6bbd0834a017b5c6a9eb829935ed1,HSM
anuragraj03__frame00131_png.rf.11b4600aaf6304420afc4e7828aeb8c8,PPC
anuragraj03__frame00131_png.rf.1216d46076f2210a89fcf2f2888af92a,PPC
anuragraj03__frame00131_png.rf.1760a3db81c39e513901f3d82e2f02d7,HSM
anuragraj03__frame00131_png.rf.1821ce87daa24809385f2a5ca2a2e4ec,PPC
anuragraj03__frame00131_png.rf.1864099048b59a71d4e6840ede73559a,HSM
anuragraj03__frame00131_png.rf.18f216dae01954e0bfb63b2740f5471b,PPC
anuragraj03__frame00131_png.rf.192187c0c5d362bf689dea388a711bb0,HSM
anuragraj03__frame00131_png.rf.1bc9411fdfd60de8ca89dd7d40bafd71,HSM
anuragraj03__frame00131_png.rf.1bda803b0da3aae013055553336d5ef8,PPC
anuragraj03__frame00131_png.rf.1c6fb1186451b703ec770a167dd45dda,PPC
anuragraj03__frame00131_png.rf.1f9f207521e3854473cce027585e31b7,PPC
anuragraj03__frame00131_png.rf.213ef08fdc456b7a037235d64d70bd66,PPC
anuragraj03__frame00131_png.rf.226d4ddb12dc05ef346320608e6dcad8,PPC
anuragraj03__frame00131_png.rf.24b4168a449d28d0bfa7777f8466f46f,PPC
anuragraj03__frame00131_png.rf.24f3afb74972c43510ab6cdc28241a48,HSM
anuragraj03__frame00131_png.rf.2680dbd0dbc86f64e5f3e4814e9642ba,HSM
anuragraj03__frame00131_png.rf.2771973e03b7ccba70a9aa7a108e9f0f,HSM
anuragraj03__frame00131_png.rf.2d5d1be0667963bcd496285f7b465d95,HSM
anuragraj03__frame00131_png.rf.3029c80f27d9d8ee66362a7b847fdd35,PPC
anuragraj03__frame00131_png.rf.325b2fd9d897b8cc456277b6ca79db38,HSM
anuragraj03__frame00131_png.rf.338e64f2757166ac37becc24c44d31f1,HSM
anuragraj03__frame00131_png.rf.3437f3c9b29434fb82cd39f8cf5e7652,PPC
anuragraj03__frame00131_png.rf.375d822a036d02fb1d2556ae17be4ec4,HSM
anuragraj03__frame00131_png.rf.38d99cca545e0678b0951e2ea9b38709,PPC
anuragraj03__frame00131_png.rf.392647ea1887a9aa5675ae673ca85226,PPC
anuragraj03__frame00131_png.rf.39e1e7f20c4cddd31fcd6b07dfcd5dc5,PPC
anuragraj03__frame00131_png.rf.3a51af690686c3b02a6d8c68c3ab5bc8,HSM
anuragraj03__frame00131_png.rf.3c2d48af00d05251aab764396d0571cb,PPC
anuragraj03__frame00131_png.rf.3d7521996bf0a1776f80f10ac3daae93,PPC
anuragraj03__frame00131_png.rf.40a8255076d1eda9a336417ff652bb5c,HSM
anuragraj03__frame00131_png.rf.45a24ba41507635df12ddd05911546df,PPC
anuragraj03__frame00131_png.rf.48a042a1bc9ce1c23882a10869b461cf,PPC
anuragraj03__frame00131_png.rf.48bd40214e0ba2735db2b9c497d140e1,unknown
anuragraj03__frame00131_png.rf.4947335426186a21719e2467da96e8b7,HSM
anuragraj03__frame00131_png.rf.4b002d97ad724bab4b40e87d3aff217e,PPC
anuragraj03__frame00131_png.rf.4be7c77d69bf06a6144792500073f7b0,HSM
anuragraj03__frame00131_png.rf.50651801384b443aa0b46c89ba8986fe,HSM
anuragraj03__frame00131_png.rf.52df4c0787e7d8e05c19556bc14e8099,HSM
anuragraj03__frame00131_png.rf.543cfcb6ef715a373d0539bd10ba128e,HSM
anuragraj03__frame00131_png.rf.54b625b9e6206c492835a34353a00140,HSM
anuragraj03__frame00131_png.rf.55f09933f275e44e2db1b48eb31d2d5e,HSM
anuragraj03__frame00131_png.rf.5655d18235fcabc44a7fd67fee315aa7,HSM
anuragraj03__frame00131_png.rf.578689427f71e52ef97aac9513625d90,PPC
anuragraj03__frame00131_png.rf.578af2e50e2b4ba43c4bbddeba2dc78d,PPC
anuragraj03__frame00131_png.rf.578dcf225c4b31b9535b3cc1e61492dd,PPC
anuragraj03__frame00131_png.rf.58fb92f98670d0353d2e16284b60336a,PPC
anuragraj03__frame00131_png.rf.5ad8f6bed55b1b0b79806646798381ec,HSM
anuragraj03__frame00131_png.rf.5d66e1e2de964f872d8e9c0550ef97b2,HSM
anuragraj03__frame00131_png.rf.5f50285018332665776074feb752ed79,PPC
anuragraj03__frame00131_png.rf.60e33f81d7e9d1595f6eb165810a9e06,HSM
anuragraj03__frame00131_png.rf.65ffa9bf751bab84a5e743cd57c9297c,HSM
anuragraj03__frame00131_png.rf.69bd3baf29a78b5946a6b78dc3964c94,PPC
anuragraj03__frame00131_png.rf.6a5d6d668db001489d597e64b8b73eeb,HSM
anuragraj03__frame00131_png.rf.707a9b54c0523638e427a039c878eb1a,HSM
anuragraj03__frame00131_png.rf.70a4e3dfbdffea0158e93c3ed74355ee,HSM
anuragraj03__frame00131_png.rf.76ff5efb466e412c94b15bda4f5a9966,PPC
anuragraj03__frame00131_png.rf.78b7f472974876af3b8d068f094f3cd2,PPC
anuragraj03__frame00131_png.rf.801e9ca859fa7b58503c37494d0d38f6,PPC
anuragraj03__frame00131_png.rf.8175928b599c9a1ec52a2c1a468a0455,HSM
anuragraj03__frame00131_png.rf.8460efdee4eab3bf7c2383ae8c029f91,PPC
anuragraj03__frame00131_png.rf.8511f51a484a966c4fa3fb807ed9f0ba,HSM
anuragraj03__frame00131_png.rf.8ae618bae47af920c558f0633af25a04,HSM
anuragraj03__frame00131_png.rf.93b884654f4a2276ac33f9970da9bb7b,HSM
anuragraj03__frame00131_png.rf.93ea621105d10317fa616e86b69540a1,PPC
anuragraj03__frame00131_png.rf.978a8276a440961864429f70f27d0136,PPC
anuragraj03__frame00131_png.rf.97da9c129c0a9fb5c6a1e228180cd0e7,HSM
anuragraj03__frame00131_png.rf.9a57c80d4104d968ef613c3e49395a14,HSM
anuragraj03__frame00131_png.rf.9a932c657f69a335139debde4456271b,HSM
anuragraj03__frame00131_png.rf.9e4214c261e91f4e6a8526d9c7ced6f8,HSM
anuragraj03__frame00131_png.rf.a2937253da3f03f93440f7cf055e41b1,HSM
anuragraj03__frame00131_png.rf.a2de7110e33afff77822fb4b8597004c,PPC
anuragraj03__frame00131_png.rf.a2fe7274ba218576f72b0d1d223e9160,PPC
anuragraj03__frame00131_png.rf.a4e18a346a21c796ce036a63586c441f,HSM
anuragraj03__frame00131_png.rf.a55f96858be3bdb4215dde27cfb83814,PPC
anuragraj03__frame00131_png.rf.a75ce7827c66aeba39ee71165af4157e,PPC
anuragraj03__frame00131_png.rf.a7ce44cf48b3b34504fd7fbe99252518,PPC
anuragraj03__frame00131_png.rf.a810c6a4533d0b6b5e0e328d2f08d008,HSM
anuragraj03__frame00131_png.rf.ab87ba864065196455a61fa0b106c2f9,HSM
anuragraj03__frame00131_png.rf.acddd858949f8e29de7727183044a0f2,PPC
anuragraj03__frame00131_png.rf.b1ac8e97116bb60c85508f22a45cc8a3,PPC
anuragraj03__frame00131_png.rf.b23615b780441e22744457f049b2e4fa,PPC
anuragraj03__frame00131_png.rf.b4adb6af69f84e718a6629f32c6437d5,PPC
anuragraj03__frame00131_png.rf.b7a8db444ab03634bf10a36db74a6fe9,PPC
anuragraj03__frame00131_png.rf.b8b08bbb5caf0994aac10fde5be40798,HSM
anuragraj03__frame00131_png.rf.b924c440038cee5d5a5b050b3cdc3825,PPC
anuragraj03__frame00131_png.rf.bc076534193cb1559fd0d148a96cbe8d,PPC
anuragraj03__frame00131_png.rf.bd8acd63b921452a801f59cf1279af05,PPC
anuragraj03__frame00131_png.rf.be627d7add1156c87252a7e97de00805,PPC
anuragraj03__frame00131_png.rf.c20f675a9f711fb6b8807489db398344,HSM
anuragraj03__frame00131_png.rf.c8048e19a4519f4d72f60bf32fc45e37,PPC
anuragraj03__frame00131_png.rf.c9f45c9d13434ed162ceb9a532afc14f,HSM
anuragraj03__frame00131_png.rf.cc9441f5fe17a367661d8205c3b50347,HSM
anuragraj03__frame00131_png.rf.cf4411892cfdb8154fa8f21e547ef464,PPC
anuragraj03__frame00131_png.rf.cfe4e5f138560d46639c68c09740e0d0,PPC
anuragraj03__frame00131_png.rf.d3931caeb9731771d489a17c03ed1a32,HSM
anuragraj03__frame00131_png.rf.d87be5df861cc70d40e1ab6451b718e8,PPC
anuragraj03__frame00131_png.rf.da13b75ef8f84e07778a257a0427c4f6,PPC
anuragraj03__frame00131_png.rf.e13fca3b289585f6f7a0b62645c09036,PPC
anuragraj03__frame00131_png.rf.e3963112f34c4023b4b5442a2a7d2586,PPC
anuragraj03__frame00131_png.rf.e44a85a026997e8be69993c53ddaa24f,PPC
anuragraj03__frame00131_png.rf.e6609f1fb9b3fe849ba6cecef8e539bc,HSM
anuragraj03__frame00131_png.rf.eacf8f3a78a66b5290d24bb58ef0bbb5,PPC
anuragraj03__frame00131_png.rf.ed6a69e566bd8c6c19230f18191ab654,PPC
anuragraj03__frame00131_png.rf.ee294f532c88d97733de35681b95e423,HSM
anuragraj03__frame00131_png.rf.eebcaf97efd1b6ac1888e8e8d351c95b,PPC
anuragraj03__frame00131_png.rf.f1643872645a386d6592424ac23b381e,PPC
anuragraj03__frame00131_png.rf.f471e98ef7ae0091a84d787dfa9ec26d,HSM
anuragraj03__frame00131_png.rf.f5b3f6e58c2e2213fbc9b6d655cbe3cd,HSM
anuragraj03__frame00131_png.rf.fdf095434ec195980e21a3b5d4ad1fd9,PPC
anuragraj03__frame00141_png.rf.02930206ee4a1de57921a69b6f464afd,HSM
anuragraj03__frame00141_png.rf.039144fca14bea87de58841380b8fb96,HSM
anuragraj03__frame00141_png.rf.04a744fd54e133cf951e8778d52db797,HSM
anuragraj03__frame00141_png.rf.055434651b3c0850fb9767ace7dfee95,PPC
anuragraj03__frame00141_png.rf.0591bb693e6251e3b8c92fa56098b254,PPC
anuragraj03__frame00141_png.rf.07061967072dd8ff05caa7d5317ea5f9,PPC
anuragraj03__frame00141_png.rf.09f867a0472362e93e0237acf4c6df78,HSM
anuragraj03__frame00141_png.rf.0f5593e4c24585bc5ff26d238498ad91,PPC
anuragraj03__frame00141_png.rf.12f0230440a6688da9e59c5dbcd2fb72,HSM
anuragraj03__frame00141_png.rf.131042f538c1bbe3a18def0942a47ddd,PPC
anuragraj03__frame00141_png.rf.1692f27b559b4bb26e82c4471de77af2,PPC
anuragraj03__frame00141_png.rf.1721126f6ebd0ed71a3b41f1d068d546,HSM
anuragraj03__frame00141_png.rf.1d782dd086dce94585601e6dca9101bf,HSM
anuragraj03__frame00141_png.rf.1e77019e6a2db1b837e87d4e894d11ff,HSM
anuragraj03__frame00141_png.rf.1f45f6a90f8c644f07f5d626d8da89ca,PPC
anuragraj03__frame00141_png.rf.1f4b05654888656272d89e3d5b776cd2,PPC
anuragraj03__frame00141_png.rf.1fcab9a629e755d5ad24ddf25acae79a,PPC
anuragraj03__frame00141_png.rf.20036b7f84ab547366116bb7f36ecc1c,HSM
anuragraj03__frame00141_png.rf.21365319b7db30c7c7fae80c72236581,PPC
anuragraj03__frame00141_png.rf.25415ee4c7bd83c0cf9eb645f71ef796,HSM
anuragraj03__frame00141_png.rf.2dc449ecbdbf527d0a215fcb59c0b529,HSM
anuragraj03__frame00141_png.rf.2e1b367c9c5a107ffedcedb8a39206bd,HSM
anuragraj03__frame00141_png.rf.3025f64e27688c7b7f2c64bc2d612ed6,PPC
anuragraj03__frame00141_png.rf.32d230301a309709f0a57cbe54d3820c,HSM
anuragraj03__frame00141_png.rf.33b625cf9e3d1f9c2e137f1a1f516bbe,PPC
anuragraj03__frame00141_png.rf.3966135f2b67729d437daf200b32dbf2,PPC
anuragraj03__frame00141_png.rf.3a2c51f7623da0057b1685c46b5c1ed3,PPC
anuragraj03__frame00141_png.rf.3bcd651bcaab0c6b818efc8b2c658676,PPC
anuragraj03__frame00141_png.rf.3d914971dfc330d8a4f758310151e40c,HSM
anuragraj03__frame00141_png.rf.405d0cb22d38a67bfeb02121f4d1d572,PPC
anuragraj03__frame00141_png.rf.41ea1edde11a3b8aa387c5e48dda0015,PPC
anuragraj03__frame00141_png.rf.46f13d14859870096cdaa4969a614d92,HSM
anuragraj03__frame00141_png.rf.4a30ac3a3d14c516bfa2eac15350d487,PPC
anuragraj03__frame00141_png.rf.4c149667ec280c84ca6975b3df17900d,PPC
anuragraj03__frame00141_png.rf.4eb6240cd8253515e225bae154634c52,PPC
anuragraj03__frame00141_png.rf.54005b7b68d74d9c9b0793c4eee0279e,HSM
anuragraj03__frame00141_png.rf.561a7d12fbd823358a803b2138ccf503,PPC
anuragraj03__frame00141_png.rf.5679deb96ac61809dd8df8c53ee0015f,PPC
anuragraj03__frame00141_png.rf.574ba48534ad889ad53f2ddc17d97eda,PPC
anuragraj03__frame00141_png.rf.5bf88bedefb102525abde971d527b715,HSM
anuragraj03__frame00141_png.rf.6024201e5c91609e9e636c41f983afc7,PPC
anuragraj03__frame00141_png.rf.62bbd836d381dcb7228f51d6c32c31f4,HSM
anuragraj03__frame00141_png.rf.63d108dcbd009453f9d5ceec9cd94e0b,PPC
anuragraj03__frame00141_png.rf.65778d9a5cd4df8be06f86a96f34bdc2,HSM
anuragraj03__frame00141_png.rf.67097fa8875e4998c2ba7f686cb20c90,PPC
anuragraj03__frame00141_png.rf.6d5fe1b7bbee5e71350d959a99a49f77,HSM
anuragraj03__frame00141_png.rf.707d9c1741894da14b1739a1a6956260,HSM
anuragraj03__frame00141_png.rf.70962ddddf5ddee373bdc366a4662e72,PPC
anuragraj03__frame00141_png.rf.73c31dd57923f4dad04085fa26d52bcb,PPC
anuragraj03__frame00141_png.rf.7597a5ab5333324b38fcc2fa5cef2a2b,HSM
anuragraj03__frame00141_png.rf.775fabdc402eab934dde60c65cd44618,PPC
anuragraj03__frame00141_png.rf.779cae22a3cdda5165be56bfae8c8944,PPC
anuragraj03__frame00141_png.rf.7e2d2469699efb85113349d4931ea725,PPC
anuragraj03__frame00141_png.rf.7efac81c5e8338817ab7909fb631b58a,PPC
anuragraj03__frame00141_png.rf.833c437c9fa692c32d9566b747126d2a,HSM
anuragraj03__frame00141_png.rf.8749e6412734760a0d0043530b3b8567,HSM
anuragraj03__frame00141_png.rf.87ce3af43a380d431f3a886705716210,HSM
anuragraj03__frame00141_png.rf.8b28d1d1283257600217aad684c6a1b8,PPC
anuragraj03__frame00141_png.rf.8e4776f6258ea2a1261626f11db0122a,PPC
anuragraj03__frame00141_png.rf.8e9a7cf6534bf58d249464e509eed453,PPC
anuragraj03__frame00141_png.rf.8fa97972685636fb119378efedafdd3c,HSM
anuragraj03__frame00141_png.rf.939bff03f2e02b1a4a2431e4002d12d0,PPC
anuragraj03__frame00141_png.rf.9777ad53d613b1ef1fb4f69d4d19a28a,HSM
anuragraj03__frame00141_png.rf.99143720d66c7f0917833492ab498b6b,PPC
anuragraj03__frame00141_png.rf.9a4f64e6345203f06b53460dd69438b1,HSM
anuragraj03__frame00141_png.rf.9b99d7d2b35af0a8ef96724968ff3dc4,HSM
anuragraj03__frame00141_png.rf.9c3a05c36441ff4a178ba0e41047cd60,HSM
anuragraj03__frame00141_png.rf.9c4ad29f7147515414ff03bfac9fecde,PPC
anuragraj03__frame00141_png.rf.9e8d043cec53a4da8dddc6e2c6f662cd,PPC
anuragraj03__frame00141_png.rf.9ef7335f266a60eae568ad785f5cd273,HSM
anuragraj03__frame00141_png.rf.a149ae9326aac5b6bc2abc98f64fa56f,PPC
anuragraj03__frame00141_png.rf.a261b5434d2d80f31d93411cd36dd152,PPC
anuragraj03__frame00141_png.rf.a466d56331d6d2c7831ec78f77eaca96,PPC
anuragraj03__frame00141_png.rf.a5c198e3bf6b65a531346c904f818947,HSM
anuragraj03__frame00141_png.rf.a93c13e6e1798c5bded8aa51d7d2760d,HSM
anuragraj03__frame00141_png.rf.aaadc72675610f0f034fa6812f2552d4,HSM
anuragraj03__frame00141_png.rf.ab8bc204be0cd0b77b2f50abf055ccb0,PPC
anuragraj03__frame00141_png.rf.ae677c0a0b98ddbb3749c709578ac043,PPC
anuragraj03__frame00141_png.rf.b08926c417b1fe495cb6c6546d0a0121,PPC
anuragraj03__frame00141_png.rf.b1bc85084eaf3997684e7cd6c4cefd09,HSM
anuragraj03__frame00141_png.rf.b3bf1c2f30b62ab479d03b0c8ed406e6,PPC
anuragraj03__frame00141_png.rf.b3da7a9f5c23f09d3ceba505fbd23763,HSM
anuragraj03__frame00141_png.rf.b4ba7d31e2d67f7dfbafc98da8b68807,HSM
anuragraj03__frame00141_png.rf.b50c7fe38053c4072ee0cbdc9dd31e81,PPC
anuragraj03__frame00141_png.rf.b594859c1c90e8a072fe3fdde83c839b,PPC
anuragraj03__frame00141_png.rf.b6b03ad1acabee9e2d06e608c9fe7958,HSM
anuragraj03__frame00141_png.rf.b75ddb19ed766637a9fa6f38d96ed912,PPC
anuragraj03__frame00141_png.rf.b94af68497bca001043fbde6b3450463,PPC
anuragraj03__frame00141_png.rf.be45afc1b549d374e997e449caf0ad43,PPC
anuragraj03__frame00141_png.rf.c074ba23ca00fa375c3951fa5cb918e4,HSM
anuragraj03__frame00141_png.rf.c0f19b3034e8d4858e0546864e339f30,PPC
anuragraj03__frame00141_png.rf.c2260282499700698c5d8e4f92296047,PPC
anuragraj03__frame00141_png.rf.c2f1a25dd3665395f6e1f66671715d42,HSM
anuragraj03__frame00141_png.rf.c3c2af1def8884729c2be505bae4af02,HSM
anuragraj03__frame00141_png.rf.c60b02bfc44748b551d15f0c60866605,HSM
anuragraj03__frame00141_png.rf.c637f41af2985c62bafe9ed9a7bac73d,HSM
anuragraj03__frame00141_png.rf.c85f089ea80b935e844db06e1dc48c84,HSM
anuragraj03__frame00141_png.rf.c8de025ba02539e8aca2f4b960fe8d89,PPC
anuragraj03__frame00141_png.rf.c9314e9ea791b3c164877d2242d5e438,HSM
anuragraj03__frame00141_png.rf.c9366a16e2a834d4987a4f18c829c604,PPC
anuragraj03__frame00141_png.rf.c9b28ef72360c7613f5b7ef84e1e51ca,PPC
anuragraj03__frame00141_png.rf.ccfb1f307042402eea21d19b3a4ad491,HSM
anuragraj03__frame00141_png.rf.d24fff3d9104ddb34a61e7dcf53e0a61,PPC
anuragraj03__frame00141_png.rf.d8609e1fb46677f172fd3d76718b786f,PPC
anuragraj03__frame00141_png.rf.e8f2e795950fa12320dd241858bc4632,PPC
anuragraj03__frame00141_png.rf.eb425ea3ab713c05284b4457f50b3e97,PPC
anuragraj03__frame00141_png.rf.ecbb69cb513b7ae1f00ea121e9df589b,PPC
anuragraj03__frame00141_png.rf.ef91fd9bb1a76e42f9c5dc35844603b5,HSM
anuragraj03__frame00141_png.rf.efae13baf0611ee29c9968381a9f7603,PPC
anuragraj03__frame00141_png.rf.f1e4b09feb83a9aa4af129cd6f322f30,PPC
anuragraj03__frame00141_png.rf.f25c1bbce7fc91318db32b1d4c5ea66e,HSM
anuragraj03__frame00141_png.rf.f2622c06b479e9ce7d832d0f88b7a8c3,HSM
anuragraj03__frame00141_png.rf.f3cca2e0de85566b426d569b36c8daea,PPC
anuragraj03__frame00141_png.rf.f845c1454f11306a73c37b835e55ddec,HSM
anuragraj03__frame00141_png.rf.f862627de0d252943fc5adc6f6dec664,HSM
anuragraj03__frame00141_png.rf.fbc177ee2b5e1a4892ca5b82ace63a59,HSM
anuragraj03__frame00151_png.rf.00f09b3519df5f4b2a97c035613723e9,PPC
anuragraj03__frame00151_png.rf.027bd48730b88938819de46abf086a67,PPC
anuragraj03__frame00151_png.rf.06b8b6e301073e2d990945edd98e2842,HSM
anuragraj03__frame00151_png.rf.09b1d9cf00d2cc805418a5cf77325a7c,HSM
anuragraj03__frame00151_png.rf.0bbf69c58afececc9f1d220e501b528d,PPC
anuragraj03__frame00151_png.rf.0d852a0ec0f90247b53e47ebc8d1834f,HSM
anuragraj03__frame00151_png.rf.0edd86b57f146c6b5993320f036fa7e2,HSM
anuragraj03__frame00151_png.rf.0f14bb3721d9ebb00772abf12e7a9120,PPC
anuragraj03__frame00151_png.rf.110be0b79dffcc1c71b7ad0c8486db4d,PPC
anuragraj03__frame00151_png.rf.11ac46b00ee5dc8949fee29532836caf,PPC
anuragraj03__frame00151_png.rf.12227857802d168399c7342dc8b3a148,PPC
anuragraj03__frame00151_png.rf.189708cd2c263f73383541f2f491e536,HSM
anuragraj03__frame00151_png.rf.1b69f117fa5191256a82c9067dd368da,PPC
anuragraj03__frame00151_png.rf.1c363d354daace3043d6e24624c34338,HSM
anuragraj03__frame00151_png.rf.217048ff4f3cd4b4b2b960ac7993c9e4,HSM
anuragraj03__frame00151_png.rf.22617a54cd393919291fc9d27db18557,HSM
anuragraj03__frame00151_png.rf.23bb0f85c211383c4d0e9eaadc45d440,PPC
anuragraj03__frame00151_png.rf.242136ea500b5a610c69b7228b170435,PPC
anuragraj03__frame00151_png.rf.255eb5d9cc09d3e60615ccc2d3597973,HSM
anuragraj03__frame00151_png.rf.257f89d95c5d4728c2124980f86602f4,PPC
anuragraj03__frame00151_png.rf.2699d34fd6776c7d3280a893d0b7e37b,PPC
anuragraj03__frame00151_png.rf.29034a40e7a48d6f226b714abc79e273,PPC
anuragraj03__frame00151_png.rf.29f38c990cd67bbf659a64fa5cb0cd6b,HSM
anuragraj03__frame00151_png.rf.2a30152d886a452632447f7ac7e245f3,PPC
anuragraj03__frame00151_png.rf.2cc6f5e80536a11a7a726e1bb1faf335,HSM
anuragraj03__frame00151_png.rf.2e66a094bb0f4e593e4894557dd70a2b,PPC
anuragraj03__frame00151_png.rf.2f2514065418156a2bc6d434b8c44746,HSM
anuragraj03__frame00151_png.rf.2f4cf89627db35dd7589d319cbb5d37f,PPC
anuragraj03__frame00151_png.rf.2f5b0352d92b4f001b837c121d50af63,HSM
anuragraj03__frame00151_png.rf.314b74d0d09e6fc9033fd87ed6d2b767,HSM
anuragraj03__frame00151_png.rf.34470d42f64edae650ca46ee48dca0a6,HSM
anuragraj03__frame00151_png.rf.3c76c817c389b8c184dc96cbd1e97281,HSM
anuragraj03__frame00151_png.rf.3d13f536032f040afc9bc6bf5ffc7dd8,HSM
anuragraj03__frame00151_png.rf.3e0d55d0fb5b06a8222454134df6b17b,PPC
anuragraj03__frame00151_png.rf.3fe88ad4581cc00e7b64c0f527fc93c8,PPC
anuragraj03__frame00151_png.rf.422b6a52698b80da0ca1aa4868429c06,HSM
anuragraj03__frame00151_png.rf.4234bca9eec863a2fad02d8fb3087b03,PPC
anuragraj03__frame00151_png.rf.432e4c4b8fb9915c4323187a584f7522,HSM
anuragraj03__frame00151_png.rf.44a8c4b950894f9f5fb0b2a6a755de9f,HSM
anuragraj03__frame00151_png.rf.4601a56d1a250a10be06b732ede7450e,PPC
anuragraj03__frame00151_png.rf.481c9d0f014dd71c3187a8088d0327d6,HSM
anuragraj03__frame00151_png.rf.48408af7edd5805b6cbab171b4cce85c,PPC
anuragraj03__frame00151_png.rf.4897f3c0206cae79c48dfd770f3345da,HSM
anuragraj03__frame00151_png.rf.49ced2f8a6ba9b0939f24e15e4fe460f,HSM
anuragraj03__frame00151_png.rf.4c9a22fdc6f9b47bde39865448094d8e,PPC
anuragraj03__frame00151_png.rf.4cc89c3b3bcf01686baa8d5beeb5280a,PPC
anuragraj03__frame00151_png.rf.4ea01d23ac8d090f428d0b44751142a1,HSM
anuragraj03__frame00151_png.rf.5046837147e6a806bce724ff2be11aca,HSM
anuragraj03__frame00151_png.rf.50607322c74faae420c4f55690426d30,PPC
anuragraj03__frame00151_png.rf.516429cd7f9077b00b4e4543eadb7167,HSM
anuragraj03__frame00151_png.rf.51cafd758c99a8b3969d38bf4b389b64,PPC
anuragraj03__frame00151_png.rf.522e114bf2274454b9211e187f0ab127,PPC
anuragraj03__frame00151_png.rf.524520c3bccae12eb3324d9cb8d6c438,PPC
anuragraj03__frame00151_png.rf.525b7204fc1b9d0e7b9543a4159275de,HSM
anuragraj03__frame00151_png.rf.54a55ca4ab1f386c305c330d2806ac39,PPC
anuragraj03__frame00151_png.rf.5b3b2687f1d84d952a8e081361b53022,HSM
anuragraj03__frame00151_png.rf.5f92394d84185423f6b61880100d61be,PPC
anuragraj03__frame00151_png.rf.60aa635a51cab1022cb622dc2424490e,PPC
anuragraj03__frame00151_png.rf.646a218df4612332791115f785dc64f1,HSM
anuragraj03__frame00151_png.rf.657b3e0469fbf9d5698140c7be98afba,HSM
anuragraj03__frame00151_png.rf.6839f4839612a7ebf4cd3c3b730e07db,PPC
anuragraj03__frame00151_png.rf.6a2fd091ee958b2af9e4c204474493e2,PPC
anuragraj03__frame00151_png.rf.6b2d091430d41a842aecf41ac0b0c8b6,PPC
anuragraj03__frame00151_png.rf.70052f7930a2d4405294a6c385504574,HSM
anuragraj03__frame00151_png.rf.70701e42ea2ccc62420be0d8efedd965,HSM
anuragraj03__frame00151_png.rf.70ff6cf0c7a26f47b0e2920d66b7183c,HSM
anuragraj03__frame00151_png.rf.75c048d8ccbcf8fa79a765cc68aea966,PPC
anuragraj03__frame00151_png.rf.77d4a1e55bf8ad0cc4de17d7af13af6c,PPC
anuragraj03__frame00151_png.rf.7977d49943ec29fb38f8ae4bc3de18d0,PPC
anuragraj03__frame00151_png.rf.79dea3cc0b3473f68ec3ad8a24c827e8,HSM
anuragraj03__frame00151_png.rf.7bd62618f93a8b1f5027b6fa5add8b60,PPC
anuragraj03__frame00151_png.rf.7be4cf78eafe302251715985e7b12007,PPC
anuragraj03__frame00151_png.rf.7ea9ea926f31347d0b406510a76c6d79,PPC
anuragraj03__frame00151_png.rf.7fe3d02809cac271a273ed76c8376920,HSM
anuragraj03__frame00151_png.rf.82b78270ed5bd565db09dba16b0244d4,PPC
anuragraj03__frame00151_png.rf.836757fae36361736ca6aadce7af287a,PPC
anuragraj03__frame00151_png.rf.88b0751b2ebcbdb2da625771b158bc80,HSM
anuragraj03__frame00151_png.rf.8b180a82f19419f4e5c0c7496e34642c,HSM
anuragraj03__frame00151_png.rf.8bc5d9ce25edce72f4b3b5184d45f673,PPC
anuragraj03__frame00151_png.rf.8bebd19846853ccc7542614f90eedd56,HSM
anuragraj03__frame00151_png.rf.911c75b426ec4af3eb6bf0a6b4bb8cf7,HSM
anuragraj03__frame00151_png.rf.973d33870eba64503ab3a27b45854b00,HSM
anuragraj03__frame00151_png.rf.9770af2de4398b3e2e1281c652a23988,PPC
anuragraj03__frame00151_png.rf.98eceeb1152f6c6920d995106c3ad1da,HSM
anuragraj03__frame00151_png.rf.9b3c4162d85ef99545daf0bc5ae9de02,PPC
anuragraj03__frame00151_png.rf.9bf1abfc317eb01f664caa66ea985da1,HSM
anuragraj03__frame00151_png.rf.a0bd461308dcb21099e614339a8d9ad2,PPC
anuragraj03__frame00151_png.rf.a3913d4d0770677d32e8b28eff5b8573,HSM
anuragraj03__frame00151_png.rf.a3a86a7567cf49af37e1614664267271,HSM
anuragraj03__frame00151_png.rf.abf0eebb8746cabbb64a6c677df8e004,PPC
anuragraj03__frame00151_png.rf.b006982d0f52bcf69bd226f97169de1c,PPC
anuragraj03__frame00151_png.rf.b4ab086a6b08687246f4f47c686abe1c,PPC
anuragraj03__frame00151_png.rf.b5edd82d3385042feb087d3b17fcd6fb,HSM
anuragraj03__frame00151_png.rf.b7b4324d156ce2a41d6733318dc1e1b2,HSM
anuragraj03__frame00151_png.rf.c26e788ec9550eef99dcf339f519b5f6,HSM
anuragraj03__frame00151_png.rf.c28f4da73f860e7139a6c3a18dc6e80e,HSM
anuragraj03__frame00151_png.rf.c2bc1ae69bb630c2d01290be23210ca6,HSM
anuragraj03__frame00151_png.rf.c48e699fa1cd97707f4eeda7218720aa,HSM
anuragraj03__frame00151_png.rf.c6cd5e73751e99014db60e241b737ce8,HSM
anuragraj03__frame00151_png.rf.c96be1c9da88e43cfecde48177550d88,HSM
anuragraj03__frame00151_png.rf.cb48ec23d35a203b80d9cfe330cd1717,HSM
anuragraj03__frame00151_png.rf.cd82bc2f05197e2a65188455c2fbf30b,HSM
anuragraj03__frame00151_png.rf.cea421d9e8df1253074ab960b889880d,HSM
anuragraj03__frame00151_png.rf.d22de4ef7345d8cf997c38a26f5984aa,PPC
anuragraj03__frame00151_png.rf.d5745fc7bdf0668dd9c5247caa4721c7,PPC
anuragraj03__frame00151_png.rf.d6c81e80305ca9832cd1d86ce2ea2d60,HSM
anuragraj03__frame00151_png.rf.d8c69617290cb77965a2fe3eafc3514f,PPC
anuragraj03__frame00151_png.rf.dbdacd1ca798ffe75b773b87470c6b3c,PPC
anuragraj03__frame00151_png.rf.e190f94759696c0231c2a398d4b9d59a,PPC
anuragraj03__frame00151_png.rf.e1add3ff9e32f055c75d3295b8cf487c,PPC
anuragraj03__frame00151_png.rf.e1b25d47fc882f98dff68a2fb25159c4,HSM
anuragraj03__frame00151_png.rf.e450ec6d27a1b9cffb5f1058c346a668,HSM
anuragraj03__frame00151_png.rf.e626ab51f5a7a1bb5d1c52ecf8a9c73c,PPC
anuragraj03__frame00151_png.rf.e6f69670a9c6735a6664f1df92781ce7,HSM
anuragraj03__frame00151_png.rf.ea4fb6f7d586fc42662a4ec28942df41,PPC
anuragraj03__frame00151_png.rf.ead4075ea5d6d0c13f31088b87d3df52,HSM
anuragraj03__frame00151_png.rf.ee677634382ac30cffd249d5d6e08498,PPC
anuragraj03__frame00151_png.rf.f0c5339a484160cf1a9f8e58157f5a93,PPC
anuragraj03__frame00151_png.rf.f271121bed39440785657b6e5db9fe8c,PPC
anuragraj03__frame00151_png.rf.f3128ad69d52c9b494795479e5703082,HSM
anuragraj03__frame00151_png.rf.f52b098863c52b5d1ae66f0562e14500,PPC
anuragraj03__frame00151_png.rf.f55f0071417534eb77aeee156114407a,HSM
anuragraj03__frame00151_png.rf.f57c52818daa68dfaf29c6d6a79ce38e,PPC
anuragraj03__frame00151_png.rf.f7cc4f5be1706e60b6f4bc2563b2cea9,HSM
anuragraj03__frame00151_png.rf.f8049fffe376a9ece49802bb44d1df86,PPC
anuragraj03__frame00151_png.rf.f9103b3e069184e699224e25a2a088eb,PPC
anuragraj03__frame00151_png.rf.f9617feac4f880a23e4466e4e8f9e240,HSM
anuragraj03__frame00151_png.rf.fa5fc40bcff7b46e96bcd1281f033e9d,HSM
anuragraj03__frame00151_png.rf.fab83f79bc3fb6de8333278cac3d8531,PPC
anuragraj03__frame00151_png.rf.fb494201d0287b4e5c056d040da7c0e8,HSM
anuragraj03__frame00151_png.rf.fcf9800eb1045edba1a32d9701fa65e9,HSM
anuragraj03__frame00151_png.rf.fd19b01d26ca6c1725d184eac4ce0182,PPC
anuragraj03__frame00151_png.rf.fe617e1fb307d8c1f15aba3d4a6dabca,HSM
anuragraj03__frame00151_png.rf.ffedd40bd97a950f0ef29ce4bc292aa5,HSM
anuragraj03__frame00161_png.rf.0225d1e81ef7adaa2b1f63f871e5819a,PPC
anuragraj03__frame00161_png.rf.06b880738d1e8a56e67acafd25777f37,HSM
anuragraj03__frame00161_png.rf.06d6e4cc788c2856b564a69820d2f27e,HSM
anuragraj03__frame00161_png.rf.071411cee79ff3363af8521096120d55,PPC
anuragraj03__frame00161_png.rf.07a6796ae8e1c72888c04369e728f619,PPC
anuragraj03__frame00161_png.rf.0af740d21c2edbc38e57fc1e6050a46d,PPC
anuragraj03__frame00161_png.rf.14e9f351b771e62432b018d517d2fcd3,PPC
anuragraj03__frame00161_png.rf.15a2f7f01f39562fb7b21ed1faa1ebd3,PPC
anuragraj03__frame00161_png.rf.162cb50e51307f54e97574bad547bf1f,PPC
anuragraj03__frame00161_png.rf.1e53fc2205caa549eab53cff784f4512,HSM
anuragraj03__frame00161_png.rf.1ed778e39f5fd07c6c9e7ad32bcf722f,HSM
anuragraj03__frame00161_png.rf.1fb43998bcf21f369043419aba2df3db,PPC
anuragraj03__frame00161_png.rf.218dabddb45a2283d63fb0b7f0a51edb,PPC
anuragraj03__frame00161_png.rf.2725cbae859c9d6ba00102d6764b71e0,PPC
anuragraj03__frame00161_png.rf.28a5a0a1d02fb14a4c44505ade8c2c3d,PPC
anuragraj03__frame00161_png.rf.28e3ab3e0e6b8c2177b73e26a60e8c10,PPC
anuragraj03__frame00161_png.rf.2c175c4612a222d34284f3e4213ba2dd,PPC
anuragraj03__frame00161_png.rf.2d37cae570fe783c8d6a3a5fd46b6d47,PPC
anuragraj03__frame00161_png.rf.31a4ba0e64944a83a25604a194e98920,PPC
anuragraj03__frame00161_png.rf.33e9c0ac30696aa662f6e343798d0844,HSM
anuragraj03__frame00161_png.rf.388718acb7e10b4107479ce9fea0d708,HSM
anuragraj03__frame00161_png.rf.38bb5e973372b21cfca195369fbbe9c4,HSM
anuragraj03__frame00161_png.rf.398c9e6cd9d247ee678433654dc9780a,HSM
anuragraj03__frame00161_png.rf.3a22c45745d40dd395756bbad4a3c02a,PPC
anuragraj03__frame00161_png.rf.3b87b067738ffd412c51e6ec3d3ed9b4,HSM
anuragraj03__frame00161_png.rf.40911ac18759a1996755b69f748f6d54,HSM
anuragraj03__frame00161_png.rf.41fde390e1de1aa1349a200f7951673b,PPC
anuragraj03__frame00161_png.rf.45d792e3c2448568c76b8104b849b738,PPC
anuragraj03__frame00161_png.rf.4b7da2644bfc3f8f94b4cccfc8988c86,PPC
anuragraj03__frame00161_png.rf.4c1c789df87a63bf10e91bd1c53bc8f5,PPC
anuragraj03__frame00161_png.rf.4c6efdfd6066db8de9cfa3989dea89dc,HSM
anuragraj03__frame00161_png.rf.4ca504b78692da861a504207d2c4dd09,HSM
anuragraj03__frame00161_png.rf.4e2d1d52a87646b04a6c696e8799eb23,HSM
anuragraj03__frame00161_png.rf.4e3fb83cdfdb4314562b4c58c4ca9841,HSM
anuragraj03__frame00161_png.rf.4fc4f1d898174ada6fe153ff81d1aa1c,PPC
anuragraj03__frame00161_png.rf.5074f5447a8a3dd9e97d43c8d58dd46e,HSM
anuragraj03__frame00161_png.rf.50e67e686ce6f96fb8e4ce66cf573db8,PPC
anuragraj03__frame00161_png.rf.517dc5d51c9edbeb685444f803b58d6b,HSM
anuragraj03__frame00161_png.rf.518b2160e5f6660362ec2ae092abc83a,HSM
anuragraj03__frame00161_png.rf.54327707b8446fe4caf5ee670e43c1b1,HSM
anuragraj03__frame00161_png.rf.57d6312ca0cf24a2dec98b5a5a2c3e51,HSM
anuragraj03__frame00161_png.rf.5a5093d5662c20f8235e25c30b182885,HSM
anuragraj03__frame00161_png.rf.5a88f9f6a6b125eb616ecae30d0f058d,PPC
anuragraj03__frame00161_png.rf.5f35c416642c8b7bdbe91197da6a1a4d,HSM
anuragraj03__frame00161_png.rf.5f39337a81732cb9e14501ec07b6c0dd,PPC
anuragraj03__frame00161_png.rf.6494d2255fab91d0ebffdb1554301c46,PPC
anuragraj03__frame00161_png.rf.68079ce1d6aa36c61a2e0dc211ea842d,HSM
anuragraj03__frame00161_png.rf.69a90ce2b512095675daadd148c07aa9,PPC
anuragraj03__frame00161_png.rf.78015ac7165b6f8d742694759eaabcb0,HSM
anuragraj03__frame00161_png.rf.78631b4af5b04e49ed2542af0f84bbfc,HSM
anuragraj03__frame00161_png.rf.793116aa5beece7173de19e907c19b1f,PPC
anuragraj03__frame00161_png.rf.796da15482b190270888bb31eaf7cca4,PPC
anuragraj03__frame00161_png.rf.7a795d50db63c81e3deb5d729f3d814f,PPC
anuragraj03__frame00161_png.rf.7aa66fcb7e7963e009b839b24a309434,PPC
anuragraj03__frame00161_png.rf.7b56c60f05af0f02c7e127303fa90a3c,PPC
anuragraj03__frame00161_png.rf.826da109ad89762cce885610f6e2c41e,PPC
anuragraj03__frame00161_png.rf.8317b5022bb70da166cad0c7a46ddaec,PPC
anuragraj03__frame00161_png.rf.84d2308e468f41cbf1318b1bb4470bce,HSM
anuragraj03__frame00161_png.rf.8643f5cf626331aa59207cfc493f4635,PPC
anuragraj03__frame00161_png.rf.880afa9b0313e02e85b009d053eedb17,PPC
anuragraj03__frame00161_png.rf.886b6a36d57d6ccf89604ad3fab2d897,HSM
anuragraj03__frame00161_png.rf.88969a8b40319a9ccb848352cedd9066,PPC
anuragraj03__frame00161_png.rf.8ad0c164853a3e2859655edd605be8e6,PPC
anuragraj03__frame00161_png.rf.8dc7c02753d4674c27070767272ebf93,PPC
anuragraj03__frame00161_png.rf.90404dc8226ef90930fae446db25c0fc,PPC
anuragraj03__frame00161_png.rf.91132863a2e6ccb97123ac3dbfe8cb4a,HSM
anuragraj03__frame00161_png.rf.9380a0f653dd4eac91e018a9152db42a,HSM
anuragraj03__frame00161_png.rf.968053c1c5c2fd56b1c4e348d5513c75,PPC
anuragraj03__frame00161_png.rf.991e9aa4a34118aa307f603839b400e5,HSM
anuragraj03__frame00161_png.rf.9a5d72a70e0f38532c661671d4cfac4a,HSM
anuragraj03__frame00161_png.rf.9b62d1a2aaa85e52f02ed84a0d689207,PPC
anuragraj03__frame00161_png.rf.9f2e31a286958e2d2bdcb4aeb3ba256a,HSM
anuragraj03__frame00161_png.rf.a3643f55918b6d8d0d4cf186c5d112d7,PPC
anuragraj03__frame00161_png.rf.a6a18e8f184d49c750ede5a903cfc475,HSM
anuragraj03__frame00161_png.rf.a73a3e57886dee0be43e91a41eb25186,PPC
anuragraj03__frame00161_png.rf.a8e41ecfc9d05ddc18e8bd1cc72adb8b,HSM
anuragraj03__frame00161_png.rf.a989fb3c7bcebc915cd34c93fda8e359,PPC
anuragraj03__frame00161_png.rf.abc343dd0f7728e39a9a23bd44037ba1,HSM
anuragraj03__frame00161_png.rf.ac76b97959dce1618496aa90a74f2c92,HSM
anuragraj03__frame00161_png.rf.aff03949e3f567d44e13179ec927be44,HSM
anuragraj03__frame00161_png.rf.b0a3b347b2bdac2089c0e014893a2d22,PPC
anuragraj03__frame00161_png.rf.b3b13d51a86b8d64a6f5d9150827e92f,HSM
anuragraj03__frame00161_png.rf.b3d13cdc76de82f9a8f825124f32e63b,HSM
anuragraj03__frame00161_png.rf.b4a12dbdda0787771bc8471c70af8581,HSM
anuragraj03__frame00161_png.rf.b4c9249671ce4c184b875d031f90d267,HSM
anuragraj03__frame00161_png.rf.b6f70cc67d320d88c980057cc5a79a4d,HSM
anuragraj03__frame00161_png.rf.b74601dae1148bfbffe4e448c2b3ee56,PPC
anuragraj03__frame00161_png.rf.bd027f74af38d8f4d0c78050a7555b08,PPC
anuragraj03__frame00161_png.rf.c035ca975c39f3904f53df8c7d7fb9cc,PPC
anuragraj03__frame00161_png.rf.c376ebd0c247e375bfd0de17b51f4aff,PPC
anuragraj03__frame00161_png.rf.c4e13117729bcac8d1670027b92e9910,PPC
anuragraj03__frame00161_png.rf.c5f635648563bce3e4ac38d9564f2601,HSM
anuragraj03__frame00161_png.rf.c6fbd2c12f116e594971e07c1419a7e0,HSM
anuragraj03__frame00161_png.rf.c7eaba0a6b8d0cf9fc33c8083298ab89,PPC
anuragraj03__frame00161_png.rf.c9f6c3a54c1ba4406868e32cbdcf37ea,HSM
anuragraj03__frame00161_png.rf.c9f7d828e48f836b82766d5d5ddacd16,HSM
anuragraj03__frame00161_png.rf.cc9b77000fc8030d5d1a51e1665ab4f0,PPC
anuragraj03__frame00161_png.rf.ccab716fcfa80052d093e635704575fc,HSM
anuragraj03__frame00161_png.rf.d0fd5a2624b4686ac4af00940ffd7e8a,HSM
anuragraj03__frame00161_png.rf.d115cfd18498926a76d5973a9a1b7750,PPC
anuragraj03__frame00161_png.rf.d39620b3cbcd4d63a721bbc980285294,PPC
anuragraj03__frame00161_png.rf.d5eea797ea344303dc3d07951ae2495c,PPC
anuragraj03__frame00161_png.rf.e029a9ebfae317c8d27a7070704c4503,HSM
anuragraj03__frame00161_png.rf.e12af365e7e435146362752779f2041d,PPC
anuragraj03__frame00161_png.rf.e1b53ec0c5838526f110df9cb14e8dae,PPC
anuragraj03__frame00161_png.rf.e772a6e301438c7deeaa8b25c2c9e3dd,PPC
anuragraj03__frame00161_png.rf.e8a9e31f90005a91dd3c372b6bff67c2,PPC
anuragraj03__frame00161_png.rf.edba47edee04f32e6d186e18a0a8d510,HSM
anuragraj03__frame00161_png.rf.ef32bced9711dfb5853ceec95826b8a3,PPC
anuragraj03__frame00161_png.rf.f0f55cd18ac4d12535859611a2d35a9e,PPC
anuragraj03__frame00161_png.rf.f140f898fa62e2366ef15da043d97e1b,HSM
anuragraj03__frame00161_png.rf.f381d8ddf78652e8d8edc9769c1aa8cc,PPC
anuragraj03__frame00161_png.rf.f3f038e8d91d7b32bea5856e733f01f2,PPC
anuragraj03__frame00161_png.rf.fc0074a8a8a723751fc46893648b983b,HSM
anuragraj03__frame00161_png.rf.fd0b6ee8c98e83aed97042fb90a0f7fb,PPC
anuragraj03__frame00171_png.rf.020d3a6f6bf850e6eb33da09ba5c9daa,HSM
anuragraj03__frame00171_png.rf.02d402efbebe7c22b901ebe43a8d0e26,HSM
anuragraj03__frame00171_png.rf.03ac58e4ba53b9b7f284c794dbd65030,HSM
anuragraj03__frame00171_png.rf.03cc073b468593489ef2f92efc336458,PPC
anuragraj03__frame00171_png.rf.04829d3823e5bcdca0ef5f88586f79b0,HSM
anuragraj03__frame00171_png.rf.06b6ab4bb96679df18f2ae00891d4514,HSM
anuragraj03__frame00171_png.rf.092e6374da48402a3bbac953fda865c0,PPC
anuragraj03__frame00171_png.rf.108de56b05fcfca4c4292d5df71e01a7,HSM
anuragraj03__frame00171_png.rf.1162317df47a4c8c0dde9230d350a752,PPC
anuragraj03__frame00171_png.rf.129b7cca89e9252ecd6be985801e4431,HSM
anuragraj03__frame00171_png.rf.12a1ba8c07e59b03c2976c6d7ac89e64,HSM
anuragraj03__frame00171_png.rf.1597b3fd242b4e4daf56318990801116,PPC
anuragraj03__frame00171_png.rf.16e4f955165860f0de5ccea2d50fb097,PPC
anuragraj03__frame00171_png.rf.17489e5ec64c54c0f67506c903fdece3,PPC
anuragraj03__frame00171_png.rf.1885d30dfc8ca7261aaa93d94e8deb89,PPC
anuragraj03__frame00171_png.rf.199cb0069feb830b5db2854a15ce51cd,PPC
anuragraj03__frame00171_png.rf.1bbc056cdacf4557827dba0c2297f932,PPC
anuragraj03__frame00171_png.rf.1be4f15cd34bcad159e920f31cc806e5,PPC
anuragraj03__frame00171_png.rf.1bf0eee1c298c9fba2893d6ee90718d5,HSM
anuragraj03__frame00171_png.rf.1fea7a7128c98a25c16730f518fe779a,PPC
anuragraj03__frame00171_png.rf.20dd249049ad1f9e1b78998ab5b91fe2,HSM
anuragraj03__frame00171_png.rf.22c133da75842bd2841e3dc3f8611576,HSM
anuragraj03__frame00171_png.rf.2316249b11d44032cdb25f7600b0abb3,HSM
anuragraj03__frame00171_png.rf.27225d1228d8fb00fd8fd96da5d2aeeb,PPC
anuragraj03__frame00171_png.rf.28230b8d54f0f63bb1c6f17ffb4b9a67,PPC
anuragraj03__frame00171_png.rf.2a599724a523d9694647438240c4c15b,HSM
anuragraj03__frame00171_png.rf.320f303cf4efff228536911bb57e64f0,PPC
anuragraj03__frame00171_png.rf.36b17347c3f98f99a4e1b6672806e62d,HSM
anuragraj03__frame00171_png.rf.3aac90618fed8a0c7c0c76977aab7ff8,PPC
anuragraj03__frame00171_png.rf.3c2ae26cdc00a2b307a9dd772037a96c,HSM
anuragraj03__frame00171_png.rf.3c335ecbf32a98275757597974fcea51,HSM
anuragraj03__frame00171_png.rf.3c891b868236faf63cf628be9245bd45,PPC
anuragraj03__frame00171_png.rf.4248885f5908004b37eb9c8dc0ecd0c3,HSM
anuragraj03__frame00171_png.rf.4d40d37c4df6afd2906d7f4b9a78cef8,HSM
anuragraj03__frame00171_png.rf.4d870be3712b6eef70fa76293f2cf558,HSM
anuragraj03__frame00171_png.rf.501500e72d6a3a865b7026a3dcf8e739,PPC
anuragraj03__frame00171_png.rf.51e01257ab7f5f050aa007b89ff446ee,HSM
anuragraj03__frame00171_png.rf.5203013e35b9942ed9a427b35631a1d0,PPC
anuragraj03__frame00171_png.rf.5369c36e1d6dae042848c47278a03309,PPC
anuragraj03__frame00171_png.rf.54d6fa13a5185c976ba931f83baa24d9,PPC
anuragraj03__frame00171_png.rf.5d518d2dcc83d721616e29a8a4438b65,HSM
anuragraj03__frame00171_png.rf.5e2739b24b6f1e3d8b9e37d47e039ce7,PPC
anuragraj03__frame00171_png.rf.60afb3bec8d3f8cff756b406d5b9b1a6,HSM
anuragraj03__frame00171_png.rf.779924d45b156e0303acf40778c6ee2a,PPC
anuragraj03__frame00171_png.rf.78221abcc51719b415346bdf23569e84,PPC
anuragraj03__frame00171_png.rf.78475acbddacf4c80fced0c493116d95,PPC
anuragraj03__frame00171_png.rf.78ed05bc5429dfceb07676b7dd6ba2f2,HSM
anuragraj03__frame00171_png.rf.7ca351ef9540106e49df8b276904ded7,PPC
anuragraj03__frame00171_png.rf.7d5f9d068e96811c1853acf8cf4cbc79,PPC
anuragraj03__frame00171_png.rf.7e2f9ffe38992c706805f2203b2d79b5,PPC
anuragraj03__frame00171_png.rf.81fc0dafdfa5c8781ab585d7627a9821,PPC
anuragraj03__frame00171_png.rf.8441e2e924fb41d0bcb08d034d41bd15,HSM
anuragraj03__frame00171_png.rf.85ee27a4c21b6d49c885525165252702,PPC
anuragraj03__frame00171_png.rf.88dac1b3c418035d4a59545b2aaf5ae3,HSM
anuragraj03__frame00171_png.rf.89db02e66cff5b3e51bc76c4043982c1,PPC
anuragraj03__frame00171_png.rf.8c76e4a722196be9179b995826ccdc48,PPC
anuragraj03__frame00171_png.rf.93fd4b84e92eca87f055ae353e091228,PPC
anuragraj03__frame00171_png.rf.9819ced80287f797f328b7f1b2458aa1,HSM
anuragraj03__frame00171_png.rf.9cc8c981176effc4ced5836c73c16ff8,PPC
anuragraj03__frame00171_png.rf.a21fbd1ba15ae7362f8266141f05d719,PPC
anuragraj03__frame00171_png.rf.a7877e2d9d52c1386984fad2feb053f6,HSM
anuragraj03__frame00171_png.rf.a9257eb5d963f5209d90567c74ae4e10,PPC
anuragraj03__frame00171_png.rf.ab3afd32fd3cbfe149f178f755083b16,PPC
anuragraj03__frame00171_png.rf.ad1c809d505ff0e8d8b8963bb676fa74,PPC
anuragraj03__frame00171_png.rf.aea8bb21d10415402c16aa1d5a734e4b,PPC
anuragraj03__frame00171_png.rf.af2fa41efa17886152069220caa319bf,PPC
anuragraj03__frame00171_png.rf.b334b2db9d6d08372aeb19eea1f01b0f,HSM
anuragraj03__frame00171_png.rf.b7bb68aa0dbe8e6a2bba37699fa3c6d5,HSM
anuragraj03__frame00171_png.rf.b85b8689cc07d81073db7da407b4a900,HSM
anuragraj03__frame00171_png.rf.b9d3e9a3dcb5ec34db0616534433fae3,PPC
anuragraj03__frame00171_png.rf.bc584c7f48db1146f0fc8efd41f1f7da,PPC
anuragraj03__frame00171_png.rf.bca95c8e6be3a5ddf7451162a0a57b25,HSM
anuragraj03__frame00171_png.rf.bd05466fb91ca39ed26fea3545f6578a,PPC
anuragraj03__frame00171_png.rf.be0cd90b0030b54a57000831668e8786,PPC
anuragraj03__frame00171_png.rf.c192f7601dc1e0acd5545ada31ae92ff,PPC
anuragraj03__frame00171_png.rf.c1e09a0e437cf3969233f08d6e829d35,HSM
anuragraj03__frame00171_png.rf.c55707cfc2f739a615acd457ea665dda,HSM
anuragraj03__frame00171_png.rf.c70bf52989e03b9241a5a80dbfd49a57,HSM
anuragraj03__frame00171_png.rf.ca36fb587e26dc4d9da324f96c28b010,PPC
anuragraj03__frame00171_png.rf.cc5d941295f66c5daeaa8ef5eecefa66,HSM
anuragraj03__frame00171_png.rf.ce41433e034a6040aa636a865907bc7b,HSM
anuragraj03__frame00171_png.rf.cfd4e88df90e5659de61753c705f9c4b,PPC
anuragraj03__frame00171_png.rf.cfffcc6ad94c0da5485d0ec5e1476528,PPC
anuragraj03__frame00171_png.rf.d19350d635f0754071957a9172666d84,PPC
anuragraj03__frame00171_png.rf.d46e42f199fb89bd6a5b245a5f3e209d,PPC
anuragraj03__frame00171_png.rf.d54d28ed836c633c6c3a555c92d795cb,HSM
anuragraj03__frame00171_png.rf.d86fd269a2a27ec911d6b07c8ccf8f49,PPC
anuragraj03__frame00171_png.rf.d8fdd7495878701fd2dc4f9e23069b13,HSM
anuragraj03__frame00171_png.rf.da3cc04186a55d966a5fdf2eda5a920a,HSM
anuragraj03__frame00171_png.rf.de8b85bf5da0d4a9313ab38d3743cd2e,PPC
anuragraj03__frame00171_png.rf.dfdebc0c5d3a5b2959679080a1513b68,HSM
anuragraj03__frame00171_png.rf.e07b4805a310cb63be4b380a1f505c41,HSM
anuragraj03__frame00171_png.rf.e22d63ce177c42b381a43b4bdd149305,PPC
anuragraj03__frame00171_png.rf.e29ad2adefa75b3e5bd1cdfbec3a2afd,PPC
anuragraj03__frame00171_png.rf.e40dac11ee79f07eb26c8c122ada725e,PPC
anuragraj03__frame00171_png.rf.e5cd0c390df46d35f67ed446d39bb31a,HSM
anuragraj03__frame00171_png.rf.e671fa9b2583f360b89450f9b635f949,HSM
anuragraj03__frame00171_png.rf.e7df66fdda41b9bbf7103c17240216c2,PPC
anuragraj03__frame00171_png.rf.e8c996bf189f431c80e0bdd54239b96b,HSM
anuragraj03__frame00171_png.rf.eeb0fff3a2be2ae52bae55b155484794,PPC
anuragraj03__frame00171_png.rf.ef4ddd5715e3eb3b528df5b493342694,PPC
anuragraj03__frame00171_png.rf.f04ba224320d741d36e861bca1a1e3d9,HSM
anuragraj03__frame00171_png.rf.f1f5420d5f7833095db6236f8fbe9770,PPC
anuragraj03__frame00171_png.rf.f6238902555e9d5988494fe65991be6b,HSM
anuragraj03__frame00171_png.rf.f66df1d07eccd5c3a3b22bbfae098763,PPC
anuragraj03__frame00171_png.rf.f7368e84cf94b4d7d50def24195702f6,PPC
anuragraj03__frame00171_png.rf.f7e46da9bec80f8094f5560309d2f842,HSM
anuragraj03__frame00171_png.rf.f80afa02c896602542ea64409acfda8e,HSM
anuragraj03__frame00171_png.rf.faa60fa19c65c9952cc610102a41197d,PPC
anuragraj03__frame00171_png.rf.fbea107ae38533c4cae63c3dd4a165b1,HSM
anuragraj03__frame00171_png.rf.fc4afa05669a5de9b5d6bb15076df57c,HSM
anuragraj03__frame00181_png.rf.0054cb188806b80cd54709ffb470d011,HSM
anuragraj03__frame00181_png.rf.027cf24a8eda4da2f987ed3f0c8f2543,HSM
anuragraj03__frame00181_png.rf.04e39f863ade3c6b11a6c0bf5f93dbd1,PPC
anuragraj03__frame00181_png.rf.05c0905cd83a04ea6087617f3a5d72bf,PPC
anuragraj03__frame00181_png.rf.0630c4f07cc0fee3d3d9114884d7e079,HSM
anuragraj03__frame00181_png.rf.08eb6505185fd6599bce0f776ad58150,HSM
anuragraj03__frame00181_png.rf.0912a243afcd5f21c635e2e01c3a2db9,PPC
anuragraj03__frame00181_png.rf.0ab59c1e99fcdf255831c6fb86238fb2,HSM
anuragraj03__frame00181_png.rf.0c0b676b537ce7940b2d4fc4b281aa0e,HSM
anuragraj03__frame00181_png.rf.0c4759fbd7f29ec403fa7108b966e22b,HSM
anuragraj03__frame00181_png.rf.0f3298670852f782bf6e70f2fc4bed40,PPC
anuragraj03__frame00181_png.rf.0f5386d203b5b7cb1ef504eb71836aad,HSM
anuragraj03__frame00181_png.rf.0f92791c2096749e04843433a4ce8727,HSM
anuragraj03__frame00181_png.rf.0fb4a56e9a24b581b84b3f12f389096f,HSM
anuragraj03__frame00181_png.rf.10ac83f7a92fdd912406df6c52d78b3e,PPC
anuragraj03__frame00181_png.rf.10e26e06c1b35fa04aa3d702536934af,PPC
anuragraj03__frame00181_png.rf.10e6afe9c4483dc0f5b48e5874974976,PPC
anuragraj03__frame00181_png.rf.154b2f86874200515008233ab46757d8,PPC
anuragraj03__frame00181_png.rf.16b5ada3fafb7a180af38230921367d4,PPC
anuragraj03__frame00181_png.rf.17e94fe0e14a77416bb5c0ec05c258ef,HSM
anuragraj03__frame00181_png.rf.184057bd761b00ff7139362b948d20b8,HSM
anuragraj03__frame00181_png.rf.1aa1d33fb1b000484560c42db01685da,HSM
anuragraj03__frame00181_png.rf.1d246c76b28f387129fb6820e5037aa2,HSM
anuragraj03__frame00181_png.rf.1e2a882f2e3b24eac60ec8f68d9760ec,PPC
anuragraj03__frame00181_png.rf.1e7905f6ee9421dd16dbcd2644efabe2,HSM
anuragraj03__frame00181_png.rf.1fad22486941e10cdc0eb4881589ac4b,HSM
anuragraj03__frame00181_png.rf.21ebaf0b7add5482c71fd292d4b12795,HSM
anuragraj03__frame00181_png.rf.239f22adb100d511ba7f0f0876a40627,PPC
anuragraj03__frame00181_png.rf.257049d8125c07a87b44f673c4094dfa,HSM
anuragraj03__frame00181_png.rf.28303c13680001f6892bccb3249a7b61,HSM
anuragraj03__frame00181_png.rf.29f858ceb2a98239138bbe8838aa6552,HSM
anuragraj03__frame00181_png.rf.2cd8b133c598b05e6c73f8734b4f3460,HSM
anuragraj03__frame00181_png.rf.32b04889c520ef19fcc4d88054415d31,HSM
anuragraj03__frame00181_png.rf.393216b39201470f57330fd6451c7a79,PPC
anuragraj03__frame00181_png.rf.39c7597c60b364beffd6d63678d52697,HSM
anuragraj03__frame00181_png.rf.4044be2983c97f768d9b9850e9c1b3e2,PPC
anuragraj03__frame00181_png.rf.42c480199c737735d44db5934c0115c5,HSM
anuragraj03__frame00181_png.rf.463208e362405bdcde18fe00c15fc103,PPC
anuragraj03__frame00181_png.rf.49e84a5ecb9b97dd64b0f34a659c4f8d,HSM
anuragraj03__frame00181_png.rf.4bbbb29c3981947e4e7efef0bb86e7f7,PPC
anuragraj03__frame00181_png.rf.4cbac7d3fceef1865ee5732a2756dac6,HSM
anuragraj03__frame00181_png.rf.526c34500b00293d4fbb5ab8da6c15b4,HSM
anuragraj03__frame00181_png.rf.52ac62f1dee14deb5c2a4afcdacf9574,PPC
anuragraj03__frame00181_png.rf.52ff95dc43346a63eb875fcd5e05ec92,PPC
anuragraj03__frame00181_png.rf.55d26ab0e61a22a4ebe499f2712ef9f0,PPC
anuragraj03__frame00181_png.rf.58cd98feb348714a1efb62367ebc1c5f,PPC
anuragraj03__frame00181_png.rf.59cc234dd640333f5e5a54096f8cabe0,PPC
anuragraj03__frame00181_png.rf.5b315a792644e6e69752c2c0afd6cb60,PPC
anuragraj03__frame00181_png.rf.6005d9925f4310df6fd757bd76491d9a,HSM
anuragraj03__frame00181_png.rf.61508891cf5b7a5a328990e7a41bab36,PPC
anuragraj03__frame00181_png.rf.617a11b08011a054aa96f6b62bc36293,PPC
anuragraj03__frame00181_png.rf.63cad99c29d04ac5e27ddffd70515dee,HSM
anuragraj03__frame00181_png.rf.6575ea68e0d9ecbc8d345a5a3cf4d27b,PPC
anuragraj03__frame00181_png.rf.67ead9cc3433ccc6ef7910cdd6677ff6,PPC
anuragraj03__frame00181_png.rf.6858a30095184045dceeed34f9f794a5,HSM
anuragraj03__frame00181_png.rf.696891fbfa1d6705f97eb3b0626e7442,HSM
anuragraj03__frame00181_png.rf.6f2d9a0d8dfef8f535250767db81970b,HSM
anuragraj03__frame00181_png.rf.70a2ab1ae935b8c7f2eb94b1aa4ec749,PPC
anuragraj03__frame00181_png.rf.70a9a04ed16ae2ec399f10ab18912511,PPC
anuragraj03__frame00181_png.rf.72401e0ac06e959826abb09971c843d7,PPC
anuragraj03__frame00181_png.rf.76e83c2edee6f8e0aff78f94f8e717a0,PPC
anuragraj03__frame00181_png.rf.776a794c249285873039ce7953ea9e57,PPC
anuragraj03__frame00181_png.rf.7b3b5dc9dbb0884e8b7e6f7c088c89a7,HSM
anuragraj03__frame00181_png.rf.7f039ced938e7f5af64d9617f916a2fd,HSM
anuragraj03__frame00181_png.rf.825f4f0ac2e51003525f1a50d2949c80,PPC
anuragraj03__frame00181_png.rf.8326adaf9c7cd72d9330ce946d67837b,PPC
anuragraj03__frame00181_png.rf.846afafcc5a84a3698c85919f09ae840,PPC
anuragraj03__frame00181_png.rf.857f9c0ace4a667a09b9b1540508672d,PPC
anuragraj03__frame00181_png.rf.89f05e1b01832f223ba51808db7c1c78,HSM
anuragraj03__frame00181_png.rf.8b9c3f626a6d5c178a5401765b643bcc,HSM
anuragraj03__frame00181_png.rf.8bb349c6ce6075311996921d7c74aac1,HSM
anuragraj03__frame00181_png.rf.8c4b43b6660383018afd7212c2977fbc,PPC
anuragraj03__frame00181_png.rf.8c6ac49b5be081038bcda51056ac6b22,HSM
anuragraj03__frame00181_png.rf.8c7a4b1d61d7373d04cb74d8be32dbb8,PPC
anuragraj03__frame00181_png.rf.8e6060e2b5cba55a271c1adbb49160d0,HSM
anuragraj03__frame00181_png.rf.9045d9ed78f2267f084ce005e580d74b,HSM
anuragraj03__frame00181_png.rf.919d096dc9101cee6b07546271818aff,PPC
anuragraj03__frame00181_png.rf.944c72e82a971e9c5052e8437a286803,PPC
anuragraj03__frame00181_png.rf.95c0e97a7a6c4f62b1fa5c31c5f5838e,PPC
anuragraj03__frame00181_png.rf.969fe7b957cf6d11603d76de97df3052,PPC
anuragraj03__frame00181_png.rf.979eff0ece637752764bd2ee965f35e7,HSM
anuragraj03__frame00181_png.rf.99ac26dd6c9e7ee5cbfb3a677f156c0f,HSM
anuragraj03__frame00181_png.rf.9d9041341cd8a0dbad12eedaaa09ccda,PPC
anuragraj03__frame00181_png.rf.a3013bd4b2511dbc241841f8d117147d,PPC
anuragraj03__frame00181_png.rf.a9a49cf83700f61a398a2c8140bab74a,HSM
anuragraj03__frame00181_png.rf.a9e208ff4f639e6b926da86fef9b1e97,PPC
anuragraj03__frame00181_png.rf.a9e6c52f42a1f0aa06c6c3a00086b63c,PPC
anuragraj03__frame00181_png.rf.b102e1c0ff844aeefd2cec8771f98735,HSM
anuragraj03__frame00181_png.rf.b2d1f321363befb6d9a1d0789ca8b956,HSM
anuragraj03__frame00181_png.rf.b314261b83ed12dab7ada5bc02de793f,HSM
anuragraj03__frame00181_png.rf.b3f056df936fd0960223f0e34012ee63,HSM
anuragraj03__frame00181_png.rf.b5853aa45be72b0e40ae0f56ca2e2bdc,HSM
anuragraj03__frame00181_png.rf.b61457d13f19a09197a13911493be6c5,HSM
anuragraj03__frame00181_png.rf.b8cfb3f4f695de0bc6a1a72edbc97003,HSM
anuragraj03__frame00181_png.rf.b960d8eb10746041ea5501fbee75353d,HSM
anuragraj03__frame00181_png.rf.b9adf51e74656878159767c670367520,PPC
anuragraj03__frame00181_png.rf.bb0905055a90d1081fc41739f2d02fd2,PPC
anuragraj03__frame00181_png.rf.bcac3d36ea72d53c6e41133c54db1e5b,HSM
anuragraj03__frame00181_png.rf.bda3747b5c82ed25277f94fe6e9e19ea,PPC
anuragraj03__frame00181_png.rf.be5b4773b8886affbbb796708f48c19c,HSM
anuragraj03__frame00181_png.rf.bfc713650eb80abe4aa6a7dcfb804646,PPC
anuragraj03__frame00181_png.rf.c13b243a9baa5cd279a153f750a3169b,PPC
anuragraj03__frame00181_png.rf.c13c0249599648f23cacdce2d8fd1686,HSM
anuragraj03__frame00181_png.rf.c15c7ad7bebe16e66f1e15716930d2cc,PPC
anuragraj03__frame00181_png.rf.c35175546196f13e3e7ab90040e17b6a,PPC
anuragraj03__frame00181_png.rf.c4af2bc83b9df606f048385d383fa94d,PPC
anuragraj03__frame00181_png.rf.c6f30186636378d3cb140234d1978955,HSM
anuragraj03__frame00181_png.rf.c9f89e3d2839f6d42d995ab7ae7bc85f,PPC
anuragraj03__frame00181_png.rf.ca90413e08edde16fc57f27f0202c8db,PPC
anuragraj03__frame00181_png.rf.cbaf3b2d2ea42efda78c34adb6cd5082,HSM
anuragraj03__frame00181_png.rf.cf9bb68074bcb6a3afc57a71c00e5982,PPC
anuragraj03__frame00181_png.rf.d0f8653a260ce8ea751b2e94216ac4f4,HSM
anuragraj03__frame00181_png.rf.d49efa466a042f135b417c3e3d4d3f61,HSM
anuragraj03__frame00181_png.rf.dbb041bd4759c2b0a4f18fe6b9b7e8dd,PPC
anuragraj03__frame00181_png.rf.ddbe8702a9a813a033e1c56e84ee13f6,HSM
anuragraj03__frame00181_png.rf.e0d177d6fa98e5332a6ba16b4708ec33,HSM
anuragraj03__frame00181_png.rf.e1335294658a291f70d79aff78cda23e,HSM
anuragraj03__frame00181_png.rf.ea8489261e78409c4ed43e62f0233ea1,HSM
anuragraj03__frame00181_png.rf.ed0b8e60ca6933c182ad103a2d1f657e,HSM
anuragraj03__frame00181_png.rf.ed494a6d1646a6ce045bdf3be5689cf9,PPC
anuragraj03__frame00181_png.rf.ee753b2cde6fdb6e57a6c16f1782772f,PPC
anuragraj03__frame00181_png.rf.efbdaa7e0bcdd36e4a854b03c2945dcb,HSM
anuragraj03__frame00181_png.rf.f049a66f6760ca8c19aaf2e83aa241ab,HSM
anuragraj03__frame00181_png.rf.f28f98b719972986beacd98f14a85593,HSM
anuragraj03__frame00181_png.rf.f2a037f5db9e8fb58e88bf59728aba26,PPC
anuragraj03__frame00181_png.rf.f47bda066ed4e15b4aaa6b2c8196f462,HSM
anuragraj03__frame00181_png.rf.f63c85d7f42e4d9cf8931b17a1fb9cd1,HSM
anuragraj03__frame00181_png.rf.fa16112fa9e8da962b3feed08bea5f32,PPC
anuragraj03__frame00181_png.rf.fda94e80e8cf9026c7d66deec62f5218,PPC
anuragraj03__frame00191_png.rf.011784cc00964d75a310677f36b0b71f,PPC
anuragraj03__frame00191_png.rf.01e05ba5e670f44c90493e918bc8ed7a,PPC
anuragraj03__frame00191_png.rf.0255eaed958df68d78dfbcff6937f246,PPC
anuragraj03__frame00191_png.rf.033d59d1a18c59d026db6da75464c872,PPC
anuragraj03__frame00191_png.rf.045786792cdfd69d98773bacc9080286,PPC
anuragraj03__frame00191_png.rf.06af0470c173c25ac9d89922faeb074c,PPC
anuragraj03__frame00191_png.rf.1a4cd4c56ce03148721feeaae2e85828,PPC
anuragraj03__frame00191_png.rf.1ddd56db88d98c013e87e4b1ae8aaf4b,PPC
anuragraj03__frame00191_png.rf.27029d967ef072e32ca8e25ea35fb8a8,PPC
anuragraj03__frame00191_png.rf.294868d287d992eb175a5123c75febbf,PPC
anuragraj03__frame00191_png.rf.2e8e72e5ad5d59d4c6eca0b4bd8ff289,HSM
anuragraj03__frame00191_png.rf.30e06384e8d8a009308c05d4c1ef0208,PPC
anuragraj03__frame00191_png.rf.35e9bc2da06d09a2dbbc8fe1a1db10bb,PPC
anuragraj03__frame00191_png.rf.3d98bbf06ef411333130a73e6b57fa4d,PPC
anuragraj03__frame00191_png.rf.411724e9f2e14382b6bced15ca28d125,HSM
anuragraj03__frame00191_png.rf.42cca92bbb0a64d1cf8011dc85d44b32,HSM
anuragraj03__frame00191_png.rf.47dd756010ca586739767fed9a4c46f6,HSM
anuragraj03__frame00191_png.rf.4c47bbcba7058f9df79b6743e9f79055,PPC
anuragraj03__frame00191_png.rf.4d5af9a8934887a83ac32dbce6b23606,HSM
anuragraj03__frame00191_png.rf.53f43deba4bbfa0e446e54cb30d4cd3b,PPC
anuragraj03__frame00191_png.rf.5601c912321690b0b4b4fc813afe4b41,PPC
anuragraj03__frame00191_png.rf.57a91eab3782da1dff6a1e7403a524a1,PPC
anuragraj03__frame00191_png.rf.5afda9b5dea9e444b4d2ccaef7621d2d,PPC
anuragraj03__frame00191_png.rf.623871934b22a38a4503c655a828658a,HSM
anuragraj03__frame00191_png.rf.6344812fd1cd3eb607a8587f62eb13b9,HSM
anuragraj03__frame00191_png.rf.66b2db48204dafa3874ad58fba027eb0,PPC
anuragraj03__frame00191_png.rf.6aed978d64e0108a7fa0a118b75adf2c,PPC
anuragraj03__frame00191_png.rf.70ecb26c9bbe48fbcec2c767423cb4c6,PPC
anuragraj03__frame00191_png.rf.79ca7f0f2ab11ef2ff8890b1866a0971,PPC
anuragraj03__frame00191_png.rf.7cb347fd1ec5b83453b28a6cd91415b7,PPC
anuragraj03__frame00191_png.rf.8049991be843a0fa4e84ab24c5cae253,PPC
anuragraj03__frame00191_png.rf.80aff489d546d523f506106fad62c7ab,PPC
anuragraj03__frame00191_png.rf.80b12774d8d3efb03ba346f7807e610f,PPC
anuragraj03__frame00191_png.rf.87e9b5a2a6ccfb3b20179f25167e04ca,PPC
anuragraj03__frame00191_png.rf.89607b1f4f1a4fbe48d74f4990fe59bd,PPC
anuragraj03__frame00191_png.rf.8c0ffd24f954fc86d9482d1bf0f451fd,HSM
anuragraj03__frame00191_png.rf.91fedc86d2fba8f05f8f5cb88245b37a,PPC
anuragraj03__frame00191_png.rf.93fa4132746cb39a98af96ec42638cc2,PPC
anuragraj03__frame00191_png.rf.940c3b0b26d3512557302d72a287120d,HSM
anuragraj03__frame00191_png.rf.957f8822e66303e20b260292c8927d7e,PPC
anuragraj03__frame00191_png.rf.99ba321ea4c792011a37359ff8d3d594,PPC
anuragraj03__frame00191_png.rf.9aa64bedca3e4464910a60bd7c402a09,PPC
anuragraj03__frame00191_png.rf.a15ff5aba75bbc40cc9404a22cdd807a,PPC
anuragraj03__frame00191_png.rf.a198c4808e440d7191cb99056982c058,HSM
anuragraj03__frame00191_png.rf.ac82c68ff7132164c945055356ba4681,PPC
anuragraj03__frame00191_png.rf.acfe60ebea59946b31cdf51a403c0f6c,PPC
anuragraj03__frame00191_png.rf.af362226aca8e7d1dc8a07fa97439cb0,PPC
anuragraj03__frame00191_png.rf.b1b9aadf268f133fcaa0edd6de061f39,HSM
anuragraj03__frame00191_png.rf.b239e74b48f78d9189ff4720418aa4e9,HSM
anuragraj03__frame00191_png.rf.b61d47a5fc949405f2a0e2d9fe1e9688,PPC
anuragraj03__frame00191_png.rf.b6942d923abfbcfee469e141da76a7fd,PPC
anuragraj03__frame00191_png.rf.b88cfacff7ae3d4342b393bf02e21861,PPC
anuragraj03__frame00191_png.rf.bb92ece7b0d340d904e582c7e412c864,PPC
anuragraj03__frame00191_png.rf.bc71f6bab6937ac469254ec89ebd4e05,PPC
anuragraj03__frame00191_png.rf.bca7fa24d32afb7ccacc30de464aaf10,PPC
anuragraj03__frame00191_png.rf.bdc15e016be1e597f0993afd7d3faa87,HSM
anuragraj03__frame00191_png.rf.bf0c2e9b89152352009fa849d7e43363,PPC
anuragraj03__frame00191_png.rf.c665958eaeb833f652beec94dcfde56e,PPC
anuragraj03__frame00191_png.rf.c6bc1283c50035cface14c82707e4ed2,PPC
anuragraj03__frame00191_png.rf.cd3f92834e1eccbfdb142935c8022e5e,PPC
anuragraj03__frame00191_png.rf.ce8ac9662aed5c391cd214e5c7e981c0,PPC
anuragraj03__frame00191_png.rf.cec5cd3689209ea962fbde803a57f111,PPC
anuragraj03__frame00191_png.rf.cf61bf16535fbd35dc04fa85fa6a85af,HSM
anuragraj03__frame00191_png.rf.cf76c31a3e79275e622aba3935a23ace,PPC
anuragraj03__frame00191_png.rf.d69fe176503e079603178e3487e331c7,PPC
anuragraj03__frame00191_png.rf.dce5c355a0f01ef4c20faaab051a48c5,PPC
anuragraj03__frame00191_png.rf.dd4f9926f5848ed97163803203732849,HSM
anuragraj03__frame00191_png.rf.e19c6be870da93e3ecd44d321bae985a,PPC
anuragraj03__frame00191_png.rf.e1af12102e7ceef794364cee02d845e7,PPC
anuragraj03__frame00191_png.rf.e22abc2c1d3f699eedb10352e629b68d,PPC
anuragraj03__frame00191_png.rf.e316d5295e61e50d543520f188cf762f,PPC
anuragraj03__frame00191_png.rf.e40b968d3c6fcf42eef02f6d7d1ba9e3,HSM
anuragraj03__frame00191_png.rf.ecca0ae2e27b536aa2346a2bb85749f8,HSM
anuragraj03__frame00191_png.rf.f1b2b3a1b5cac01f63f8a59ecbcf7306,HSM
anuragraj03__frame00191_png.rf.f1fbbf1bcfc1d866302f441ca2a9285c,PPC
anuragraj03__frame00191_png.rf.f30e34658d29d139fd5caad23b55037f,PPC
anuragraj03__frame00191_png.rf.fac27e2c7ec8d6c353ebb758dad954ca,PPC
anuragraj03__frame00191_png.rf.fc3fcb7bdb393b5f5271dbf171107fb5,HSM
anuragraj03__frame00191_png.rf.fddc42954fb053d8d98e4824fdd0e487,HSM
anuragraj03__frame00201_png.rf.0186a38133bab9b1706d0acc744b4f5a,HSM
anuragraj03__frame00201_png.rf.0200f02c2055e4a2fdbc243ebf7d200f,PPC
anuragraj03__frame00201_png.rf.04842d63cf579f011e7ac07aa34826ea,HSM
anuragraj03__frame00201_png.rf.07fb130a2bbe880f760c22d5df5c901a,PPC
anuragraj03__frame00201_png.rf.0c3a944ff65fe735830490d3870d8dc7,PPC
anuragraj03__frame00201_png.rf.115fb5ccdc9ab4da13dcb3d9a9b6879c,PPC
anuragraj03__frame00201_png.rf.12da92ca9f81fa912a914f4b2d3987bc,HSM
anuragraj03__frame00201_png.rf.12f4b141dcf277f1fa0b3f529ac06ad9,HSM
anuragraj03__frame00201_png.rf.1360f733a3fc5fec82f05443e4c74d4e,HSM
anuragraj03__frame00201_png.rf.1471e238d9c594451c0b17d86f876f40,HSM
anuragraj03__frame00201_png.rf.158e2e0c5ac39b4a575bb53b6acf2dc4,PPC
anuragraj03__frame00201_png.rf.1697bdd783116acca349e6bfdc42ccc0,HSM
anuragraj03__frame00201_png.rf.17e11fe0f5340f7e54c5a16c59e73760,PPC
anuragraj03__frame00201_png.rf.1c051dbb98a45aba5c425f158dbea2f4,PPC
anuragraj03__frame00201_png.rf.1ecf8f0821a8a06baeac72c0c0a7077b,PPC
anuragraj03__frame00201_png.rf.1ef18181c36519e06d0573fb9146ce73,PPC
anuragraj03__frame00201_png.rf.21b14580548b61497c55e6d0835b90a2,PPC
anuragraj03__frame00201_png.rf.2761f513adec5f93e9e422be653186a1,PPC
anuragraj03__frame00201_png.rf.297a88196970cdadbdf376bdbe2f9e19,PPC
anuragraj03__frame00201_png.rf.2ab94c13ce6285566da3698bffe577f5,PPC
anuragraj03__frame00201_png.rf.2af59de15da585e26052db00b9829af0,PPC
anuragraj03__frame00201_png.rf.2ff221423f6f65cc9b69810388b4feb5,PPC
anuragraj03__frame00201_png.rf.342cf3bf91dbba54fd84ced38716212e,PPC
anuragraj03__frame00201_png.rf.36b5627f6932ad4c9c03d46ed4571396,PPC
anuragraj03__frame00201_png.rf.3dc88d94943d66520ad57d5dd153e699,PPC
anuragraj03__frame00201_png.rf.3e1ee3545403572265c372234a8bdcf7,HSM
anuragraj03__frame00201_png.rf.406fff11133fd264075ddcc943d45115,PPC
anuragraj03__frame00201_png.rf.4784af1f508b10307b01144cd701ebf0,PPC
anuragraj03__frame00201_png.rf.4b972c0860e2fc4bf75f3a78f26d3a0d,PPC
anuragraj03__frame00201_png.rf.4d5e37c2cdd11dfdbf4fd4864c938703,HSM
anuragraj03__frame00201_png.rf.4fb0810bfbdabc2d0d17ae136d9f667f,PPC
anuragraj03__frame00201_png.rf.523f26c7e9cdcad8a8211f13163de2b3,PPC
anuragraj03__frame00201_png.rf.5e4c092ed9ac2359e536a3361ac2d453,PPC
anuragraj03__frame00201_png.rf.603c268f1ca1bbb6cea683f1b8bf7bbe,PPC
anuragraj03__frame00201_png.rf.67fb8c2ee8258f2a7295c2144caf7bab,HSM
anuragraj03__frame00201_png.rf.7053ad2e104d10feeb41362bcfc3a40c,PPC
anuragraj03__frame00201_png.rf.73cb87aa4142d90a3579e6c095c8a3d8,HSM
anuragraj03__frame00201_png.rf.7621ebfde31858918f240010246672c6,HSM
anuragraj03__frame00201_png.rf.7795dcb372347afa04a36d4d82d86915,PPC
anuragraj03__frame00201_png.rf.7955020cdbfc1da263064e3433b2b3fb,PPC
anuragraj03__frame00201_png.rf.797eee322076f4ab162ee60e4f9a2c04,PPC
anuragraj03__frame00201_png.rf.7bac4a50284cac3875d5768a88193245,PPC
anuragraj03__frame00201_png.rf.7fd95ff52106abc05637ccb490a1a91f,PPC
anuragraj03__frame00201_png.rf.878d25a321e280a0c3d837d799a084f7,HSM
anuragraj03__frame00201_png.rf.8b505ca24a8a63fc32e04c248de8a93b,PPC
anuragraj03__frame00201_png.rf.8c77c9de6bf012f0d884bdfa2684af79,PPC
anuragraj03__frame00201_png.rf.91b096cb52dd683fd806537064496ee5,HSM
anuragraj03__frame00201_png.rf.93178f5df8b65602dc36a137aa6ecad2,PPC
anuragraj03__frame00201_png.rf.a30888d30676674fb10a4273d494e933,PPC
anuragraj03__frame00201_png.rf.a31d2116f1681724321109ed95ab2cf3,PPC
anuragraj03__frame00201_png.rf.a4fb55ea9c2528d7213c8aeb55d72eb1,PPC
anuragraj03__frame00201_png.rf.a9acb50ec592c4adb753342b39efce1c,PPC
anuragraj03__frame00201_png.rf.aac99eb08f965b47bf3a4e6925999a27,PPC
anuragraj03__frame00201_png.rf.b63beb02743fe87e801083a91a1d1b8b,PPC
anuragraj03__frame00201_png.rf.ba661c560b9fc69ddd76dda2be08f4e8,PPC
anuragraj03__frame00201_png.rf.bf155168a96868b044775106cf04a4ce,HSM
anuragraj03__frame00201_png.rf.bf25f3af61e26561e700b152ef873ef0,PPC
anuragraj03__frame00201_png.rf.c672ac30c4f36e77454dff47017d4347,PPC
anuragraj03__frame00201_png.rf.cad5a05041817594eb08bae28245d9eb,PPC
anuragraj03__frame00201_png.rf.d5899556f0e909fa72bf2dffe1917b80,PPC
anuragraj03__frame00201_png.rf.d98fee5d0634841bb2ac38cc14853e87,HSM
anuragraj03__frame00201_png.rf.d9e9875d29aa12f071bc6a17d057fe70,HSM
anuragraj03__frame00201_png.rf.dab5f74dd9b2f9470154caa0d286bdd6,HSM
anuragraj03__frame00201_png.rf.db2419adba488cd104f33945484e6ee1,HSM
anuragraj03__frame00201_png.rf.dda8a8abd53a4bc02e9dd52416e282db,PPC
anuragraj03__frame00201_png.rf.ddfb918b5c49bf4f087990381000d7a5,PPC
anuragraj03__frame00201_png.rf.e07dd30ea083aac68c4a0bcbfacc52d7,PPC
anuragraj03__frame00201_png.rf.e636fe0e815a2934d3887effde58aac2,PPC
anuragraj03__frame00201_png.rf.e733b89ee1614874e688874e2e3d6e9a,PPC
anuragraj03__frame00201_png.rf.ea0ce7b41136e83832250a35145486fa,PPC
anuragraj03__frame00201_png.rf.eacd885763d411386d709819d698317a,PPC
anuragraj03__frame00201_png.rf.eae1f306c3e5884baee04993d988162d,PPC
anuragraj03__frame00201_png.rf.ec5efed04e0d37fe6e84d499fd19b4d3,PPC
anuragraj03__frame00201_png.rf.f42bf2ea3b9242bf21a495a1a2aa72e1,PPC
anuragraj03__frame00201_png.rf.f51841f7069505499a0371c32e7d0dbe,PPC
anuragraj03__frame00201_png.rf.f7f9c2bbf07c35ee70e7266b8b41a99e,HSM
anuragraj03__frame00201_png.rf.f978952b27a82f15d25913d500a15343,PPC
anuragraj03__frame00201_png.rf.fb381d4c0b6f20a3ab618cdb8e95d747,PPC
anuragraj03__frame00201_png.rf.fd0f4eb4688c1c7c09735b3e94ec96b6,PPC
anuragraj03__frame00201_png.rf.ff44b67ae8f755b7c421cdb7ba406cf8,HSM
anuragraj03__frame00211_png.rf.00102de12d12ff5e7877aac6c0c73d6a,PPC
anuragraj03__frame00211_png.rf.01b7fb75e2ce516adda69a9f9caeb0b3,HSM
anuragraj03__frame00211_png.rf.09e2495ee4b6cfb54205b4b51a403cfe,HSM
anuragraj03__frame00211_png.rf.0e02a18b0343bba4cccdc1f7a87e9488,HSM
anuragraj03__frame00211_png.rf.0ea96f7896f39de70eae554f9a9f28b7,HSM
anuragraj03__frame00211_png.rf.0ed69028062b56385d670c41b4812f6e,PPC
anuragraj03__frame00211_png.rf.1041746f518ba6ed750d528fa490dee0,HSM
anuragraj03__frame00211_png.rf.1370300ddf6b7429031f4fbf383eb828,PPC
anuragraj03__frame00211_png.rf.144ca3dab7d8bd55f17b5df0a7a8f9d3,PPC
anuragraj03__frame00211_png.rf.16644c141841e37dc445cf8ffe6e9df5,PPC
anuragraj03__frame00211_png.rf.1699c95d918d16865712c83763c11f42,PPC
anuragraj03__frame00211_png.rf.17c4f6d2115792507b08eba21d473d47,PPC
anuragraj03__frame00211_png.rf.189d9052872d87fd279da4e4986e7870,HSM
anuragraj03__frame00211_png.rf.1bae39c2cd5a8a570a4bd370eeecb67e,PPC
anuragraj03__frame00211_png.rf.1d74a8fa7350bf01731d69ae10f6da57,HSM
anuragraj03__frame00211_png.rf.1fbe342bc2a4e11bcef2e0240158a39a,PPC
anuragraj03__frame00211_png.rf.284b0bf34e56d8f7875e69c198bee1f6,PPC
anuragraj03__frame00211_png.rf.2c97a0c72685fcde4f0efc50cf7f930b,PPC
anuragraj03__frame00211_png.rf.2f9dd4a5519858cd0331f8681fa1c018,HSM
anuragraj03__frame00211_png.rf.301885e5984c06db3c59142d6291300e,PPC
anuragraj03__frame00211_png.rf.303ed9168884436a8cbcb640c2133a1a,PPC
anuragraj03__frame00211_png.rf.3284f65cbbbf6aa17e852cbdeecd85bc,PPC
anuragraj03__frame00211_png.rf.36f36b577b8c116ccb94dbb8a6cadbbc,PPC
anuragraj03__frame00211_png.rf.38440c548f41a89089f5db362f5c10fc,HSM
anuragraj03__frame00211_png.rf.3a3d07456ec21c6db57d219d2f8aad23,HSM
anuragraj03__frame00211_png.rf.3a8f703234ff787002d63ee3beb27cdb,HSM
anuragraj03__frame00211_png.rf.3b915397c6def94f6688e555822c8bd5,HSM
anuragraj03__frame00211_png.rf.464053a14db088cc6ebf0be65bf8dbdc,PPC
anuragraj03__frame00211_png.rf.4643e4cae135c3840607e553d74b1b5e,PPC
anuragraj03__frame00211_png.rf.4ea39a0a621617d01e90b09cc2322171,HSM
anuragraj03__frame00211_png.rf.4ed7c6adde911eb92b507da621c01457,HSM
anuragraj03__frame00211_png.rf.4fb93aedd577a3303b1a93da15f76a06,HSM
anuragraj03__frame00211_png.rf.50c75d1df1cb0b20309970276d39b740,PPC
anuragraj03__frame00211_png.rf.51e429c0a3380903e5f5e26153f1090a,PPC
anuragraj03__frame00211_png.rf.5451d6334b969fbfc9fa58f629e3e04b,PPC
anuragraj03__frame00211_png.rf.55c8b5cff6e9fbe4cc2b184147dc74c8,PPC
anuragraj03__frame00211_png.rf.56b37616e772b024ec7e7c9ba6191bde,PPC
anuragraj03__frame00211_png.rf.5be32fbd0b6e2347a7ce13e0ff81b2a3,PPC
anuragraj03__frame00211_png.rf.5e3ef056a5cd824bff5f8c95f44850c9,PPC
anuragraj03__frame00211_png.rf.69d70ed781bede19676f7e189dc348b2,HSM
anuragraj03__frame00211_png.rf.6c7de0e8739908a4863f689ea4c06198,PPC
anuragraj03__frame00211_png.rf.6cb3d491798392f373ed0ebc0da68cb0,HSM
anuragraj03__frame00211_png.rf.6d62173778e39307c1bee37c7999a2e4,PPC
anuragraj03__frame00211_png.rf.6e70c3b37a3d67ac574ca0d8dddb2475,HSM
anuragraj03__frame00211_png.rf.7139e1cc6319bf4bcebd06dae8acaf15,PPC
anuragraj03__frame00211_png.rf.72c3f4301af97f3ceac34304d6cb054e,PPC
anuragraj03__frame00211_png.rf.73e71e12349ac004d6c02693177b5e2f,PPC
anuragraj03__frame00211_png.rf.76ff66125b5a6dd83162c494dc361e53,PPC
anuragraj03__frame00211_png.rf.7976c7e95b6347dc45d45067f9b900e5,HSM
anuragraj03__frame00211_png.rf.7ea30be0b39a56818f154842a9d9b746,HSM
anuragraj03__frame00211_png.rf.7ebce5a801eebd79d3e67266e4f27518,PPC
anuragraj03__frame00211_png.rf.86b9485a1a4c76c26785a0592888b233,PPC
anuragraj03__frame00211_png.rf.8a0ea19c8bd7331198ca4d6b5fddb586,PPC
anuragraj03__frame00211_png.rf.8c173b6aacfdee97fe8fc8ffbc6fc0a4,PPC
anuragraj03__frame00211_png.rf.8f146f3baa3234cd9a577449717089a7,PPC
anuragraj03__frame00211_png.rf.92c5a04234bba5c6d9afe332e5f39d06,PPC
anuragraj03__frame00211_png.rf.94d163f7bfbf29961d8f957920f70e27,PPC
anuragraj03__frame00211_png.rf.980bd470db7f4a69a86b5acbd0a3d788,PPC
anuragraj03__frame00211_png.rf.98528c24e83e8309aa2e0e91028b6a62,PPC
anuragraj03__frame00211_png.rf.a08858356758a866e09bd973ed5fb442,PPC
anuragraj03__frame00211_png.rf.a248604766003aba694e29f2dffae08e,PPC
anuragraj03__frame00211_png.rf.ac68dd5af98995be77a61a557a5fed3d,PPC
anuragraj03__frame00211_png.rf.afceb2dce05923e4b4f558e96dd8bdb2,HSM
anuragraj03__frame00211_png.rf.b1734944c9a572160be68ade81d62a2e,HSM
anuragraj03__frame00211_png.rf.b51d906f65864899f201c6a29c0202cf,PPC
anuragraj03__frame00211_png.rf.b807beecf4bac7a4aec26d0d276cf3a2,PPC
anuragraj03__frame00211_png.rf.b82ffaf29868f806d951a2680c32b128,PPC
anuragraj03__frame00211_png.rf.bc0a9002c44ca7734b066806775ca5dd,PPC
anuragraj03__frame00211_png.rf.bd7fa33b9d273a9c338de46e7454ca4a,HSM
anuragraj03__frame00211_png.rf.c8fefac289bb8b6cff599a8d9c3f0514,PPC
anuragraj03__frame00211_png.rf.cc22a9729dac7046ead7d2fd6b18abf0,PPC
anuragraj03__frame00211_png.rf.ce040b1026ed05f52dcb0e3ac11a5b24,PPC
anuragraj03__frame00211_png.rf.ce761de9cb2c7f6f554ed678fc5fc005,PPC
anuragraj03__frame00211_png.rf.cf08ba0ba7d8c92b0e74904e669b8180,PPC
anuragraj03__frame00211_png.rf.d0baa6e33d81d914e26ba986c5f52c74,PPC
anuragraj03__frame00211_png.rf.d180ad7f9ec8df2afc7b1e888c2e256b,PPC
anuragraj03__frame00211_png.rf.d7514cca7277dcdee5d7d801a89957bc,PPC
anuragraj03__frame00211_png.rf.d819e326d532a9bc4dd0433fd302c805,PPC
anuragraj03__frame00211_png.rf.df286e0fe0abb64a2c2162bd10375239,PPC
anuragraj03__frame00211_png.rf.e0f222c1d9fe472e0292138c094bbe91,HSM
anuragraj03__frame00211_png.rf.e39c1337341456b5d5eff79a4fa3eaef,PPC
anuragraj03__frame00211_png.rf.eb650652654d0799dfdbf681576f3099,PPC
anuragraj03__frame00211_png.rf.ee3f39907ef5ec253cb495eb22c42866,PPC
anuragraj03__frame00211_png.rf.f412783730e8301e88620a74ae396c88,PPC
anuragraj03__frame00211_png.rf.f41821ec5837c7ecbf2a1036f186d2bc,unknown
anuragraj03__frame00211_png.rf.fcf107cb4e360ab75ea03fbf657fb24f,PPC
anuragraj03__frame00221_png.rf.00204fd4362c445d2cae8042902bfa32,PPC
anuragraj03__frame00221_png.rf.0081c58143a120b2b5369580bb2922d4,PPC
anuragraj03__frame00221_png.rf.060c218507644560c2e78ac622c3db10,PPC
anuragraj03__frame00221_png.rf.09351e339115440316da1e79e673a1a2,HSM
anuragraj03__frame00221_png.rf.0acbdb1d177cdfb668941450e3c8de32,PPC
anuragraj03__frame00221_png.rf.0bd382c0aaea6b614b29b9b5f37885c7,PPC
anuragraj03__frame00221_png.rf.0d73f4796e6c13a126ee705718326962,HSM
anuragraj03__frame00221_png.rf.0de1b32dbf70c106ae0926f6a2323007,PPC
anuragraj03__frame00221_png.rf.1193643f7fb77e6de1ec35fa51d68ea8,HSM
anuragraj03__frame00221_png.rf.132f9884ae193234c7ed918bd590cb1e,HSM
anuragraj03__frame00221_png.rf.14f8c448dd692021fe86bcac9a4f3ffa,PPC
anuragraj03__frame00221_png.rf.211a6a0b67ea9255a09c4b3e480c5152,HSM
anuragraj03__frame00221_png.rf.24ee08b053c7e07ff3073a690e5871f1,PPC
anuragraj03__frame00221_png.rf.3168209d30ed1750b0b888971bb6d720,HSM
anuragraj03__frame00221_png.rf.333ddd03525024d9296cb2e8ffb262e2,PPC
anuragraj03__frame00221_png.rf.38f4f13a9b0e701b24c221eafb4f06c7,PPC
anuragraj03__frame00221_png.rf.3cdd53efad78e01823d914b551d12d8f,PPC
anuragraj03__frame00221_png.rf.3e7cf9c7d685e0b7be43c4ef40175205,HSM
anuragraj03__frame00221_png.rf.4102d1466aa68219bb988ae7e5c9d582,PPC
anuragraj03__frame00221_png.rf.46905ae89dbed0a750e249f14b38d47d,PPC
anuragraj03__frame00221_png.rf.48ccf6f882e99ee0c2cebe0494e56d0a,HSM
anuragraj03__frame00221_png.rf.4972e3479b205094513950c5ca058cf8,PPC
anuragraj03__frame00221_png.rf.4b268929d3ba6e7911dac3209b4338cb,PPC
anuragraj03__frame00221_png.rf.4fd6d8ddc8afb990aae8736b776d6ce1,PPC
anuragraj03__frame00221_png.rf.520d6a0e6108e7d2e466d0def114004e,PPC
anuragraj03__frame00221_png.rf.5278118f12ec6ab25069fa00298c7fd6,HSM
anuragraj03__frame00221_png.rf.55aee4934ff426bb829b8fd3e49f804f,PPC
anuragraj03__frame00221_png.rf.56365dbc3e60684a8c16ee9e85100830,PPC
anuragraj03__frame00221_png.rf.5fe5a6131141204ac8c37fd6b6100a8b,PPC
anuragraj03__frame00221_png.rf.6007287589956f90d7aa708b6db7adb4,HSM
anuragraj03__frame00221_png.rf.6127eabb3bf9e637305282fc82456501,PPC
anuragraj03__frame00221_png.rf.6514092c41910c28e197336259a011ad,PPC
anuragraj03__frame00221_png.rf.68da2eb37cfa9e9dcb5bd57822f026fa,PPC
anuragraj03__frame00221_png.rf.6c248aa24a34d82d40c2af99ae7240f6,PPC
anuragraj03__frame00221_png.rf.6c35c3c5cf93a1ac6eb0ef0bf3168449,HSM
anuragraj03__frame00221_png.rf.6f8152bc7710ea0fa63311ff85af2cc6,HSM
anuragraj03__frame00221_png.rf.773a96ba6fbec3c8379ba8d404be376f,PPC
anuragraj03__frame00221_png.rf.7c50163419634bcab1743167c06ee625,PPC
anuragraj03__frame00221_png.rf.830ee8ae37b0b09f169a88b8076224a2,PPC
anuragraj03__frame00221_png.rf.8998528b74a671d20148c2c677e97492,PPC
anuragraj03__frame00221_png.rf.8c339ebd776c23df89aeab8bdedbe3d2,PPC
anuragraj03__frame00221_png.rf.8f67f3bed1ce45633abf6f7d94c35faa,PPC
anuragraj03__frame00221_png.rf.90a5989b8a862deca2c0eda197730eb7,HSM
anuragraj03__frame00221_png.rf.96456f5ffe431d3280eae81b09e82929,PPC
anuragraj03__frame00221_png.rf.964a7f9e9440e27a7e7122e5b9d8414f,PPC
anuragraj03__frame00221_png.rf.99fd69c1e42e770987cc1baec793b25d,PPC
anuragraj03__frame00221_png.rf.9e1bcd388770abed7816f991041e4972,PPC
anuragraj03__frame00221_png.rf.a6fc61ce307fb44542d9325331ee37e3,HSM
anuragraj03__frame00221_png.rf.b09034b8ccb863f86dd157915a56146d,HSM
anuragraj03__frame00221_png.rf.b16dc03eed11ff81c56695f0a7cb9fe9,PPC
anuragraj03__frame00221_png.rf.b86254460e1c68c5a2b325c5927cd010,HSM
anuragraj03__frame00221_png.rf.ba7f7cacd28d704da462cca82d3c1a49,HSM
anuragraj03__frame00221_png.rf.c2268713c39e1eba883ae9acf215bb96,PPC
anuragraj03__frame00221_png.rf.ce60ff900d6fe2ca40c3c1f1c5d6b9e0,PPC
anuragraj03__frame00221_png.rf.d045c3d41d017f8dcea918f58e749393,PPC
anuragraj03__frame00221_png.rf.d5a472debb15624713bb93bb06e5d7c6,PPC
anuragraj03__frame00221_png.rf.d7f5daf6e4ff1f96a527614fad42a06e,PPC
anuragraj03__frame00221_png.rf.db0f095f905522d5915668fbd2055133,PPC
anuragraj03__frame00221_png.rf.db6155295fa70c8e7171886b5f631b2a,PPC
anuragraj03__frame00221_png.rf.e03e88bc41c4976b560202e175850cc7,HSM
anuragraj03__frame00221_png.rf.e09f5cb492e39b98facbd93b82f3653c,PPC
anuragraj03__frame00221_png.rf.e508dcaa0662e862626397010e36a845,PPC
anuragraj03__frame00221_png.rf.e52b92fa39db7498bf5cb0153ebf9a3a,PPC
anuragraj03__frame00221_png.rf.e5de8b18f1dd19e4758baf48ddb4ac2d,PPC
anuragraj03__frame00221_png.rf.e7b26ffd146e0bae28e642cdc35a6e03,PPC
anuragraj03__frame00221_png.rf.e8778de5b7c6e54a8b315b2ed56f1238,HSM
anuragraj03__frame00221_png.rf.ea8b2ea82c946121bd09b85ebb0b179f,HSM
anuragraj03__frame00221_png.rf.eb4ffa69ec7643d0abd348857fe935ed,HSM
anuragraj03__frame00221_png.rf.f2db51f864032a9d7010a0b7fba763ca,PPC
anuragraj03__frame00221_png.rf.f4c06f7d8ad828f9f3a5cd826d7a0d93,PPC
anuragraj03__frame00221_png.rf.f6eb30ac2650b06cb1de7cf624a333a8,PPC
anuragraj03__frame00221_png.rf.f7ddf7140ecc57fc908a49f3c80a8fda,PPC
anuragraj03__frame00221_png.rf.fae8e2ca08555536c872792fabd202a4,PPC
anuragraj03__frame00221_png.rf.fb8ab6177940a8db602b1aaeaf449e33,PPC
anuragraj03__frame00221_png.rf.fbdcd6c0d0799e1c91815c64d1541f2a,PPC
anuragraj03__frame00221_png.rf.fc08b37c406b91380e06a60f69e63641,PPC
anuragraj03__frame00221_png.rf.fdc5402b291ad21d65852df76128a20a,PPC
anuragraj03__frame00221_png.rf.fe768fa0a002f75059568d527612a87a,PPC
anuragraj03__frame00231_png.rf.07259c38cdb57846ff2d3ec7140a7886,HSM
anuragraj03__frame00231_png.rf.127bcc090c02598404ebfd89738a0b21,PPC
anuragraj03__frame00231_png.rf.1b6ecc489177b660406def2096185b8e,PPC
anuragraj03__frame00231_png.rf.1bda4612343f2691603e2fb3d73877b0,PPC
anuragraj03__frame00231_png.rf.1c97a91a7ec09f22231e24ac02112876,PPC
anuragraj03__frame00231_png.rf.1f29abdb70ab06a9057b83ae37424bca,HSM
anuragraj03__frame00231_png.rf.24dbdc40ca48b36523e1c8ffebbde7e2,PPC
anuragraj03__frame00231_png.rf.2dd8cbb857139f40dc0b5cc8136550d1,PPC
anuragraj03__frame00231_png.rf.33050e6cec5ece4de5aed6d4f0f50d8d,PPC
anuragraj03__frame00231_png.rf.348fc59b3265c2a2fedbda1dab7edbc6,HSM
anuragraj03__frame00231_png.rf.39ca2fd780572cf3477987dc224b46d6,PPC
anuragraj03__frame00231_png.rf.39cdd47a3e6acee412ce6d0b4eb92d40,PPC
anuragraj03__frame00231_png.rf.3c09241cfeec5daf3b39d3d9c227d365,PPC
anuragraj03__frame00231_png.rf.3ff798e724c1af53a7c58f1649f2aa59,PPC
anuragraj03__frame00231_png.rf.4139e1bd1fa22494c8cb1546734f114d,PPC
anuragraj03__frame00231_png.rf.4502b6fdaa82f7acabb86648d0d068fa,PPC
anuragraj03__frame00231_png.rf.49608951ada8f7ef67dcc9bbb5bf7640,PPC
anuragraj03__frame00231_png.rf.524057ad1bfb697e5ab6c8f08f05f18e,HSM
anuragraj03__frame00231_png.rf.58426405cb0b16a5b52d04171ad2182f,PPC
anuragraj03__frame00231_png.rf.596a962fce85de63a6ad7244f12b0e72,HSM
anuragraj03__frame00231_png.rf.5bf556d7d562bcccaee7b5faeb19e4ac,PPC
anuragraj03__frame00231_png.rf.649e5e1643a8457997944d426e49d123,PPC
anuragraj03__frame00231_png.rf.6a0dd16fe4144dc555b86418a81c7bcb,PPC
anuragraj03__frame00231_png.rf.6c31ccd4dab922721a1f50f9429b294b,PPC
anuragraj03__frame00231_png.rf.6db8292d3d165ad5d26e4b2bea3df513,PPC
anuragraj03__frame00231_png.rf.6e881bc7c00e6a2932c9391a75516d1e,PPC
anuragraj03__frame00231_png.rf.75de08f72085a84a01f9503ed15158d5,HSM
anuragraj03__frame00231_png.rf.79ee9ebeb6d021c958caddab930853be,PPC
anuragraj03__frame00231_png.rf.7c71dbe2138a5613a251fe4d3daecce3,PPC
anuragraj03__frame00231_png.rf.81858a45efbda6b6d129d48777c530db,PPC
anuragraj03__frame00231_png.rf.81c3c20755b89a6cb5fcf59b9e3747cf,HSM
anuragraj03__frame00231_png.rf.8221715b014416ba8b89d66de9e088f0,PPC
anuragraj03__frame00231_png.rf.822e4e84bf9cbca5af511d574d4b3fc5,HSM
anuragraj03__frame00231_png.rf.8a2d69ed46a9fee091feb3f068621464,PPC
anuragraj03__frame00231_png.rf.8caa0a3c7595ae022728eaa8b7ecd7a3,PPC
anuragraj03__frame00231_png.rf.8d007623277d915a5ebbf5bc409d51b0,PPC
anuragraj03__frame00231_png.rf.8e085a764af68b4dddb177674cc8d73e,PPC
anuragraj03__frame00231_png.rf.91658a192e2e79e6e078d86d08d766a7,PPC
anuragraj03__frame00231_png.rf.933e64c36b2415c377700d360090e431,PPC
anuragraj03__frame00231_png.rf.9544da294bea08dbd8e1567416dc576e,PPC
anuragraj03__frame00231_png.rf.98bae5899b2d84dd036cc4e5ac6307b9,HSM
anuragraj03__frame00231_png.rf.9aedd177fbdc52af70eb0961d8cf7124,PPC
anuragraj03__frame00231_png.rf.9b95a66370232ac53ffff367952abb04,PPC
anuragraj03__frame00231_png.rf.9d6b49f496ab98db54682dda26ae5d16,PPC
anuragraj03__frame00231_png.rf.a86917722d5e97d85238104390ff6dec,HSM
anuragraj03__frame00231_png.rf.a946a76d0e37e6d22b89e8f456b0aee2,HSM
anuragraj03__frame00231_png.rf.af4ab31365e9ca48437529503c542d09,PPC
anuragraj03__frame00231_png.rf.b2cb0a07c5c35a7fb19c25bcc6d94dc6,PPC
anuragraj03__frame00231_png.rf.b4b60f7a9b8a98baae54e9e1b38c7964,PPC
anuragraj03__frame00231_png.rf.b5b882c79139eaaa2d84c3f9910014be,PPC
anuragraj03__frame00231_png.rf.b65a632b2e79a234fc60c3a7119f75a2,PPC
anuragraj03__frame00231_png.rf.b69427daa917373a824c9054f42adaa8,PPC
anuragraj03__frame00231_png.rf.b81f126631e5c87abc266a2645263b1e,PPC
anuragraj03__frame00231_png.rf.bdcf5b81b3c1b1e1e6c6342af925dae6,HSM
anuragraj03__frame00231_png.rf.bf5e67615a0af5f04a1e092860f27cc6,HSM
anuragraj03__frame00231_png.rf.c06db0f0b3c1235f50a306c627f716bd,PPC
anuragraj03__frame00231_png.rf.c27751c92a6eb669036293039a560f1a,PPC
anuragraj03__frame00231_png.rf.c76759cccfc1df42294a17599faf4269,PPC
anuragraj03__frame00231_png.rf.cc668694f5f60b517e94d829060a1d1f,HSM
anuragraj03__frame00231_png.rf.d41d7cc16e55910e7734b5a2a875ae48,HSM
anuragraj03__frame00231_png.rf.d7ce4d322420441097fac65213972f00,HSM
anuragraj03__frame00231_png.rf.d82c82e98450a31ce3d0b393b8f9a25f,PPC
anuragraj03__frame00231_png.rf.d9fe75164ed814f9b9459f8c75f6e70d,PPC
anuragraj03__frame00231_png.rf.dc7e9ada7581b59478f627fa8b4b6178,PPC
anuragraj03__frame00231_png.rf.e27516aaf3fdb3783387cf7687e19ee5,PPC
anuragraj03__frame00231_png.rf.e461b12a4a72954917fa11f1324c5dbe,PPC
anuragraj03__frame00231_png.rf.e5f4acee18e9c40e4c8d2d186f21ffed,HSM
anuragraj03__frame00231_png.rf.ea442191f92c11d2533daa2aade0ee33,PPC
anuragraj03__frame00231_png.rf.ec44a9505d6976472998a88e85128bad,PPC
anuragraj03__frame00231_png.rf.ec454034fcf25608f8741206387a7967,PPC
anuragraj03__frame00231_png.rf.ee7d5d3a2567ccb2b2d515c7bcc76ace,HSM
anuragraj03__frame00231_png.rf.f89272fa4517cd7fd4f5dae87f7d8db2,PPC
anuragraj03__frame00231_png.rf.fae9c28b670ad1afa20d2370b36477cb,HSM
anuragraj03__frame00231_png.rf.fe2215193221aff32e227d54dfd51c0f,PPC
anuragraj03__frame00241_png.rf.00dafc9c6b46d3cf029a5850e7004ed5,PPC
anuragraj03__frame00241_png.rf.03897dae67f2a5b6509bad19fcffb215,PPC
anuragraj03__frame00241_png.rf.042ece5ee61be65a4e6fce0432ad8ffa,PPC
anuragraj03__frame00241_png.rf.06dace3d17c7e03b00083fc51c13aeed,HSM
anuragraj03__frame00241_png.rf.0810b11dd05d4d5fd16998d84aa531e1,PPC
anuragraj03__frame00241_png.rf.0a6e752d29066d7a3e94e4d0ece1a630,PPC
anuragraj03__frame00241_png.rf.0a737953ccff6f2a7e0c7561b4fde546,PPC
anuragraj03__frame00241_png.rf.0c47d9b84370b3369bd7c384b9845843,PPC
anuragraj03__frame00241_png.rf.14344b1e6d1deb51aef26312b7dd806f,PPC
anuragraj03__frame00241_png.rf.14fba2044011ad4565e8ad43b9b6f16f,PPC
anuragraj03__frame00241_png.rf.15fd1608a27e456472839df83db0fc9a,PPC
anuragraj03__frame00241_png.rf.1c060344725cb6369cf668fd06dc548f,HSM
anuragraj03__frame00241_png.rf.1e0f574deb365cb0cdbe2aae84b10cd4,PPC
anuragraj03__frame00241_png.rf.1f678107d82de8ff9d4d88d5283be159,PPC
anuragraj03__frame00241_png.rf.296da9a679f4728c810dfc810875d9f1,HSM
anuragraj03__frame00241_png.rf.2e91ac9abd7ed160f17168f116d0f253,PPC
anuragraj03__frame00241_png.rf.305b46cc9ad5f808392aa6e5471aaffa,HSM
anuragraj03__frame00241_png.rf.339ca8aada3aec4a8734c8567282fa82,HSM
anuragraj03__frame00241_png.rf.3b68e6355495733866c39470384f6376,PPC
anuragraj03__frame00241_png.rf.3c68935d230682264763549736c205f4,HSM
anuragraj03__frame00241_png.rf.3e43551f3b5ebc3414f63d10f2cb6323,HSM
anuragraj03__frame00241_png.rf.3e99ce06aa18ed37177766b006f53f16,PPC
anuragraj03__frame00241_png.rf.3ef82f7b26ea54dbaed17522223a7436,PPC
anuragraj03__frame00241_png.rf.44ae2a483daa5c9005e0b82cd48d5df2,PPC
anuragraj03__frame00241_png.rf.516eb112ccfd148f66ea01e501fc3c31,PPC
anuragraj03__frame00241_png.rf.5192722b5103e53fc3699920a0065f34,PPC
anuragraj03__frame00241_png.rf.56858cb03bceaf584c551a656c3742ad,PPC
anuragraj03__frame00241_png.rf.5868935405f853c2d6dc59d59d51ccd1,PPC
anuragraj03__frame00241_png.rf.5970c550976c7d9180c02f1b15e77591,PPC
anuragraj03__frame00241_png.rf.60351e0664cf61dde331c69aac3606d1,PPC
anuragraj03__frame00241_png.rf.65d8043a0c9784cbb0a14945cfae2327,HSM
anuragraj03__frame00241_png.rf.65e0e36c0278849296d6eb314afbe399,PPC
anuragraj03__frame00241_png.rf.696b0051ff0c4db97b55796c7266737d,PPC
anuragraj03__frame00241_png.rf.6a1fe3f4aa53bb26a05651dfe0c65fa4,PPC
anuragraj03__frame00241_png.rf.6adbac46bc9219eef2d363e4de1a6965,HSM
anuragraj03__frame00241_png.rf.72652792c4f584cfbda5f00a86ab92a8,PPC
anuragraj03__frame00241_png.rf.78d5fec26991e318497d972d474f4e8d,PPC
anuragraj03__frame00241_png.rf.7e9c4f940d924ef14f2b4d0d811773be,HSM
anuragraj03__frame00241_png.rf.8a570fbfe94aa13c5c366ebbd71fe7cd,PPC
anuragraj03__frame00241_png.rf.8b59eb62425032e11e24e1058ad6cbe1,PPC
anuragraj03__frame00241_png.rf.8e7fe4ea6b77ccdbe82a8b589fbcf645,PPC
anuragraj03__frame00241_png.rf.8f204ea9861fe9140935531036ae1964,PPC
anuragraj03__frame00241_png.rf.9a41ef9d85cf5d324cbf26393f41ba4a,PPC
anuragraj03__frame00241_png.rf.9b57179d1c2f31646dc56d15daeb80fb,HSM
anuragraj03__frame00241_png.rf.9d5e65bf92752f8b8adfab4a0815dc41,HSM
anuragraj03__frame00241_png.rf.9e588b88d5feb0bf013b2b24530df1d3,HSM
anuragraj03__frame00241_png.rf.9e832d5d82be96b81e4b2413f86027ba,HSM
anuragraj03__frame00241_png.rf.9ff3b20925f4c5f1de632edbf2626d47,HSM
anuragraj03__frame00241_png.rf.a032005a0c2c43f1495c6c8465b2005b,PPC
anuragraj03__frame00241_png.rf.a0b9533b006ffd4b2e6f637040f1ca60,PPC
anuragraj03__frame00241_png.rf.a10890111de50e35c8a4378164621cc9,HSM
anuragraj03__frame00241_png.rf.a36fd1cce97ba9d724a830d9492a1198,HSM
anuragraj03__frame00241_png.rf.a462da559077a8c6138b847db668f061,PPC
anuragraj03__frame00241_png.rf.aacdd1f4835978b5a28bc352788d8a0f,PPC
anuragraj03__frame00241_png.rf.ae408683af55f0c03d9e5f0ad47107ec,HSM
anuragraj03__frame00241_png.rf.b19d2fd76f8cb51d970157d958f6659b,PPC
anuragraj03__frame00241_png.rf.b4fcc87890485bed228916c271d85017,PPC
anuragraj03__frame00241_png.rf.b56577031484294bd3fec0ff09958b7c,PPC
anuragraj03__frame00241_png.rf.b6699a727bbb38cde7a4a18526410de7,PPC
anuragraj03__frame00241_png.rf.b7f2f140e897a1b2ce01f2bcebb6fa2a,PPC
anuragraj03__frame00241_png.rf.bbdeb2f71a5725480bfc8cd4c222e4ea,PPC
anuragraj03__frame00241_png.rf.bd67dcdb15297944d3d0942253320472,HSM
anuragraj03__frame00241_png.rf.c4d41fc8780dd95c8715d76301b0e5c4,PPC
anuragraj03__frame00241_png.rf.c5248365ce83434a11260458cf852b25,PPC
anuragraj03__frame00241_png.rf.c8736331bab5d4be47dc5572c2356db8,HSM
anuragraj03__frame00241_png.rf.cf4d6621377704aaccdc0e82f55dc638,PPC
anuragraj03__frame00241_png.rf.d5a1bb2e66f928959f1ed2f874116699,HSM
anuragraj03__frame00241_png.rf.d85b127341f0658fb588c99bfaad3114,HSM
anuragraj03__frame00241_png.rf.d9bc7ae95aab07ea10e1acf4547fc910,PPC
anuragraj03__frame00241_png.rf.da00b3cdda41b31addb7ddcab33cfb67,PPC
anuragraj03__frame00241_png.rf.de8652676fc13326962946f4b3dad263,PPC
anuragraj03__frame00241_png.rf.df7b1baf2d64eac3d3e357be9c201052,PPC
anuragraj03__frame00241_png.rf.e01fcfd2818ac9103e8f70a52b00f3b1,PPC
anuragraj03__frame00241_png.rf.e59988a47aa150d62bb9434693f34d2a,unknown
anuragraj03__frame00241_png.rf.e8a82f2180f291e07b53b53e30ada4ad,PPC
anuragraj03__frame00241_png.rf.f0edd73100f6f3a4ff96df9f1163b767,PPC
anuragraj03__frame00241_png.rf.f76e947de5b3cef7906d3c7432c97aa0,PPC
anuragraj03__frame00241_png.rf.f95aba8a25f1e4589f6a96004beb566d,PPC
anuragraj03__frame00241_png.rf.fe664cf21be2498d179449a10b0fbd17,PPC
anuragraj03__frame00241_png.rf.ff3fb35387ce28d6d74a66575f980ff8,PPC
anuragraj03__frame00251_png.rf.02142bdaa0bb1a3ce544d4d84cc5e10a,PPC
anuragraj03__frame00251_png.rf.07704709a7cf3be1044a7eccda40e99b,PPC
anuragraj03__frame00251_png.rf.078261bb1102fe1620fe6df541bfe7dc,PPC
anuragraj03__frame00251_png.rf.09a9e1749c3526ec3a9ab87d003ddb82,PPC
anuragraj03__frame00251_png.rf.0a772c8f457442fab3e4e57fe0696840,HSM
anuragraj03__frame00251_png.rf.0fe97ff2ee55150eca6cdf1d34383fbd,HSM
anuragraj03__frame00251_png.rf.12f1138b60d23f18e05985c6ce9214ad,PPC
anuragraj03__frame00251_png.rf.17f45b82b659f4d92568a922a2adc08a,PPC
anuragraj03__frame00251_png.rf.1c0de61ae92f58fc3510eb1ebd431144,PPC
anuragraj03__frame00251_png.rf.2d6653ebab998c8d5ff941386870e11e,PPC
anuragraj03__frame00251_png.rf.3248033b156856391638ed0741595d30,HSM
anuragraj03__frame00251_png.rf.3a2d0108078ed531f5bb94b360a34c39,PPC
anuragraj03__frame00251_png.rf.3b1a3339e1525e05cc8e8360ea852f44,PPC
anuragraj03__frame00251_png.rf.3cdc8e81714e9cb70467b69389bad7a8,PPC
anuragraj03__frame00251_png.rf.40df972e85959b1bc5d0984f9ced78b5,PPC
anuragraj03__frame00251_png.rf.43e64ba1d1a240c74f056b4ded145b89,PPC
anuragraj03__frame00251_png.rf.45253bcbb9306202e4b00175f6612dd4,PPC
anuragraj03__frame00251_png.rf.47ac91b3cb3982236d9445cb244eef36,PPC
anuragraj03__frame00251_png.rf.4e5064b3c8a7dadfa46e026a87ab37f8,PPC
anuragraj03__frame00251_png.rf.5463b155c4c3a1e189134ab268c2ddce,PPC
anuragraj03__frame00251_png.rf.59ebfdd7ed88b987f4fcb791e7557845,PPC
anuragraj03__frame00251_png.rf.5bb8a29ec3c75ba9a63a3ffabc4e31e7,PPC
anuragraj03__frame00251_png.rf.5e01886585cff9e1578668b3e58b7336,PPC
anuragraj03__frame00251_png.rf.6098d9db613e1e519ace712b401a74ef,PPC
anuragraj03__frame00251_png.rf.60af264062e186970e3daa0322fff9c9,PPC
anuragraj03__frame00251_png.rf.61c43a29696d7faaedd9ee6fc0ee3978,PPC
anuragraj03__frame00251_png.rf.66757bba710de58f67255bb33e638f2d,PPC
anuragraj03__frame00251_png.rf.6821a7801083cf9859b3225fb683e40d,HSM
anuragraj03__frame00251_png.rf.6e71a3c287afe74fd7881429e572d0b7,HSM
anuragraj03__frame00251_png.rf.700f1a0fd522fb9d86d0aa650d218192,PPC
anuragraj03__frame00251_png.rf.73b72944b4f2a856ba6dcbc0d86be9ce,PPC
anuragraj03__frame00251_png.rf.74af6ada70af995edc22335e60733dab,HSM
anuragraj03__frame00251_png.rf.8145fb7079093bccbd49dfb474ba7574,PPC
anuragraj03__frame00251_png.rf.83e8ea81c091f29a436b94a6d4f1d31f,PPC
anuragraj03__frame00251_png.rf.857a67334b6a5047d7b098bc344d1b02,PPC
anuragraj03__frame00251_png.rf.898c6498be8bbe335037b186770890f5,PPC
anuragraj03__frame00251_png.rf.8baf10028ecc0b65a0f66771c866cdb2,HSM
anuragraj03__frame00251_png.rf.96876152afd8de744a49b51f89cc2bab,PPC
anuragraj03__frame00251_png.rf.9af4ec867ea977d0d31201fc80b685fa,PPC
anuragraj03__frame00251_png.rf.9b065575f4dd867e58bae59013e6afc3,PPC
anuragraj03__frame00251_png.rf.9b29aa74bfcf0ed040bdd058f1503355,PPC
anuragraj03__frame00251_png.rf.9c82605e5ee640ce79cdd741c201a792,PPC
anuragraj03__frame00251_png.rf.9de5444898950b93f76ade32901e185e,HSM
anuragraj03__frame00251_png.rf.a060a4c82cafc574a6a344444d68fd5b,PPC
anuragraj03__frame00251_png.rf.a197038571da0d7f471198ca9e5149c6,PPC
anuragraj03__frame00251_png.rf.a2930a6a36853263a5396e9f9864aba3,HSM
anuragraj03__frame00251_png.rf.a41f3c32718a2d6c1df86e049244feb2,PPC
anuragraj03__frame00251_png.rf.a47eefde58c80995301f9c77a78ffce7,PPC
anuragraj03__frame00251_png.rf.ac89d61592e9da864114c1dfdbea426a,HSM
anuragraj03__frame00251_png.rf.af396c66734084b405987ff2a2ca9cda,PPC
anuragraj03__frame00251_png.rf.af40b91467107bcc2eb902980f0aa3a0,HSM
anuragraj03__frame00251_png.rf.b37fb3577bc18b5cfc704c0408026c52,PPC
anuragraj03__frame00251_png.rf.b8fc8a2d58a7f66e43a32924b18967f9,PPC
anuragraj03__frame00251_png.rf.bb51bd6f70369aa4742058ddc6500a74,PPC
anuragraj03__frame00251_png.rf.c07637b33bde3ad8e2ae0b88a97f470a,HSM
anuragraj03__frame00251_png.rf.c34f4f24169de2f9f4d72736cbf0862d,PPC
anuragraj03__frame00251_png.rf.c7baf25b891c45aff70e3fa12a7873c1,HSM
anuragraj03__frame00251_png.rf.cae41e64a856171377d5071661159e96,PPC
anuragraj03__frame00251_png.rf.cd731e6d32d79dd60cc610a679d4f935,PPC
anuragraj03__frame00251_png.rf.d1d30dcb5cc640ccf141047839ae2683,PPC
anuragraj03__frame00251_png.rf.d34b012d0b107348ed6a57c980ac3cd6,PPC
anuragraj03__frame00251_png.rf.d6c508f26f3ac04e38bec7ff67698093,HSM
anuragraj03__frame00251_png.rf.d92e76f6dcfdb8bb31b1856b51d9d9a2,PPC
anuragraj03__frame00251_png.rf.db8ab64ec266f72d4405d08ee8775fbf,HSM
anuragraj03__frame00251_png.rf.de72baa3f9e4598ab2f7dad89c74472c,PPC
anuragraj03__frame00251_png.rf.de98217066abfd258e298b8fbb33e49a,PPC
anuragraj03__frame00251_png.rf.df6f7fe41f2d94ce47e7f6a160109701,HSM
anuragraj03__frame00251_png.rf.e1897fa6ea3cf589731e6a7fd6f653b2,PPC
anuragraj03__frame00251_png.rf.e79ccca025b4f093e25d7419e7a0a454,PPC
anuragraj03__frame00251_png.rf.eaefc54a4b411cdb9f417edca3b39f6a,HSM
anuragraj03__frame00251_png.rf.ed58183b878011ba7f2d8b41d893042f,HSM
anuragraj03__frame00251_png.rf.efbd8e6cfdb3b084050c5706342c052f,HSM
anuragraj03__frame00251_png.rf.f4066637dbfe8298e287f2e39cb27436,PPC
anuragraj03__frame00251_png.rf.fc6c5162cdd63a8ee690f8ae22dc8a8f,PPC
anuragraj03__frame00261_png.rf.00e1b971c8f62485871211d96603fb2e,PPC
anuragraj03__frame00261_png.rf.03412308103a1a30df5962deff6ce68f,PPC
anuragraj03__frame00261_png.rf.05677c369f4c12a64d9f6255b76c2907,PPC
anuragraj03__frame00261_png.rf.08320c2868c3d6e3358d577a09cdf9dd,PPC
anuragraj03__frame00261_png.rf.0958f5310f562d75cbd89a4e1fb97d6b,PPC
anuragraj03__frame00261_png.rf.09fe26a600e72249c162231fc2ee7f5b,PPC
anuragraj03__frame00261_png.rf.0ff561d61143f7549df71984299ec79e,PPC
anuragraj03__frame00261_png.rf.11619532a30416f9603699b39926434f,HSM
anuragraj03__frame00261_png.rf.11afcf4e1e469af1fdc33fc37a0eeb49,PPC
anuragraj03__frame00261_png.rf.17d0b8ceb38daede76b67481aa3f7c58,PPC
anuragraj03__frame00261_png.rf.1c631640725b9ec980be85856dc62526,HSM
anuragraj03__frame00261_png.rf.1f81ca40690ea7de678cbf18af2579cd,HSM
anuragraj03__frame00261_png.rf.22a0898ac355c0d8fcc64b4439dff1f1,PPC
anuragraj03__frame00261_png.rf.2c009542925c8b197e4c104d4dd0271e,HSM
anuragraj03__frame00261_png.rf.2f72ac224c65d3b423ef1add70a528c7,HSM
anuragraj03__frame00261_png.rf.35051beb1d3843b374030e1f0503657c,PPC
anuragraj03__frame00261_png.rf.353b75b7c9d6345786d0f78811084e61,PPC
anuragraj03__frame00261_png.rf.356b9fd03015afa4acfddb1863cddde7,PPC
anuragraj03__frame00261_png.rf.3c7d30a66d2fcd82f955ca3154788271,PPC
anuragraj03__frame00261_png.rf.3d4815c84ae8daf69b5183199cc6b6dc,HSM
anuragraj03__frame00261_png.rf.3f3f937730892b0c15e3c9e5bd2c5c2c,PPC
anuragraj03__frame00261_png.rf.3fa50414851cbe6582ce8278f2202ddc,PPC
anuragraj03__frame00261_png.rf.409b739db7c1315f0341b6fc670b41df,PPC
anuragraj03__frame00261_png.rf.40a584f59ac0cecbea0a3f1d520c0c8b,PPC
anuragraj03__frame00261_png.rf.43a6c5081a1b0e9d733b414909d76d3d,PPC
anuragraj03__frame00261_png.rf.45e488bc750925cc5add891eee6fafad,PPC
anuragraj03__frame00261_png.rf.45f3a9707aab589ebd6a5befa0858135,PPC
anuragraj03__frame00261_png.rf.487118438c35b3074f65b20b5ebc637d,HSM
anuragraj03__frame00261_png.rf.529bd16f2c955fe8bc27e74ff89b098d,PPC
anuragraj03__frame00261_png.rf.578921ce6f91ccfce429fce867bd0ade,PPC
anuragraj03__frame00261_png.rf.59eec512f9f61edbbb29373c2e4e0f9d,PPC
anuragraj03__frame00261_png.rf.66240f54b01e919d97f8d14d8ac29639,HSM
anuragraj03__frame00261_png.rf.7442d4da719864e521ae3eab5692a5db,HSM
anuragraj03__frame00261_png.rf.7b13e7ae05cb01202021940184c68cc2,HSM
anuragraj03__frame00261_png.rf.7ce30891732e6d5c68700aab696667c6,PPC
anuragraj03__frame00261_png.rf.7d7b8b67f3f838af11355eb01a4ba999,PPC
anuragraj03__frame00261_png.rf.803690f6d8c44c2a284350d5d51fc5af,PPC
anuragraj03__frame00261_png.rf.8314ce434f3d2fe1d641ca13c74b68e2,PPC
anuragraj03__frame00261_png.rf.859fd4d3e359a295e08ecfe6ab835b30,PPC
anuragraj03__frame00261_png.rf.86268d226dbc65cd3604481360c513e7,HSM
anuragraj03__frame00261_png.rf.873e5a5a2c334198c9ef777e15cbe45f,HSM
anuragraj03__frame00261_png.rf.8f796fc8c9f2e15cc65fe5550061a911,HSM
anuragraj03__frame00261_png.rf.8febb5afa413e5d9cd2fe403e34d4a2d,PPC
anuragraj03__frame00261_png.rf.903e0537ecef0dc99b336b7cff8ea5e0,PPC
anuragraj03__frame00261_png.rf.92c362676d8aab146853616c39b55803,PPC
anuragraj03__frame00261_png.rf.95d3beb1ad1a987d7a020100fc25d111,HSM
anuragraj03__frame00261_png.rf.9921d901e01ce0c890bc8234b670cd23,PPC
anuragraj03__frame00261_png.rf.9af642177ab791accb7697fe0ce2a707,HSM
anuragraj03__frame00261_png.rf.9bb8cf6dafa105a58ef0a47f6d7009c2,PPC
anuragraj03__frame00261_png.rf.9fb012a55fd5d91f30e308af721361ab,PPC
anuragraj03__frame00261_png.rf.a66cd8026f8e352a295a32df1e43e3e0,PPC
anuragraj03__frame00261_png.rf.a796f1d5358e1ad3082e25f2d86e82d8,PPC
anuragraj03__frame00261_png.rf.b3bf8807cf1713104affbdcc3492fca5,PPC
anuragraj03__frame00261_png.rf.b4c3940a2eb194d3af82412598917cc8,PPC
anuragraj03__frame00261_png.rf.b5009c8f04463bd70e80a93f2f68132e,HSM
anuragraj03__frame00261_png.rf.b8967fa2ae17ac6ae26b8ea695c297b6,PPC
anuragraj03__frame00261_png.rf.b9751dbd94b4e6027fd2412442b7197d,PPC
anuragraj03__frame00261_png.rf.beed7ae59af970267fe6838ffddb7786,PPC
anuragraj03__frame00261_png.rf.cb33421b3f4db937665d487f1a575179,PPC
anuragraj03__frame00261_png.rf.cd0d6b38ff84cfc0757b797a87011b63,PPC
anuragraj03__frame00261_png.rf.cdc8b0ce5ab4fdd12ba29f22c4aa8826,PPC
anuragraj03__frame00261_png.rf.cddd32ad0034ddb3d0137e675e9c4645,PPC
anuragraj03__frame00261_png.rf.d05ebd64cd5bca7d4b9f0069937aa1d5,PPC
anuragraj03__frame00261_png.rf.d0f0b9b0d7fc6db883550473181b8205,PPC
anuragraj03__frame00261_png.rf.d4f96ba558af280cafd9f1ebca4a3369,PPC
anuragraj03__frame00261_png.rf.e978260a2d98836e4d627bf6d675562b,PPC
anuragraj03__frame00261_png.rf.ed07e1493b679e8d84c432b88d5a6cfe,PPC
anuragraj03__frame00261_png.rf.edd6a3780a9ba3b9be335a10402e7371,HSM
anuragraj03__frame00261_png.rf.ee8013c1094550e8dc5b1d54704ff6b3,HSM
anuragraj03__frame00261_png.rf.f5ffe77c02d88d737b31cf858c437e98,PPC
anuragraj03__frame00261_png.rf.f71a4bdaa4ee9f1b6f8b619bef493cd3,PPC
anuragraj03__frame00261_png.rf.f89f153d24f1cb36b2de4be1200ad6e1,HSM
anuragraj03__frame00261_png.rf.ff21eb10e99520b2a3d9953e26b1cdfa,PPC
anuragraj03__frame00271_png.rf.045224956b1aaf8a8e03c366dd7cb0a5,PPC
anuragraj03__frame00271_png.rf.057e09efd21c9a8b2b19d64325964883,PPC
anuragraj03__frame00271_png.rf.0867c45da4ccc88ab19419c42a2d6af0,PPC
anuragraj03__frame00271_png.rf.112ee239243f19021c05a60261a95f0b,HSM
anuragraj03__frame00271_png.rf.1433f82794f1f04cae89c782106054e7,HSM
anuragraj03__frame00271_png.rf.1a6ba2851c879edfcf159d14fda0c023,HSM
anuragraj03__frame00271_png.rf.1caeaebe256255d0140b9c743394e193,PPC
anuragraj03__frame00271_png.rf.1d97ddcb43d6e18e9365a8e0510a39e1,PPC
anuragraj03__frame00271_png.rf.1e3e362274d16cbd9e15bae2aa837200,HSM
anuragraj03__frame00271_png.rf.21556c9e2ad81834f4ddeaef2178e8b3,PPC
anuragraj03__frame00271_png.rf.260fe788733d72cd1f1d30f6579407f1,HSM
anuragraj03__frame00271_png.rf.280c8a0c54d856ac3bb77f9cd23e4e5b,PPC
anuragraj03__frame00271_png.rf.2a63355b19d8fb51cf2d21e0092c8e81,PPC
anuragraj03__frame00271_png.rf.2f8cec78162c8a849461c3b64a4ca2c8,PPC
anuragraj03__frame00271_png.rf.35a0b929df0b15bd10f60d0ae2d189c5,PPC
anuragraj03__frame00271_png.rf.3765d576b39c6948fcc3da23e6ef701a,HSM
anuragraj03__frame00271_png.rf.3cec7e3387a6684b720f97eb912792d1,PPC
anuragraj03__frame00271_png.rf.413df376ba97044ebbde216a7a7daa03,PPC
anuragraj03__frame00271_png.rf.41b71a22e620967954e2758b730d95fc,PPC
anuragraj03__frame00271_png.rf.4497166848c28f507f6029d4fec3efcc,PPC
anuragraj03__frame00271_png.rf.47e95de27cd39d300d432ece090d5199,PPC
anuragraj03__frame00271_png.rf.49749a66d7ef9f5e74e99617dc190ffc,PPC
anuragraj03__frame00271_png.rf.4c15d753abc227703423b299b680fa88,HSM
anuragraj03__frame00271_png.rf.4d8fab5dd8b1a55fa68ed9b37a00f638,PPC
anuragraj03__frame00271_png.rf.4f183b6a576998d8411bd1ece63536c0,PPC
anuragraj03__frame00271_png.rf.4f2df239f759793afc5fc947db5810ec,PPC
anuragraj03__frame00271_png.rf.50533b39a2f021e91589a39458a8fa1f,PPC
anuragraj03__frame00271_png.rf.539455d4a4d819b49f4a6ed6a531d6a8,PPC
anuragraj03__frame00271_png.rf.5ebf7a5c8046bf653612b4fba91530b5,PPC
anuragraj03__frame00271_png.rf.605dccf1a4528cca485e3ddd82e0a062,HSM
anuragraj03__frame00271_png.rf.69a7b609f0dc137dcf322abdda8c65d0,PPC
anuragraj03__frame00271_png.rf.6e918d4fe4babe354cefb6fce4b22cc7,PPC
anuragraj03__frame00271_png.rf.77906a525a277a6848a04bf9c2b766e9,unknown
anuragraj03__frame00271_png.rf.788e11cd3f94e1f425cf42b65704c6e2,HSM
anuragraj03__frame00271_png.rf.7a642a9c9c2bec1987e532225d20e1a8,HSM
anuragraj03__frame00271_png.rf.7df0459102fafd224d534363f4afbf1e,PPC
anuragraj03__frame00271_png.rf.80eea87a79acea10f6a1348a48d11f23,PPC
anuragraj03__frame00271_png.rf.885e380b9442db41726ac5763fde651c,PPC
anuragraj03__frame00271_png.rf.8955ca56dad2b3484c7e1c37ee106936,PPC
anuragraj03__frame00271_png.rf.8a35a92bb2218874f089420095923830,PPC
anuragraj03__frame00271_png.rf.91c343c73aeed1cb6cf6ec41b7ee3924,PPC
anuragraj03__frame00271_png.rf.946a1eb151e5470496549750dde535f7,PPC
anuragraj03__frame00271_png.rf.96ca43f40e33e74292ce5d03ac3c0de6,PPC
anuragraj03__frame00271_png.rf.9846bbbd5777cfa593a2a1a18caa1255,PPC
anuragraj03__frame00271_png.rf.99575ef03b3806302ef8b71e87513080,PPC
anuragraj03__frame00271_png.rf.9f0ec464af516ddb76742d37cbf15124,PPC
anuragraj03__frame00271_png.rf.a06c0d57b5b4ef17ec0b498c88131900,PPC
anuragraj03__frame00271_png.rf.a0ef41468b734c32a93fead82f846313,PPC
anuragraj03__frame00271_png.rf.a156b8ba488e7ae5bc80bfe32a35ce31,HSM
anuragraj03__frame00271_png.rf.a27f3e52171c690ec1a5aab8c1200997,PPC
anuragraj03__frame00271_png.rf.a9326c435c3c0d014d85debadf63e762,HSM
anuragraj03__frame00271_png.rf.b57080397c20b9b4e5bb66dde0071fe3,PPC
anuragraj03__frame00271_png.rf.b76b4017ce858002166fafdbb2957a15,PPC
anuragraj03__frame00271_png.rf.b9a5f900315c942ccc7f319febeb809b,HSM
anuragraj03__frame00271_png.rf.ba1765e309307139bd3415ff33cf1c26,PPC
anuragraj03__frame00271_png.rf.bb70612d7e2de95b6849c7ec4aa01c2d,PPC
anuragraj03__frame00271_png.rf.bcb41fefd14061c6b5162e1e89ee60e9,PPC
anuragraj03__frame00271_png.rf.c4723515c97f4191fef097760831f12f,PPC
anuragraj03__frame00271_png.rf.ca41d11b9a3e498c1275f66798f67e17,PPC
anuragraj03__frame00271_png.rf.d076d5e1139e30499e151a0746816166,PPC
anuragraj03__frame00271_png.rf.d153dea7979e9cdb167988e27c6c5b14,PPC
anuragraj03__frame00271_png.rf.d597952ef6352ed2901313dd6419e139,PPC
anuragraj03__frame00271_png.rf.daaead395504e1f88d4e6284a3a5afc7,HSM
anuragraj03__frame00271_png.rf.e0ccd36974de69a97edb5918f83cb1ac,HSM
anuragraj03__frame00271_png.rf.e10f36fb8bf30cd2c84a7bec01eb8034,HSM
anuragraj03__frame00271_png.rf.e39b13bef22e2e63b1d8d1f13bbadd99,PPC
anuragraj03__frame00271_png.rf.e74cbf982419f0e7cb3d3263aa58f769,HSM
anuragraj03__frame00271_png.rf.e78de365c4371b78ee2279720ce1f4e5,HSM
anuragraj03__frame00271_png.rf.e7956420f6e9e5031ff5fbe7c857f6b0,PPC
anuragraj03__frame00271_png.rf.e8c6816438aa366defb56ae96aa0cd56,PPC
anuragraj03__frame00271_png.rf.ed1cbc60ad4dc99d28730f8a949d5e25,HSM
anuragraj03__frame00271_png.rf.ef1bf3c5644ade823d7062bfb38f4e8f,HSM
anuragraj03__frame00271_png.rf.ef42d0c47f48953f9d41953e1633c74b,HSM
anuragraj03__frame00271_png.rf.f16caa81cf49ba1e65eabf60aad201d4,PPC
anuragraj03__frame00271_png.rf.f6ddd61980190ad4327610ba5541e4c0,HSM
anuragraj03__frame00271_png.rf.f8cc34a792b5dad0eb3787716db31817,PPC
anuragraj03__frame00271_png.rf.fa354668c8a18b41c0d13ccb80287d9e,PPC
anuragraj03__frame00271_png.rf.fef311563b9b967c39cb32aff98fdea1,PPC
anuragraj03__frame00271_png.rf.ffedd25800219166c1215ecd60b53eab,PPC
anuragraj03__frame00281_png.rf.001ccc7e39b9d72422a4de330f5b077f,PPC
anuragraj03__frame00281_png.rf.0612e01bb0ccfc30ef44dfd13996b13a,PPC
anuragraj03__frame00281_png.rf.066fef6094a1a763e55c9f23bdc9c074,PPC
anuragraj03__frame00281_png.rf.087e19d8402bbbeb715c8c516c5589a8,PPC
anuragraj03__frame00281_png.rf.0a4578df3219ecf6983ffca0797b4e84,HSM
anuragraj03__frame00281_png.rf.123cf4d5ba38f5953cd1735ca4213773,PPC
anuragraj03__frame00281_png.rf.19247e843d6180e715e035f8076dfb90,PPC
anuragraj03__frame00281_png.rf.19645ef5a813058261de597bdbfb6d0d,PPC
anuragraj03__frame00281_png.rf.26899c9fbe39251d40cfeadfcee9e064,PPC
anuragraj03__frame00281_png.rf.2867c44d1581e9e355e9db4aba21df81,PPC
anuragraj03__frame00281_png.rf.357e3ce6634569c8bd1c83bf7be7e54c,PPC
anuragraj03__frame00281_png.rf.35d8bd2c431f359658baffb8dc9a5b26,PPC
anuragraj03__frame00281_png.rf.3605d98afc8c8f707ec53d3a05b0f8fc,PPC
anuragraj03__frame00281_png.rf.3a8de36d7745ff91ab9643849ab34c3a,HSM
anuragraj03__frame00281_png.rf.3c64e3bce0f1a7e3cb8a5e0ce7ce24d2,PPC
anuragraj03__frame00281_png.rf.3e344c3fb9f01069a32dd50db504f35c,PPC
anuragraj03__frame00281_png.rf.3e84df702bf124799949540ff3170608,PPC
anuragraj03__frame00281_png.rf.3e9736c449b33242001c673e50686bae,PPC
anuragraj03__frame00281_png.rf.442326f62ed4bf66cafb3120af91b2c8,PPC
anuragraj03__frame00281_png.rf.4ce9f731c2b571fe9b7a6930d2ae1461,PPC
anuragraj03__frame00281_png.rf.4f6e837d9ca7641a27e617802cf7c05c,HSM
anuragraj03__frame00281_png.rf.56203549d47d0c66acc0380cb07efbf7,PPC
anuragraj03__frame00281_png.rf.5934dfbeca4ff82b84d29c20c1cb05c7,PPC
anuragraj03__frame00281_png.rf.5ad3ea5aa3d13b16c25137ed015da273,HSM
anuragraj03__frame00281_png.rf.5d2b03a9fd2d7b4a67bb339d4160c390,PPC
anuragraj03__frame00281_png.rf.5dce68995fcd9c537643a5e9165dcad9,PPC
anuragraj03__frame00281_png.rf.601b3ae363a79974d8e02ae58bd773e4,PPC
anuragraj03__frame00281_png.rf.620213425c60e1f24b563ed0955145db,PPC
anuragraj03__frame00281_png.rf.63f2e59474049a27c88bb3c8b805bae6,PPC
anuragraj03__frame00281_png.rf.67640c860bb9f9761193c336eb1e1462,PPC
anuragraj03__frame00281_png.rf.6c404264bc3a332972e85a506c7a9082,PPC
anuragraj03__frame00281_png.rf.714a1c4997b2f3d2055cf0e1498fd868,HSM
anuragraj03__frame00281_png.rf.77bba2d3ecc47ebfe073e1657ca3762a,PPC
anuragraj03__frame00281_png.rf.796c4bc344813f302081d7833d3504c5,PPC
anuragraj03__frame00281_png.rf.7aaaea2f2a7af5a014812013bec7acf9,HSM
anuragraj03__frame00281_png.rf.7e3bcf080feadce2777095b3156665ea,HSM
anuragraj03__frame00281_png.rf.7e695438a88bd535382cae623851e720,PPC
anuragraj03__frame00281_png.rf.83120bd3c2f6c7079a73c3d601e9d99b,PPC
anuragraj03__frame00281_png.rf.86240fba30c242501ebf89fab0ed04d1,PPC
anuragraj03__frame00281_png.rf.88b6c37b171b43bd6ce3b02169671187,PPC
anuragraj03__frame00281_png.rf.8bf263d86ca53c40cc3beac1bcdac69e,PPC
anuragraj03__frame00281_png.rf.8d8920be3ba3d1e7180ff4bd2c00f274,HSM
anuragraj03__frame00281_png.rf.8e0f64250c6aff615054a91f526faf24,PPC
anuragraj03__frame00281_png.rf.9102d3793655a9586d450b511135363e,HSM
anuragraj03__frame00281_png.rf.92baaa3ba21d703bb7d6f6cc25ee6235,HSM
anuragraj03__frame00281_png.rf.9ea6da015eabe289c38acdd8fe95d19e,HSM
anuragraj03__frame00281_png.rf.a2a46e5341c4f1951a47ef3ca0020528,HSM
anuragraj03__frame00281_png.rf.a51ad02269966afe132d6c7d36ecddbc,HSM
anuragraj03__frame00281_png.rf.ae3556728fb7a1e61bc97c936e6478c8,PPC
anuragraj03__frame00281_png.rf.ae3fa07872712ec522bd264c0087e59c,PPC
anuragraj03__frame00281_png.rf.af1d514e976b716406b40dfbb3229eb1,HSM
anuragraj03__frame00281_png.rf.b0f6bc84cf713610fb8532bfcacf54d6,PPC
anuragraj03__frame00281_png.rf.b8e635a53e2c5725cc2c2203cb94204f,HSM
anuragraj03__frame00281_png.rf.bff99274e4542a130498aff480c03891,PPC
anuragraj03__frame00281_png.rf.c2ee7dab84444585f5b18c5555c8cf65,HSM
anuragraj03__frame00281_png.rf.cb5ac9b20c917266f9330bef2e15e748,PPC
anuragraj03__frame00281_png.rf.d1e50ffbba5df610faaa6240eb983394,PPC
anuragraj03__frame00281_png.rf.d2327116c92d8e05ad7574ff6ba251aa,PPC
anuragraj03__frame00281_png.rf.d53abe4e608672cb19e31a6fd542f5b1,PPC
anuragraj03__frame00281_png.rf.dae419348c73000a9853f4e36d255dcd,PPC
anuragraj03__frame00281_png.rf.db67ddcdd28392b2330814fa0328c2a8,PPC
anuragraj03__frame00281_png.rf.e48dd51c7233a11f9096742c69f86d6d,HSM
anuragraj03__frame00281_png.rf.e6f23f147805ebad40332d81d7f9443d,HSM
anuragraj03__frame00281_png.rf.ecd5d34a3f8c68551d880466a20d371d,PPC
anuragraj03__frame00281_png.rf.ed3e2d709b9514ed5c403f04bfe94b81,PPC
anuragraj03__frame00281_png.rf.ee4c3e3d227f6a715905729142c2c104,PPC
anuragraj03__frame00281_png.rf.efc90c49873d2583a3143e894a18b183,PPC
anuragraj03__frame00281_png.rf.f0718fedd81cf39f7988408f9b8cb38f,HSM
anuragraj03__frame00281_png.rf.f68e8fcf1d0bf065c0b5727054828954,PPC
anuragraj03__frame00281_png.rf.f755940fa1a177df860e83d4f9fd610f,PPC
anuragraj03__frame00281_png.rf.f88f7e15b8bb1abda72fe9058f40052b,PPC
anuragraj03__frame00281_png.rf.fb0ccc68159b336e06a7d40b86000d7e,PPC
anuragraj03__frame00281_png.rf.fc378c8166eb4fca45b7694569458b20,PPC
anuragraj03__frame00291_png.rf.00eca8c0a5497a5ad32c762299e58d6d,PPC
anuragraj03__frame00291_png.rf.02ceb914769c35c84f43477ea4f4a40a,PPC
anuragraj03__frame00291_png.rf.0442d2ccd1c42fa25ad9a15722a6f5f9,PPC
anuragraj03__frame00291_png.rf.07c6219bdcacc4801ac9855442a49693,PPC
anuragraj03__frame00291_png.rf.08591dc47bd29266a06a7d4a902f9b47,HSM
anuragraj03__frame00291_png.rf.0cd03fd9d246ba2eafcad852be15e8de,PPC
anuragraj03__frame00291_png.rf.10064e7a8be4e32cbb88221c7416f7a4,PPC
anuragraj03__frame00291_png.rf.147638f510149d66fd9634561e9401f5,PPC
anuragraj03__frame00291_png.rf.14d5e00ef0ee0922261194462dd6f83b,PPC
anuragraj03__frame00291_png.rf.1a2ed59ec00b222c293fd65d0935ff42,PPC
anuragraj03__frame00291_png.rf.1dd42205eec1566aab3c029c423b740c,PPC
anuragraj03__frame00291_png.rf.1de0244d54493bf61fdf9dcd49339af0,PPC
anuragraj03__frame00291_png.rf.1e1a7951c867bf9667fadd832753858a,HSM
anuragraj03__frame00291_png.rf.1efcdabbf17976137d12daacabcb6461,PPC
anuragraj03__frame00291_png.rf.204611a72c4e10c086b0dd28277fb1c7,PPC
anuragraj03__frame00291_png.rf.2190ad9a1aa8d8accb7ec8d151088a75,PPC
anuragraj03__frame00291_png.rf.21dbeb8a60f1a25c1e0054c76b44d487,PPC
anuragraj03__frame00291_png.rf.22bc13dc6b3a1983c840b11d5438050a,PPC
anuragraj03__frame00291_png.rf.25f9c02ee77d97a632803b894e651ef4,PPC
anuragraj03__frame00291_png.rf.278541a423117555f1fbde221b5c4c4b,PPC
anuragraj03__frame00291_png.rf.3437cf0bf5374571c029e1b19b8e1c28,PPC
anuragraj03__frame00291_png.rf.38e395c571540b03f42a31804b8cf418,PPC
anuragraj03__frame00291_png.rf.47040a940d1d75c8de1acc26b7218b24,HSM
anuragraj03__frame00291_png.rf.56d13be8911ed8a3613e75c1fa01959d,PPC
anuragraj03__frame00291_png.rf.66739ace275c310aa52e2d0694a22d9d,PPC
anuragraj03__frame00291_png.rf.66f42dbd5912925ee6a1588b7d05d680,PPC
anuragraj03__frame00291_png.rf.698be01d9a872e4f1ac95c3b18c62083,HSM
anuragraj03__frame00291_png.rf.6c8eba1563a1dbfc0cb00013cc47291a,PPC
anuragraj03__frame00291_png.rf.708072e0345a657b699b9e32df9759d2,HSM
anuragraj03__frame00291_png.rf.7551de0d56b2cce7a1f3a59e274ddf31,PPC
anuragraj03__frame00291_png.rf.7f2cf74f083440176a4bf6b5962e3fda,PPC
anuragraj03__frame00291_png.rf.80bfdd7200217429d5aae790b1fd353e,PPC
anuragraj03__frame00291_png.rf.84991a95faae6be316a0caef8ef09c39,PPC
anuragraj03__frame00291_png.rf.867c5e8bf6523227a42ef6b20675da82,PPC
anuragraj03__frame00291_png.rf.89cdd3732f05bc3ebb67c9388e541a7d,PPC
anuragraj03__frame00291_png.rf.93f2252af03ce78097e100b0651c105b,HSM
anuragraj03__frame00291_png.rf.978233f5e21b81db889a3091c6133731,PPC
anuragraj03__frame00291_png.rf.9ac70dc89d24653f074117914a8155a9,PPC
anuragraj03__frame00291_png.rf.9c7cc66076e68d05df0078def46fdd21,HSM
anuragraj03__frame00291_png.rf.a1967e85da2c23a37dd9c30731abb8eb,PPC
anuragraj03__frame00291_png.rf.a1ba858ce74e5fb7b4d7154365d481e5,PPC
anuragraj03__frame00291_png.rf.a4a4d1c6b05348ae979de19c0a9aaa5b,HSM
anuragraj03__frame00291_png.rf.a4f423f368b13377a4cba896e6a0742b,HSM
anuragraj03__frame00291_png.rf.a9f00492f667bd382d12185bf22a4e8b,PPC
anuragraj03__frame00291_png.rf.ab09b3d20819473c0cf5566eccfaef4c,PPC
anuragraj03__frame00291_png.rf.ac389e83ad14517a70f3b17faaef7d58,HSM
anuragraj03__frame00291_png.rf.ad4a241217d13e49668854f0ba5783e1,PPC
anuragraj03__frame00291_png.rf.b30c8feee28f9cd3697d47ffac516883,PPC
anuragraj03__frame00291_png.rf.b4d0388453ee92d8a7099e8033a121c7,HSM
anuragraj03__frame00291_png.rf.b59a38a08d4e8ab4ab79171821c3e7ce,HSM
anuragraj03__frame00291_png.rf.b7508755485dc9d1ca68d03e70ff6db2,PPC
anuragraj03__frame00291_png.rf.b7514e2c86cafe8652344f0e62fea29a,HSM
anuragraj03__frame00291_png.rf.b8ae75e2e04d968a81bae8418b2436d5,PPC
anuragraj03__frame00291_png.rf.bdb7148e202d2e49fd4c23d6828d156e,PPC
anuragraj03__frame00291_png.rf.c7ec0883a3c89d711f8c9a8df7d5c021,PPC
anuragraj03__frame00291_png.rf.ca70f4879741edc88672852c06d8f568,PPC
anuragraj03__frame00291_png.rf.cb8e062bb2334ccd144789028ebec438,PPC
anuragraj03__frame00291_png.rf.ce929431afb64d6f1e3829b86be67ad2,PPC
anuragraj03__frame00291_png.rf.de892b41d2f65fbe4df93a8af0857f5d,PPC
anuragraj03__frame00291_png.rf.e11c584f4138a22750907295ad22a5c4,PPC
anuragraj03__frame00291_png.rf.e26c23400a7ebf55238ca9a9a0d0aaf1,HSM
anuragraj03__frame00291_png.rf.e6fd96babfd0800adce5637bb3850023,PPC
anuragraj03__frame00291_png.rf.e9cb9a842e6d4603ed3220793ad91f6d,PPC
anuragraj03__frame00291_png.rf.ed65df68a1b5927eb0539690b18f759d,HSM
anuragraj03__frame00291_png.rf.ef9f2afd3589952c73fd7c78a778ccc6,HSM
anuragraj03__frame00291_png.rf.f477d66f7464e28d65b4184832755569,HSM
anuragraj03__frame00291_png.rf.f84f6bf0bf918c25afdcdce1b0a16d74,HSM
anuragraj03__frame00291_png.rf.f93fab1b82756561aff1a854f2169066,PPC
anuragraj03__frame00291_png.rf.fb9e7f1b5e5e8b29c1622fcf8fc89a7e,PPC
anuragraj03__frame00301_png.rf.02c331ed90c709df73fb3014a37a7870,HSM
anuragraj03__frame00301_png.rf.06ffc05af988cd626fe2efee43d61cf7,PPC
anuragraj03__frame00301_png.rf.0a3d2d1b60b5e70ebc4b01aca0626771,PPC
anuragraj03__frame00301_png.rf.0d3111f99346e6432b517d91fdfd9a83,PPC
anuragraj03__frame00301_png.rf.0fcbfb244f873ad9db2d284372b79894,HSM
anuragraj03__frame00301_png.rf.10f3aab9b1bb14bd72909c6b70e6e370,PPC
anuragraj03__frame00301_png.rf.1270ddc9a842db275a2aadf208f55a77,HSM
anuragraj03__frame00301_png.rf.12fba07f464d3ec8a9106a196e607aea,PPC
anuragraj03__frame00301_png.rf.1650eed06ad4e9eb486e377fe4ca9af6,PPC
anuragraj03__frame00301_png.rf.16b5442ad5d16233cee598be3322ca6c,PPC
anuragraj03__frame00301_png.rf.1bc6517382298c63cd1854f56c826732,PPC
anuragraj03__frame00301_png.rf.1f433713f2f10facfecd1147bcc6b5c1,PPC
anuragraj03__frame00301_png.rf.22ef1d4eb43e88da687ba9a30bd1cf4a,PPC
anuragraj03__frame00301_png.rf.279b84152b0796ce0ac3beef9ff15a0b,PPC
anuragraj03__frame00301_png.rf.2a86dcecaba5a2eaccb9b5f8d87abf3f,unknown
anuragraj03__frame00301_png.rf.2edca35c95e00935ae66ea9a68e63db8,PPC
anuragraj03__frame00301_png.rf.3431fc70567d0b16c37ffc0ae1a2da0a,PPC
anuragraj03__frame00301_png.rf.35a70954d24876ed590d6a1cc82a912a,HSM
anuragraj03__frame00301_png.rf.360eca40530190e2e3b143cef0e25993,HSM
anuragraj03__frame00301_png.rf.37eea1a21f4096faa11b0f500a6f521d,PPC
anuragraj03__frame00301_png.rf.3c56674e816dbadb5a88d4b13ba27657,PPC
anuragraj03__frame00301_png.rf.3c6e6b719e0a8fc55f6977f101328422,HSM
anuragraj03__frame00301_png.rf.3dadff2cb3bcd6040a7ddbc71cb3528a,PPC
anuragraj03__frame00301_png.rf.3f5f428b9f9197407e333e81abc76ed6,HSM
anuragraj03__frame00301_png.rf.463a0b6e041da7831b0fb40cef9a34c2,HSM
anuragraj03__frame00301_png.rf.4a8008cc367afb664c66565df23944e2,PPC
anuragraj03__frame00301_png.rf.4e8a8b5815af9062bd6361ef42f02d63,PPC
anuragraj03__frame00301_png.rf.561dd107982e40e8a4fa381713834512,PPC
anuragraj03__frame00301_png.rf.5cea366e1bb3e22a0dc5a8d13611dc5b,PPC
anuragraj03__frame00301_png.rf.5f81385bd69ece29d153113433fbe98f,PPC
anuragraj03__frame00301_png.rf.67765c9a1d654b8c99703ca9578297be,HSM
anuragraj03__frame00301_png.rf.7876c59b11014bc1aa713bbbbf3a80f4,HSM
anuragraj03__frame00301_png.rf.79739350c3c3e0b5a898792de55678c2,PPC
anuragraj03__frame00301_png.rf.7a53dcff9aa6d001afa20a8471583f38,HSM
anuragraj03__frame00301_png.rf.82b7446b94601de8c318ad900dd38226,PPC
anuragraj03__frame00301_png.rf.881cd2c6adf9e8e77db28722b350cea0,PPC
anuragraj03__frame00301_png.rf.899c1a6f2341f7fdb02b65ed2c88725d,HSM
anuragraj03__frame00301_png.rf.9944c7d3b32544546e9ff90c560361dc,HSM
anuragraj03__frame00301_png.rf.9f969a55071815c83681f0c9bc05e295,PPC
anuragraj03__frame00301_png.rf.a2746032158465c856d10bf1031ae8a5,HSM
anuragraj03__frame00301_png.rf.aa00fbaa3f5b95f34848525315dbf20b,PPC
anuragraj03__frame00301_png.rf.ab5fc275523b7c6b5a3a0e365eaae135,PPC
anuragraj03__frame00301_png.rf.ae970acd35051cf49429884650f9fb4a,PPC
anuragraj03__frame00301_png.rf.aeca382cc90cef353db478779155e410,PPC
anuragraj03__frame00301_png.rf.b443f2de4762d3b61702f4c94840ef6a,HSM
anuragraj03__frame00301_png.rf.b569c59c9c2e8aacaec891879f0b17e7,HSM
anuragraj03__frame00301_png.rf.b9dc43c93b54f91a965bdc45036782b9,HSM
anuragraj03__frame00301_png.rf.c722273ea91688bb052583c4084a6701,PPC
anuragraj03__frame00301_png.rf.cb439698183745361b176fa1a7e631b4,PPC
anuragraj03__frame00301_png.rf.cbaf51bc5860106f98e83754f6599540,PPC
anuragraj03__frame00301_png.rf.cc88e8e0312ebe4eac7a739b0f71ff89,HSM
anuragraj03__frame00301_png.rf.e0c37759a50f86cd0c34b55f5608f1c2,HSM
anuragraj03__frame00301_png.rf.e56e8e5e2c3958885d221c03fbfde0d7,PPC
anuragraj03__frame00301_png.rf.e5eed77429a217fbb1b182750718c715,PPC
anuragraj03__frame00301_png.rf.e8b4bf64912a7a69a14a360beb30639a,PPC
anuragraj03__frame00301_png.rf.effcff1ae27d95f3d7786415fb49fa04,PPC
anuragraj03__frame00301_png.rf.f06610426dac6a78f339ad12162c9cf8,PPC
anuragraj03__frame00301_png.rf.f1f3e55afda79bd8e5cd2745580e657f,HSM
anuragraj03__frame00301_png.rf.f7057778f757e3084e7c9eb5c063c3e3,PPC
anuragraj03__frame00301_png.rf.f998f921cbcc4a39a5ae87c438939c03,PPC
anuragraj03__frame00301_png.rf.fad3c3ccf6c928d8602f83035b219e44,PPC
anuragraj03__frame00311_png.rf.04257e77bfc8cc89e5a353ce992745e2,PPC
anuragraj03__frame00311_png.rf.05e84b249e1a87c81f84572c5e1ea64b,HSM
anuragraj03__frame00311_png.rf.0f84ff242e037c167fe125185ad1a778,HSM
anuragraj03__frame00311_png.rf.14ece2e077db6f6e7e96fb536959148b,PPC
anuragraj03__frame00311_png.rf.18e5616459af80a46cf41dc4a147edaa,PPC
anuragraj03__frame00311_png.rf.1a9ed25e5824db2d3eb86720960f57ad,HSM
anuragraj03__frame00311_png.rf.1ab49861d2f15686f388e743a61480fc,PPC
anuragraj03__frame00311_png.rf.230cca661a36f6bc8a651b680167894a,HSM
anuragraj03__frame00311_png.rf.27c3db648789a4d3709adbd5b01b8d3e,PPC
anuragraj03__frame00311_png.rf.2bb20df37ae06d1cf8050d791c393d76,PPC
anuragraj03__frame00311_png.rf.2c6566d00e72d3f3172de706696e154a,PPC
anuragraj03__frame00311_png.rf.31a77fc92d1d3520bc0586c3e2e75e7d,PPC
anuragraj03__frame00311_png.rf.334348d7582b8832241b26af2686ce07,PPC
anuragraj03__frame00311_png.rf.3b3904bfbc2cd5d67a9db09b39a5dec2,HSM
anuragraj03__frame00311_png.rf.4132a70a1fc8a45bc8e5960b45c0166e,PPC
anuragraj03__frame00311_png.rf.4519a1f97603f446b013bf0275a6102d,PPC
anuragraj03__frame00311_png.rf.4658adbe9767c28db2ca6ef01104c1da,HSM
anuragraj03__frame00311_png.rf.5bfd21c7827b40f66d9000e4576f52b7,HSM
anuragraj03__frame00311_png.rf.5c2356acf93dcc3261d5eeb92fccea3e,PPC
anuragraj03__frame00311_png.rf.5f021f4af0a44c01f26958e4e7f46002,PPC
anuragraj03__frame00311_png.rf.632439ad23ed92a8f43f968af7134b7b,PPC
anuragraj03__frame00311_png.rf.68a13f4236146ad4644c17c9deabcf97,PPC
anuragraj03__frame00311_png.rf.74543f82df72e12c0f2d782a6259423a,PPC
anuragraj03__frame00311_png.rf.7f915145f2e67a9b650fad26d51d6bfd,PPC
anuragraj03__frame00311_png.rf.87a8a7d90f3cd529d63c6bfc17582a87,PPC
anuragraj03__frame00311_png.rf.8c8c3de83fe2e4305db7b8006094e6e2,PPC
anuragraj03__frame00311_png.rf.9228bce707098af34488e0707bc3243e,HSM
anuragraj03__frame00311_png.rf.99001763d45b637d5f8617d3f8bd93d4,HSM
anuragraj03__frame00311_png.rf.9bf208b84606563bbc3e9b93994fa105,PPC
anuragraj03__frame00311_png.rf.a8a9607399a9ecff0a46f4585ab377b3,PPC
anuragraj03__frame00311_png.rf.ac6eab128850bf0441c54c8f30520f17,HSM
anuragraj03__frame00311_png.rf.ae6855c99c61ba3af84a1d76e5c542f1,PPC
anuragraj03__frame00311_png.rf.ae84efda182fefe753e5e7bbaecf90d9,HSM
anuragraj03__frame00311_png.rf.afee8dc1b716816497b079c0108e7876,HSM
anuragraj03__frame00311_png.rf.b2fafa7bbd59930fb376b095a4ce6de8,PPC
anuragraj03__frame00311_png.rf.b524a35660b942dfdcfe9be9f338c119,PPC
anuragraj03__frame00311_png.rf.c13098ff7e7275d72467df6732435ac0,PPC
anuragraj03__frame00311_png.rf.c1f643ef986775b314dc1b0547cfb2ae,PPC
anuragraj03__frame00311_png.rf.c35c37e3753a723d7ca80420c859c2c0,HSM
anuragraj03__frame00311_png.rf.c4e530ba7b1c37da7e5fa9e80b79ede5,HSM
anuragraj03__frame00311_png.rf.c8c1db33ed3da574ae6f750c91abe319,HSM
anuragraj03__frame00311_png.rf.cc6667739215141aab181e38723d5a95,PPC
anuragraj03__frame00311_png.rf.ce833d42dddd6d50f54fb6a688daf754,PPC
anuragraj03__frame00311_png.rf.cfeccc82fa1554d7830bb602c9ed2a82,PPC
anuragraj03__frame00311_png.rf.d00ebee0725cfdbf97cee1ea3a2a65de,HSM
anuragraj03__frame00311_png.rf.de6ae7485837e66c3e3db2dd03a00f37,HSM
anuragraj03__frame00311_png.rf.df1bf26d5d4a6dd693e3cb057fe3c88b,PPC
anuragraj03__frame00311_png.rf.ebba20e300e5622af1941c5e9f642099,PPC
anuragraj03__frame00311_png.rf.f0c3f3c0b814433d1ef78adaaf9e5c81,HSM
anuragraj03__frame00311_png.rf.f122869e6e92a12b74805c91e6d0862d,PPC
anuragraj03__frame00311_png.rf.f61da08543877a49dec11cfc473456b8,PPC
anuragraj03__frame00311_png.rf.f8451ed83f2ffa0ad7a9377700f363dd,PPC
anuragraj03__frame00311_png.rf.fe83baf64399bfb0df279f3f333c802a,PPC
anuragraj03__frame00321_png.rf.03e619b9d119c8a3458d9aee2dec9f57,PPC
anuragraj03__frame00321_png.rf.04b35a9dac2d9ad5088a9dfb5a2635de,PPC
anuragraj03__frame00321_png.rf.055e94c6353489e5ac55debb6fa0ec13,HSM
anuragraj03__frame00321_png.rf.0eb81f64ee1673f8172ec5c23ecd238f,HSM
anuragraj03__frame00321_png.rf.113f30d1e4d1b82e16c1ea75727aa3f6,HSM
anuragraj03__frame00321_png.rf.131fcb3257a8f03ba4807ef1a4572192,PPC
anuragraj03__frame00321_png.rf.1f1cc2f137b9879f15a46057206f958c,PPC
anuragraj03__frame00321_png.rf.2972054d803d331e8867de52e7152e18,PPC
anuragraj03__frame00321_png.rf.368c2377a59420b7764aafe5e4eb0c81,HSM
anuragraj03__frame00321_png.rf.3a4f4ae5ade3a69e5c0e1dde2dd9e773,PPC
anuragraj03__frame00321_png.rf.3af9ef3e99a53e3b3486303c6229dd31,HSM
anuragraj03__frame00321_png.rf.3f70cc9da7c2f0f472e897f71fee0934,PPC
anuragraj03__frame00321_png.rf.48468f9b6da4f0ef126620cc284b19f1,PPC
anuragraj03__frame00321_png.rf.4c30b74d9b72a228e98dd6bdd3e4b3bc,PPC
anuragraj03__frame00321_png.rf.52c2aea7ec738683cf0dac7c1d59bcfd,HSM
anuragraj03__frame00321_png.rf.5c87417e836d0e6aa365c20bcfa76e7e,HSM
anuragraj03__frame00321_png.rf.64a22643785ea1dfe46b7fce665eba98,PPC
anuragraj03__frame00321_png.rf.6c5a44d0b4fc5abc3ef21b8480f00f3d,PPC
anuragraj03__frame00321_png.rf.6d6a76b9fe6a0a1f115cdb75585df7bb,PPC
anuragraj03__frame00321_png.rf.73b565d030c6d8985e5608f191214967,HSM
anuragraj03__frame00321_png.rf.7cb032bad321d31b7c5f10aa6c85210c,PPC
anuragraj03__frame00321_png.rf.87d756c30f6f207a1bf2b3cf62999737,HSM
anuragraj03__frame00321_png.rf.9e7f21947289d04a08c441b0d1e8e4ad,HSM
anuragraj03__frame00321_png.rf.aa1dfb6d9c11bdfec32d1c85d3887951,HSM
anuragraj03__frame00321_png.rf.b4494b3fd03074f3a545a11e70874da5,HSM
anuragraj03__frame00321_png.rf.bd02ee3022ea1fa9932434cef1b5adf2,HSM
anuragraj03__frame00321_png.rf.c576174afede7a0c37d709580d401b0f,PPC
anuragraj03__frame00321_png.rf.c6308c1b8f83063849a2ba4bd91872ff,PPC
anuragraj03__frame00321_png.rf.cb079399a2d380b94bb208fba6adb2d0,HSM
anuragraj03__frame00321_png.rf.cc359665e561439e8fbe05b2e9ff128d,HSM
anuragraj03__frame00321_png.rf.d3f8f8929b00465e215cc974c68f7e38,PPC
anuragraj03__frame00321_png.rf.df61e9a62c83b552e6e6e8e9e4f22ff7,PPC
anuragraj03__frame00321_png.rf.e1e03a51d0dfcbfdcf1cc28333c08f7e,HSM
anuragraj03__frame00321_png.rf.e48707348ddb8ec3fb2d1d6dca4dd3a4,PPC
anuragraj03__frame00321_png.rf.efcb60043e4b54afcf56bf0409e3fd82,HSM
anuragraj03__frame00321_png.rf.f5209f1310358ce437551ce50a2ee043,HSM
anuragraj03__frame00331_png.rf.12cdf45cd158dd2c7e2ee09c4061e5f6,unknown
anuragraj03__frame00331_png.rf.4585b2b3b28a367449642cffe681841a,HSM
anuragraj03__frame00331_png.rf.473eeb6e10e3e9d5f02e592843f3a22d,PPC
anuragraj03__frame00331_png.rf.4f7bc95b59f7a49253bd2d94cc41c63a,HSM
anuragraj03__frame00331_png.rf.500fb423a77f90c8c9fe68f3cdb7d732,PPC
anuragraj03__frame00331_png.rf.5f5084eeaf20ea06cc28f0c8a7938c84,HSM
anuragraj03__frame00331_png.rf.672c286e3f47f52693678df646e6229b,HSM
anuragraj03__frame00331_png.rf.6f665b0b04b4fe8ec1f72eb4046b26d2,HSM
anuragraj03__frame00331_png.rf.77a7360e7173b02809f18d05f8a9fe39,HSM
anuragraj03__frame00331_png.rf.7d869850d92159b39047d3f37a4868d5,PPC
anuragraj03__frame00331_png.rf.84690ff226823fadabee2a098a30008f,PPC
anuragraj03__frame00331_png.rf.851fb44b86334981ef579b65bd382f18,PPC
anuragraj03__frame00331_png.rf.86ba70caf35a4c54a5f547d71ea85ce4,PPC
anuragraj03__frame00331_png.rf.86fbdc1cb184d6cc0bfecd2c6db77509,PPC
anuragraj03__frame00331_png.rf.885c380b0a9d7a8231e77db0cae29e5e,HSM
anuragraj03__frame00331_png.rf.8999b28bce1303d4344a280c87dad6d4,HSM
anuragraj03__frame00331_png.rf.8ac6f03c4a1928885756f7e273d202b7,HSM
anuragraj03__frame00331_png.rf.a5b71807a98459e1866018ede06cac01,HSM
anuragraj03__frame00331_png.rf.a5c3b3869c7bc99cbed4a87b59ca4e32,HSM
anuragraj03__frame00331_png.rf.a837b0a5fc326d9c49117e9842269ba9,HSM
anuragraj03__frame00331_png.rf.c02707b3b2f4bcc0d506c1608b7b6dd9,PPC
anuragraj03__frame00331_png.rf.c1734f9eca4c201951250b2126e153c8,HSM
anuragraj03__frame00331_png.rf.c38d1e344e9ebee4353c61d254225db5,HSM
anuragraj03__frame00331_png.rf.c937e03b4fc66c0224ed353289ba50dd,HSM
anuragraj03__frame00331_png.rf.c99b3ab03e30c2027fe9db3f8a837d2d,HSM
anuragraj03__frame00331_png.rf.d6846c108e6681fc176cda8b9dc734e7,HSM
anuragraj03__frame00331_png.rf.db75d9abd602183d492eb0284de8515a,HSM
anuragraj03__frame00331_png.rf.dd0566076c25c15a07c7b49057a71a08,PPC
anuragraj03__frame00331_png.rf.eed13a20da84256f72ca976ffec4b13e,PPC
anuragraj03__frame00331_png.rf.f6e4aed1a1efa45c50fca4bee0bc6e1a,PPC
anuragraj03__frame00341_png.rf.001b460708655b7ef928c2630ba9395b,HSM
anuragraj03__frame00341_png.rf.0b3ad6d9b19a368bb1756ebc0b69e588,HSM
anuragraj03__frame00341_png.rf.0f560bed413518a78dd77c0688521a1b,HSM
anuragraj03__frame00341_png.rf.1ce5938d84d3520d1daf4489af00248c,HSM
anuragraj03__frame00341_png.rf.2120cb1a6c01fb21e7629d0987a6dc74,HSM
anuragraj03__frame00341_png.rf.245ece433cfcb149a31c1fcf649d5972,HSM
anuragraj03__frame00341_png.rf.269c9578eddb72ac9e54c0ac3fb01e24,HSM
anuragraj03__frame00341_png.rf.2f553e2be8740e341657bbf2c85b98cd,PPC
anuragraj03__frame00341_png.rf.4e1e0752ab07723f49823df7252b370a,PPC
anuragraj03__frame00341_png.rf.4f83cc081a9627c16deade8c5312c0ae,HSM
anuragraj03__frame00341_png.rf.548d5f077917f6158491e34f0f4f9511,PPC
anuragraj03__frame00341_png.rf.7112dbb1a800c0c6b5dcfcaf24318ba5,HSM
anuragraj03__frame00341_png.rf.921e6035a625332e4fadff6ab8a347be,HSM
anuragraj03__frame00341_png.rf.bda7487ee315e0bfed32873c448f3485,HSM
anuragraj03__frame00341_png.rf.cf987d7a799e79ab50227da2e70d278f,PPC
anuragraj03__frame00341_png.rf.db4047f56cfabf44e7a8e0d1cbc77388,HSM
anuragraj03__frame00341_png.rf.db88f2a7d0b1564593108b4cfbaae4f9,PPC
anuragraj03__frame00341_png.rf.e52021d50d4c25c0148d196026bd99c5,HSM
anuragraj03__frame00341_png.rf.ed0ea0872efd6eeecec3a4620a1ca588,HSM
anuragraj03__frame00351_png.rf.4ba011b2454bc345c261c603773147e0,HSM
anuragraj03__frame00351_png.rf.57d15ae0dec5460682e3f3589ca9b6c4,PPC
anuragraj03__frame00351_png.rf.632307b25896b1f808728e6d07d815af,HSM
anuragraj03__frame00351_png.rf.73536ed2ccf6b88760e5df9c737cad43,HSM
anuragraj03__frame00351_png.rf.823a2c00489fa4ac5e3e940f8fa991bf,HSM
anuragraj03__frame00351_png.rf.895bf0e14f353c4cc42abc02f5ccf5ba,HSM
anuragraj03__frame00351_png.rf.9bd9f1877516a770517de263b9d1d644,HSM
anuragraj03__frame00351_png.rf.b32bd242a12d8da65a2fd791a338e338,HSM
anuragraj03__frame00351_png.rf.b755e58a290350508b9010e401946300,HSM
anuragraj03__frame00351_png.rf.bb4f9a486de195419517e2b928b5009e,PPC
anuragraj03__frame00351_png.rf.c02c565884e492cc4162be1033605334,HSM
anuragraj03__frame00351_png.rf.d1e9f56115d409274f0f69a2647c8804,HSM
anuragraj03__frame00351_png.rf.d54fa283df5a747e264d43168b6ab3ac,HSM
anuragraj03__frame00351_png.rf.f69c7ed93b1b9bea15584b7160002a2b,HSM
anuragraj03__frame00361_png.rf.00c71daf47813067cecdabf65e507334,HSM
anuragraj03__frame00361_png.rf.027dbae686ca55d2f5f023546b4f4860,PPC
anuragraj03__frame00361_png.rf.48c1dec419e98bcbb27341025b0d4883,PPC
anuragraj03__frame00361_png.rf.76a900cd73b02a5124c03c217c40c584,HSM
anuragraj03__frame00361_png.rf.7bbcf68b367d9a5caf8514d54963dc9b,unknown
anuragraj03__frame00361_png.rf.b247499cd31339212347aafaee1e2270,HSM
anuragraj03__frame00361_png.rf.c5e2063d23c280a14f6a4a9e9a91463f,PPC
anuragraj03__frame00361_png.rf.c9061e8b4880276799f89df81a930a57,PPC
anuragraj03__frame00371_png.rf.609d75375a28839e2316e343750126dc,HSM
anuragraj03__frame00371_png.rf.e796eeabfa831ffb9887cbfba722364b,PPC
anuragraj03__frame00391_png.rf.6c290efd297db7065d31da4af737bbae,unknown
anuragraj03__frame00391_png.rf.8c73c7c38ea8e49e81a2bb08057efccf,HSM
anuragraj03__frame00391_png.rf.9d39aaa75bcd0324f0bc6abeae6cc55e,PPC
anuragraj03__frame00421_png.rf.1b9b7a3b67eeee5db92e11c16641ce88,unknown
anuragraj03__frame00421_png.rf.606fc405bee8053d01e29699f1b0422e,PPC
anuragraj03__frame00421_png.rf.c437f352e22f300595bb76d994b30cba,HSM
anuragraj03__frame00451_png.rf.7ee99a73d767a0da8f2fd8c8d097115c,unknown
anuragraj03__frame00451_png.rf.957c3f1b08318de772944d72beb450fd,HSM
anuragraj03__frame00451_png.rf.bd05056d11a03d1bbcbd98cd0b26e775,PPC
anuragraj03__frame00481_png.rf.0fd0c0673b2eb52128cc69b96b692aba,HSM
anuragraj03__frame00481_png.rf.82b53fa434cde04949fc2da81f63ffce,HSM
anuragraj03__frame00481_png.rf.e59a1110f6329183ffe1e1d4c12ba761,PPC
anuragraj03__frame00511_png.rf.d894e360d9cde1d03dc78e4ad075ae12,PPC
anuragraj03__frame00511_png.rf.da154ad9ad89d4bb0d0293b5b9674552,HSM
anuragraj03__frame00541_png.rf.5a6de939b05bf609a23bdff1a2900d0c,unknown
anuragraj03__frame00541_png.rf.89c7307725fb9cdb2148eeccba05d5de,PPC
anuragraj03__frame00571_png.rf.43fe86847a7f82ebd0905c77d6f44010,PPC
anuragraj03__frame00571_png.rf.4ffaacca8df147747f239fe77743bc46,HSM
anuragraj03__frame00601_png.rf.ac81947c42ffdd0420afeb29042a4633,PPC
anuragraj03__frame00631_png.rf.ef9291d80617c0683248d3881e48fe8e,PPC
anuragraj03__frame00661_png.rf.6196cc1538aad68a23ce1c42ff657ea9,PPC
anuragraj03__frame00691_png.rf.2bd3ccb4e93b0bdf22d8be93b498e7f4,PPC
anuragraj03__frame00721_png.rf.c1dea7c8acd80e7427276e27440af97f,PPC
anuragraj03__frame00751_png.rf.0e7e978a6f370ca20ad41018975bf242,PPC
anuragraj03__frame00781_png.rf.5985301970dfeec9d01421331ab5b3d3,PPC
anuragraj03__frame00811_png.rf.d7a603d9a3e9171a3cec4ae4952875a9,PPC
anuragraj03__frame00841_png.rf.ab928d8ececd695cfa8b4ec40b839e29,HSM
anuragraj03__frame00871_png.rf.51071609dd02f59a443078dab388f382,HSM
anuragraj03__frame00901_png.rf.ebd94dd7d7423efe27c88002a4d22b3a,HSM
anuragraj03__frame00931_png.rf.498de7d3db4a8a3f8214523bf660fef6,HSM
anuragraj03__frame00961_png.rf.a81892db50fed5c974bcfb8ea7fc5977,HSM
anuragraj03__frame00991_png.rf.de05ac69a2086d520e15f4357546112e,HSM
anuragraj03__frame01021_png.rf.e4b7cf3358001bb88de823176bb9806d,HSM
anuragraj03__frame01051_png.rf.0b4442d00786227b7abd29f939c5cd32,HSM
anuragraj03__frame01081_png.rf.53a2cd6961214045f713c8bf59bfd4ed,HSM
anuragraj03__frame01111_png.rf.7d4b4d50ca5f603967dba49b723a10a3,HSM
anuragraj03__frame01141_png.rf.5d4fee09aeb51d45474faaa86e5cc5a3,HSM
anuragraj03__frame01171_png.rf.917dfda78f2dc244f608c7ebb820de16,HSM
anuragraj03__frame01201_png.rf.4db812e843f7a8eb83e9e53c045c340d,HSM
anuragraj03__frame01231_png.rf.6fed45269704fe25fa2f8384e712de35,HSM
anuragraj03__frame01261_png.rf.0c6d00df0b1651c2bbc533406dfa4653,HSM
anuragraj03__frame01291_png.rf.f8d026a0a4dc2888bd81cfaebc2959f2,HSM
anuragraj03__frame01321_png.rf.8a954a2ed728f6dee690de247c9e040b,HSM
anuragraj03__frame01351_png.rf.c1f718af23a30d43f6c00b995bb2944a,HSM
anuragraj03__frame01381_png.rf.15ead1ff3d66a65bfe61bb5c06cf98ce,HSM
anuragraj03__frame01411_png.rf.88f012852ebc4d0210b351e3550263d6,HSM
anuragraj03__frame01441_png.rf.051eb3d3da12a51483c3570b7e4ac9af,HSM
anuragraj03__frame01471_png.rf.b2871726c4cc434fb7537565bd7db75b,HSM
anuragraj03__frame01501_png.rf.277404132d2ded0a24467ad429b7882c,HSM
anuragraj03__frame01531_png.rf.39ae017e249772eaffafa0a4d1477efe,HSM
anuragraj03__frame01561_png.rf.10d98ad4a843c850936d10fd9ce6fde0,HSM
anuragraj03__frame01591_png.rf.3840d6bc85024838a35dbc44b6ee0e23,HSM
anuragraj03__frame01621_png.rf.6eefe08ab5a36ec629a9b2a771011dcd,HSM
anuragraj03__frame01651_png.rf.8938921f6bcd44488d861bdf9838df3f,HSM
anuragraj03__frame01681_png.rf.c8b8446dfe1651fdbc8d24bd63b57156,HSM
anuragraj03__frame01711_png.rf.45d286810fba7f0db4f89025041a141d,HSM
anuragraj03__frame01741_png.rf.7adb3b57a2091973de9dc152e66c602c,HSM
anuragraj03__frame01771_png.rf.69544278a36e8299dd3d576fb8723de6,HSM
anuragraj03__frame01801_png.rf.acd82685caca50098554867652d36212,HSM
anuragraj03__frame01831_png.rf.d409a27b7cb5b9d78867f5e1c9bab669,HSM
anuragraj03__frame01861_png.rf.8434f3d79f1d503d22cdef7550ddd746,HSM
anuragraj03__frame01891_png.rf.165260a3b80f6bdcea54b70f57e6abc0,HSM
anuragraj03__frame01921_png.rf.f10ea74f63848b5721d710c17c4fdeff,HSM
anuragraj03__frame01951_png.rf.62712e7539992bdd10c66f1f80417a77,HSM
anuragraj03__frame01981_png.rf.6d1e6e3108106e001040d55f44c32d3d,HSM
anuragraj03__frame02011_png.rf.abde577bbaceb74745800fd9a35f3987,HSM
anuragraj03__frame02041_png.rf.484691168a61c58fa38d105d1fdfe483,PPC
anuragraj03__frame02071_png.rf.eaa09393d5f400262702baf375b99c90,HSM
anuragraj03__frame02101_png.rf.ebee6e1da3ab094ef26c4539c444275f,HSM
anuragraj03__frame02131_png.rf.6fcaec336531b5a7a0508ad552dbf3d7,HSM
anuragraj03__frame02161_png.rf.d4bc02db665a6216fa1324be6393fbb2,HSM
anuragraj03__frame02191_png.rf.da32532820cb3f315c8534af1a85a266,HSM
anuragraj03__frame02221_png.rf.791e7e3d3777a530f1b4e4f1b1f1fbbd,HSM
anuragraj03__frame02251_png.rf.f3ab59b9b793fbf3cdd01b28aa3f7164,HSM
anuragraj03__frame02281_png.rf.3773daa4dab2a4ff03b69b3a21e95efa,HSM
anuragraj03__frame02311_png.rf.abaf77c94d3319f0bef0c60c2b7a4cb9,HSM
anuragraj03__frame02341_png.rf.81cd57a4f196e822b1686f6c50de4c7b,HSM
anuragraj03__frame02371_png.rf.76a5d7988d747396d1564cbe03b11d7d,HSM
anuragraj03__frame02401_png.rf.1adeea4fe816a39beaa6452165b34024,HSM
anuragraj03__frame02431_png.rf.0bc83db6d263097fc9f3d0280e4bdd17,HSM
anuragraj03__frame02461_png.rf.28f04edebae72be3151f4a33f1715093,HSM
anuragraj03__frame02491_png.rf.9f48ec7eeb7b3b1034e40cd92f0b2f25,HSM
anuragraj03__frame02521_png.rf.c04d75e7ae9bcdaaffebf3be2592993f,HSM
anuragraj03__frame02551_png.rf.38d7f216849f68e3a40b518232739125,HSM
anuragraj03__frame02581_png.rf.0403e7dedcae9022b5faf38ed04f277c,unknown
anuragraj03__frame02611_png.rf.400ef1bcde320c359424be993a5bbb8e,HSM
anuragraj03__frame02641_png.rf.0d95538581ccbd96712089e39fff9305,HSM
anuragraj03__frame02671_png.rf.3dd999744f718016954a083bf3eb1b05,HSM
anuragraj03__frame02701_png.rf.29f67562dd63ac34c4261cb308bd64ea,HSM
anuragraj03__frame02731_png.rf.550aa8b043d6fe50460a3096f499a1ce,HSM
anuragraj03__frame02761_png.rf.50061bb418e71802ea9ae8309be671f5,HSM
anuragraj03__frame02791_png.rf.f79dcc8d25956b76416263216603f4a7,HSM
anuragraj03__frame02821_png.rf.80574194f43d605bc72be37540219341,HSM
anuragraj03__frame02851_png.rf.1a96533ff7550044dedff0525a528502,HSM
anuragraj03__frame02881_png.rf.d2d426c5da70dbfe40105f9fd3e141d2,HSM
anuragraj03__frame02911_png.rf.d3b65ebc7469541c723da5c9e8acf79e,PPC
anuragraj03__frame02941_png.rf.c1bd4319783a56ccae1c4b6dfe0cbc13,PPC
anuragraj03__frame02971_png.rf.64b5f4773feceb265cc989eca48b610f,PPC
anuragraj03__frame1065_jpg.rf.d43c71dc7400ad21e64592f8da326e0b,denitration
anuragraj03__frame1066_jpg.rf.13ac9eba0adf342a54d76442e3d26722,denitration
anuragraj03__frame1067_jpg.rf.0c64be8f8ed127950a0d9cbb146ceff9,denitration
anuragraj03__frame1068_jpg.rf.674d02b105972028d55777fe51b08081,denitration
anuragraj03__frame1069_jpg.rf.5096520434a5dabdf8b4a1e9dac76a3d,denitration
anuragraj03__frame1070_jpg.rf.b0ddef43d5747f74385c8c3a3d5d32e0,denitration
anuragraj03__frame1071_jpg.rf.f62a5f5eed6c32efe6ceefe735ea56f6,denitration
anuragraj03__frame1072_jpg.rf.b78198b4f8c0ee8b5a0abe9b2e5c6d3a,denitration
anuragraj03__frame1073_jpg.rf.8fc31162998676ec223fa06403c3f0a5,denitration
anuragraj03__frame1074_jpg.rf.78aa92d037e364c890c1b09b50c0508a,denitration
anuragraj03__frame1075_jpg.rf.38a88c8616113d8096abcf90f80a75bf,denitration
anuragraj03__frame1076_jpg.rf.339bca5a64ee12ac65bf46e846561850,denitration
anuragraj03__frame1077_jpg.rf.d22115828ded72da4fdb52377018aacf,denitration
anuragraj03__frame1078_jpg.rf.9c8b7d55e3dcfb28c1b839c44ee5512e,denitration
anuragraj03__frame1079_jpg.rf.0e466f10c88908871ac46f51843276ca,denitration
anuragraj03__frame1103--2-_jpg.rf.9cc56917fa8715ea8c9446f26313631a,denitration
anuragraj03__frame1104--2-_jpg.rf.08cd5cd074911f8596613cddd287514e,denitration
anuragraj03__frame1105--2-_jpg.rf.9e73a1795acaf3322717fc6816a334e2,denitration
anuragraj03__frame1106--2-_jpg.rf.5160f73f53571642af0c25e35490ceec,denitration
anuragraj03__frame1107_jpg.rf.33c2bb97de867fb169bf6c4e170a8a5e,denitration
anuragraj03__frame1108_jpg.rf.672e27a1f4488b356d496683f9e02d5d,denitration
anuragraj03__frame1109_jpg.rf.2aea1553aa0a1564c1ff156d9a524a54,denitration
anuragraj03__frame1110_jpg.rf.09c8e8d3ebd65fae0d1a944af01a9b88,denitration
anuragraj03__frame1111_jpg.rf.5a58a6dd3c5ac2414f1b13d8fd8ef85f,denitration
anuragraj03__frame1112_jpg.rf.844db38bf8b496e0fe378f5f51069795,denitration
anuragraj03__frame1113--2-_jpg.rf.c36e0afbb9ca2116414e0494b6a3c2cf,denitration
anuragraj03__frame1114--2-_jpg.rf.b1d6016165d2826eb25ffcccde150d96,denitration
anuragraj03__frame1115--2-_jpg.rf.2962b4d49274ee0151fa7dec5aeb538b,denitration
anuragraj03__frame1116--2-_jpg.rf.ce5e10f460affaa58ebd2bc5a08048e1,denitration
anuragraj03__frame1117--2-_jpg.rf.bb15a65ff8c6f6c5c5490e2c84d28d80,denitration
anuragraj03__frame1127--2-_jpg.rf.7dc6c176c2d25b3604f20983a18ebf47,denitration
anuragraj03__frame1128_jpg.rf.cdeb255f08574fcdb660a7f1f164fe8f,denitration
anuragraj03__frame1129_jpg.rf.37da54ec173745ec3a54e441f21e97e2,denitration
anuragraj03__frame1130_jpg.rf.8c12f88d742eeedf538967c361598e98,denitration
anuragraj03__frame1131_jpg.rf.b5cbea66e4b12cb54b73738dda4c5b72,denitration
anuragraj03__frame1132_jpg.rf.b28b9ee04d87436ae0aa4b454a2298da,denitration
anuragraj03__frame1133_jpg.rf.5b20c2c7430d84ec347206ae2b7a3de4,denitration
anuragraj03__frame1134_jpg.rf.07851913de13becf370b4fb35bd16f78,denitration
anuragraj03__frame1135_jpg.rf.220412ed9fe988a4143d17180667579a,denitration
anuragraj03__frame1136_jpg.rf.d7049ef21407492d3057494b78163c2b,denitration
anuragraj03__frame1137_jpg.rf.47c50ff23409124a71aa8be8e0709759,denitration
anuragraj03__frame1138_jpg.rf.c8dbba5faf71f1ddc109d877d4903c35,denitration
anuragraj03__frame1139_jpg.rf.73dc25298caceec0dd263c066244e0c9,denitration
anuragraj03__frame1140_jpg.rf.5ecaec2896f2b459e2be107d4bef5451,denitration
anuragraj03__frame1141_jpg.rf.c9d0572770da44ae22306d7bb04a57e0,denitration
anuragraj03__frame1142_jpg.rf.97128be980963ca94c7cd5e5a4e5cf87,denitration
anuragraj03__frame1143_jpg.rf.cc24396f064b886e2e22c5ec1d1443f8,denitration
anuragraj03__frame1144_jpg.rf.35a045690b80a547215ac97672460467,denitration
anuragraj03__frame1145_jpg.rf.53d6e49453e2eaeb4ff15b47e6c1d7bb,denitration
anuragraj03__frame1146--2-_jpg.rf.1bf539944f8bcf5a9e977034e754bf07,denitration
anuragraj03__frame1147--2-_jpg.rf.964fc52f1894140f81e905ed4c0deafa,denitration
anuragraj03__frame1148--2-_jpg.rf.ed978cddf882bc4de4e95f94b03fc1bd,denitration
anuragraj03__frame1149--2-_jpg.rf.be85d6fc6d0696fe4fb440606e060ce4,denitration
anuragraj03__frame1150--2-_jpg.rf.84a15029468f1927ddc8297de584f735,denitration
anuragraj03__frame1151--2-_jpg.rf.760c1e3b83be7723a0840b0f96260900,denitration
anuragraj03__frame1152--2-_jpg.rf.f738f18e300434776e64d716163d9441,denitration
anuragraj03__frame1153--2-_jpg.rf.4815eea273557b71dccdebd5e92310a3,denitration
anuragraj03__frame1154--2-_jpg.rf.d848253f27f8c99027b53ac964a320ee,denitration
anuragraj03__frame1155--2-_jpg.rf.941c5a164dc43fed893476ec8e23f2ae,denitration
anuragraj03__frame1156--2-_jpg.rf.9fcdbab164dbd5c0f9224fa16defb5bb,denitration
anuragraj03__frame1157--2-_jpg.rf.57143ada9839b0c5ecde715207df4c0c,denitration
anuragraj03__frame1158--2-_jpg.rf.6cb734e5f9f380658cab20457f5a066b,denitration
anuragraj03__frame1159--2-_jpg.rf.a94266fe5b109608e51127ac87628c8e,denitration
anuragraj03__frame1160--2-_jpg.rf.6e953d4d9dd5b3182232968d55d788ea,denitration
anuragraj03__frame1161--2-_jpg.rf.ed62dd6dc9f21b367ec33f767f949962,denitration
anuragraj03__frame1162--2-_jpg.rf.937524708c502ae0cf12839ddaacacb7,denitration
anuragraj03__frame1163--2-_jpg.rf.1deac339280c07e5cc7dbdb36c789a2e,denitration
anuragraj03__frame1164--2-_jpg.rf.8a73fc9e5afbefaf2ed63429ebb83ad5,denitration
anuragraj03__frame1165--2-_jpg.rf.1b1dfc399900a1481acbe68c75f19245,denitration
anuragraj03__frame1166--2-_jpg.rf.8ef2433b335a4db71a9a0d1b8d068c2c,denitration
anuragraj03__frame1167_jpg.rf.3ad51fa8a6057529b5747cc5e9d26ba8,denitration
anuragraj03__frame1168_jpg.rf.a09045b9538f49c9f2ba3a508759b307,denitration
anuragraj03__frame1169_jpg.rf.0d008054615fcdb3aba1173ade3480df,denitration
anuragraj03__frame1170_jpg.rf.a761fbcf037618f92d2ba06f18b8c10f,denitration
anuragraj03__frame1171_jpg.rf.3d14035300f61b1823f10e0443dd5bf8,denitration
anuragraj03__frame1172_jpg.rf.82ef46cbddadfae82fea855c3385b080,denitration
anuragraj03__frame1173_jpg.rf.2f28e1c9afdf69087da1a526c79b8c71,denitration
anuragraj03__frame1174_jpg.rf.473944e666e9414b0649521a4bde224d,denitration
anuragraj03__frame1175_jpg.rf.203d140f71c1fe7a1943dd3e6992e037,denitration
anuragraj03__frame1176_jpg.rf.b71dae42fc4ebf61932b556841512ed9,denitration
anuragraj03__frame1177_jpg.rf.54fbdf35a88aaef22d5ef37347682502,denitration
anuragraj03__frame1178_jpg.rf.2afc4c76fa4f2c3b93ec65757678ecc7,denitration
anuragraj03__frame1179_jpg.rf.2b9306c37f6e2d315fc52e2c3e7ae232,denitration
anuragraj03__frame1180_jpg.rf.5653923e793123b9a2486e97ab9176f2,denitration
anuragraj03__frame1181_jpg.rf.0a2e95b32ef43356da4d7360de9dd498,denitration
anuragraj03__frame1181_jpg.rf.78ba2c66e852142ca5465277e4dff930,denitration
anuragraj03__frame1182_jpg.rf.3749ae2528a2603e64fb7087bb5d0d41,denitration
anuragraj03__frame1182_jpg.rf.5e7f9606cefb18b2bc3f7b2f545e91a1,denitration
anuragraj03__frame1183_jpg.rf.8da9eb4840d04bc8c3b93b74efd06ab0,denitration
anuragraj03__frame1183_jpg.rf.ffee75bfde81721affc403a51b5b88e6,denitration
anuragraj03__frame1184_jpg.rf.6d0413705f26e299666dc743ac89e8a8,denitration
anuragraj03__frame1184_jpg.rf.a845dea7fc580f58503dae9856b3e170,denitration
anuragraj03__frame1185_jpg.rf.6c5575bfa0735334b49352ebffe4d43e,denitration
anuragraj03__frame1185_jpg.rf.acc5ac9006b74a2eafbbacb0528aea2b,denitration
anuragraj03__frame1186_jpg.rf.07b637ec197850dfbbb7e7b939ef4606,denitration
anuragraj03__frame1186_jpg.rf.df8da12f483e7a0e3be833b0b8270f45,denitration
anuragraj03__frame1187_jpg.rf.35da304d12fa30d2302892378879145f,denitration
anuragraj03__frame1187_jpg.rf.c07cd15efda918ec2c62a2d6d3c907da,denitration
anuragraj03__frame1188_jpg.rf.2225bdfc2add4e740ac2f6af199171c6,denitration
anuragraj03__frame1188_jpg.rf.b1f523a9fa9ea4d877452497e2a502b1,denitration
anuragraj03__frame1189_jpg.rf.1253a1e4e24a1022c90d084438a67a73,denitration
anuragraj03__frame1189_jpg.rf.88df6a41e63335a3730c9f7fefc43afa,denitration
anuragraj03__frame1190_jpg.rf.280354542a5d73e0e076f61e6f3378b1,denitration
anuragraj03__frame1190_jpg.rf.4cb34cd20b1eb69fef6dc143460e3a3a,denitration
anuragraj03__frame1191_jpg.rf.1619b5018fee1de059ba348895acd187,denitration
anuragraj03__frame1191_jpg.rf.494aea048cb68c9551de287e3fa33bcc,denitration
anuragraj03__frame1192_jpg.rf.d22dd75b6a3c75db618be5aa5b03ba25,denitration
anuragraj03__frame1193_jpg.rf.64899e03ec1e25616f64ed1d6a088fc4,denitration
anuragraj03__frame1194_jpg.rf.0e1c8f9f270302511af636a09f54cee1,denitration
anuragraj03__frame1195_jpg.rf.0e91e3a2896254b4ec7fdd6636aad7cd,denitration
anuragraj03__frame1196_jpg.rf.00c0d7551a715b95e019510850274ce9,denitration
anuragraj03__frame1197--2-_jpg.rf.4c722b5095cc136d378a0b7d532518fe,denitration
anuragraj03__frame1198--2-_jpg.rf.ce7df3ab008ce0282828b67e262b5f64,denitration
anuragraj03__frame1199--2-_jpg.rf.30219f326e702c20bd128a8ded6997e7,denitration
anuragraj03__frame11_jpg.rf.f30a43defbc2627d0abeaed6fb2ab2fe,denitration
anuragraj03__frame1200--2-_jpg.rf.ac86a474bed3ae7a0d0870fc65568d40,denitration
anuragraj03__frame1201--2-_jpg.rf.0a40cb40718e64d91a61085592513998,denitration
anuragraj03__frame1202_jpg.rf.bc5fbff9b73e61abe4c0f9f0aa433e97,denitration
anuragraj03__frame1203_jpg.rf.fa5b013f0454c629ab27ce0f5fd73784,denitration
anuragraj03__frame1204_jpg.rf.711250e2f53a78f0e4daf3b7fbcdd263,denitration
anuragraj03__frame1205_jpg.rf.30c432da12ccfe49e96515133978511a,denitration
anuragraj03__frame1206_jpg.rf.6fcb45a7b728dd49bcdac724ee3b6150,denitration
anuragraj03__frame1207_jpg.rf.e707eb524450a1d87b18d7a0c931a41e,denitration
anuragraj03__frame1208_jpg.rf.76aae1c6d94adb8ef34e4e0bcf443f6f,denitration
anuragraj03__frame1209_jpg.rf.e8dde78c2fe2a16a90ef18eed84aa2f7,denitration
anuragraj03__frame1210_jpg.rf.1b5aa43d2b19dbeee2d1cb3acafdb1fb,denitration
anuragraj03__frame1211_jpg.rf.4f682d54d57a9d8899cfc68903c6ba8e,denitration
anuragraj03__frame1212_jpg.rf.c790c97c1f0424beb549150bed8ffc8d,denitration
anuragraj03__frame1213_jpg.rf.f61227ad13e5bad76e72a1b5e7f49ea3,denitration
anuragraj03__frame1214_jpg.rf.ae80937db80c85d6dd85475f40a6b250,denitration
anuragraj03__frame1215_jpg.rf.a3da648c4b84596a9e76a6adafd8bcff,denitration
anuragraj03__frame1216_jpg.rf.d2c19963c27a6a3f4aea347b32dddee5,denitration
anuragraj03__frame1217_jpg.rf.a2c0f6dc20f3425356ceaa3d2a62118f,denitration
anuragraj03__frame1218_jpg.rf.1b99c36bf9097116595cdab1910c5d01,denitration
anuragraj03__frame1219_jpg.rf.dcb93555d04fda0f0e62cef20d3a4740,denitration
anuragraj03__frame1220_jpg.rf.cbf49e9a8f9503d13106f0ab0524bf8f,denitration
anuragraj03__frame1221_jpg.rf.157dc3fffe9867ee9014d592340ec529,denitration
anuragraj03__frame1222_jpg.rf.f424e6d02213a6797c8ddfd5201c114d,denitration
anuragraj03__frame1223_jpg.rf.dc52e62422f682d5ca862ff822e8d5a8,denitration
anuragraj03__frame1224_jpg.rf.0a1a10e12a4afea451a28b7418307f4e,denitration
anuragraj03__frame1225_jpg.rf.4f90e176aa082c56a445a5613090dc6f,denitration
anuragraj03__frame1226_jpg.rf.031743e04d72ef76d686853641b5d222,denitration
anuragraj03__frame1227_jpg.rf.e0cf6e7e8e6c547ec0fcf5d423286a1e,denitration
anuragraj03__frame1228_jpg.rf.81b748f64562054c33c247bba3173a8b,denitration
anuragraj03__frame1229_jpg.rf.991b2b89899450385e606691c213ae03,denitration
anuragraj03__frame1230_jpg.rf.2eaa2c75bfb1e9a83ecf4b646939e105,denitration
anuragraj03__frame1231_jpg.rf.ea84de46c7cb2e50fbff29c6d08f8944,denitration
anuragraj03__frame1232_jpg.rf.ebf1123f75872359899033ea452c9fd8,denitration
anuragraj03__frame1233_jpg.rf.b2ccb3c075193f88793e2bd0d3195eaa,denitration
anuragraj03__frame1234_jpg.rf.5219c16f19f3647e2551a7103f63b766,denitration
anuragraj03__frame1235_jpg.rf.db0edb2bdeba9ab0a7dbca39a36291a1,denitration
anuragraj03__frame1236_jpg.rf.c7844650fedbb6376f15c59d4a26c07f,denitration
anuragraj03__frame1237_jpg.rf.09cb2ffbe8beba0f1420f2f77879fe03,denitration
anuragraj03__frame1238_jpg.rf.94778f0b47debe180d8c2c8a21e2daa9,denitration
anuragraj03__frame1239_jpg.rf.bf7ce1073f5e00660a4dd4b436d15273,denitration
anuragraj03__frame1240_jpg.rf.4176b0b74a450ced6a7dc10421d8fde6,denitration
anuragraj03__frame1241_jpg.rf.3f4b841382dadd776d2671c96327eca6,denitration
anuragraj03__frame1242_jpg.rf.65db504ee205b0a5326d5e1efe514df7,denitration
anuragraj03__frame1243_jpg.rf.8e26f34d938df8a417ec11d91eb100c4,denitration
anuragraj03__frame1244_jpg.rf.34954daf6cb75028c06c84b1d1872de9,denitration
anuragraj03__frame1245_jpg.rf.9733dc7b588d5affda2420bc5e36f5ba,denitration
anuragraj03__frame1246_jpg.rf.3c6218d5bf78c820d64cd52c68a19edc,denitration
anuragraj03__frame1247_jpg.rf.abcc2371cf8f19d76317b95f2678d1da,denitration
anuragraj03__frame1248_jpg.rf.35e77cc4c884e99a1370f45031863970,denitration
anuragraj03__frame1249_jpg.rf.61e6471db6c2f89b8bd5a47a54e90702,denitration
anuragraj03__frame1250_jpg.rf.809a22e435439f3e52a963b5edcb4cec,denitration
anuragraj03__frame1251_jpg.rf.77419009522a3fe96ede70c3764fa486,denitration
anuragraj03__frame1252_jpg.rf.d45c3081185a952e9d5950f9d3b51d2d,denitration
anuragraj03__frame1253_jpg.rf.a2d648b97587c9f5c62e843eb7d23ade,denitration
anuragraj03__frame1254_jpg.rf.4e1b2ba967856723857f51d91a2d4abb,denitration
anuragraj03__frame1255_jpg.rf.1e9f0baf3b03d0bf9a07d2bc600284dc,denitration
anuragraj03__frame1256_jpg.rf.bba7612d1665bfe16c7e75b5477880e6,denitration
anuragraj03__frame1257_jpg.rf.303433e7d4a9b5e0d5bc9bf3047cb513,denitration
anuragraj03__frame1258_jpg.rf.4dd40defdf3e41248645780c5d8f08d1,denitration
anuragraj03__frame1259_jpg.rf.f2282926d752baf888395e18a322c7a0,denitration
anuragraj03__frame1260_jpg.rf.0ae4be25459ca12ca415e91819d7e41e,denitration
anuragraj03__frame1261_jpg.rf.77e7e830c04cf5bdc8d4a8c818181725,denitration
anuragraj03__frame1262_jpg.rf.db093d7717221ae42f44f3ba070d7b11,denitration
anuragraj03__frame1263_jpg.rf.5f8568dfad8edc5b00a5331ce2ab0fd2,denitration
anuragraj03__frame1264_jpg.rf.dd97d262565e72a31acf0418a1d421ad,denitration
anuragraj03__frame1265_jpg.rf.824f5541f98a84d17ec7f13b83aa2e4e,denitration
anuragraj03__frame1266_jpg.rf.2a6b97451274bd1fa8b48efd0fa4be4f,denitration
anuragraj03__frame1267_jpg.rf.27329bd5768853b035b70d9648bd407b,denitration
anuragraj03__frame1268_jpg.rf.7074eac2dc2f0d4ae559e1dd48df859d,denitration
anuragraj03__frame1269_jpg.rf.a9d0dc200f02fd25ed0df7fc6c48e3db,denitration
anuragraj03__frame1270_jpg.rf.75325ca1acf066fafa864a24628bb471,denitration
anuragraj03__frame1271_jpg.rf.7917cf74e5440a148a17f946792fe12e,denitration
anuragraj03__frame1272_jpg.rf.eff1f4a804edf00bc11188456700dd4b,denitration
anuragraj03__frame1273_jpg.rf.0e64578c0b6700fb886d7c88941c21a7,denitration
anuragraj03__frame1274_jpg.rf.1c1bdeab90cee11ef5de1a97eb8861bc,denitration
anuragraj03__frame1275_jpg.rf.0bb1ec02461ff399337a586ef8d6b9e6,denitration
anuragraj03__frame1276_jpg.rf.6bf6e531562e6528d18e5c4082c0aea0,denitration
anuragraj03__frame1277_jpg.rf.38fa9ba622eea08e13983d6f2128bceb,denitration
anuragraj03__frame1278_jpg.rf.1a09f9b35372f77cea36dea948a98805,denitration
anuragraj03__frame1279_jpg.rf.cd6ac373df2a919c911e6b249c84456a,denitration
anuragraj03__frame1280_jpg.rf.0f008cb54517b5d49fe9755ab59fe747,denitration
anuragraj03__frame1281_jpg.rf.c18fa769ae34dfa10fbbff01aa500312,denitration
anuragraj03__frame1282_jpg.rf.63c37185588e51c908929fbbf1effbf7,denitration
anuragraj03__frame1283_jpg.rf.5d34db357851e2089f9e8fce7d926bf4,denitration
anuragraj03__frame1284_jpg.rf.027e573f0e82d0306026ef1f124c7216,denitration
anuragraj03__frame1285_jpg.rf.831ec015614af92bb8698f50bd1aea12,denitration
anuragraj03__frame1286_jpg.rf.21abc65d8a95f16aab7ca5b3a4112d51,denitration
anuragraj03__frame1287--2-_jpg.rf.7f891a5db46b9c1f0c0dccd0ae70bc5a,denitration
anuragraj03__frame1288--2-_jpg.rf.dbd5d75e76305143e181ff3546de4f33,denitration
anuragraj03__frame1289--2-_jpg.rf.ab1014135813d45fadc75e7a1a10b545,denitration
anuragraj03__frame1290--2-_jpg.rf.6052e310388afd65b3a8eaf196a52975,denitration
anuragraj03__frame1291--3-_jpg.rf.bd118927d8cb6269e3039c52213a5c36,unknown
anuragraj03__frame1292--3-_jpg.rf.32fa274d244942e2f4215afe7a13c3ad,unknown
anuragraj03__frame1293--2-_jpg.rf.07b15406088539c6388aaa1d3164f7ce,denitration
anuragraj03__frame1294--2-_jpg.rf.3c757de2d57e259aefed5793df49226f,denitration
anuragraj03__frame1295--2-_jpg.rf.fba36ce4e608b41ed26ed8ca5456ee56,denitration
anuragraj03__frame1296--2-_jpg.rf.696b384a241c1592885a07bc8caf45b2,denitration
anuragraj03__frame1297--2-_jpg.rf.bc787d6c0b942694c05543b8797e7680,denitration
anuragraj03__frame1298--2-_jpg.rf.ac539e9c69eae1ef88e9e022aa5b5fbf,denitration
anuragraj03__frame1299--2-_jpg.rf.67ada0c57d71de437afc40cffedc8a7a,denitration
anuragraj03__frame12_jpg.rf.a5aba0a9cc199470357828ef8f6eb3fa,denitration
anuragraj03__frame1300--2-_jpg.rf.40d291181d8b08ff88e60c119168de63,denitration
anuragraj03__frame1301--2-_jpg.rf.7c73b20bdd1cccbec7af8ee7df5ab2f6,denitration
anuragraj03__frame1302--2-_jpg.rf.ff7df516487b805431cbbdada9e54b97,denitration
anuragraj03__frame1303--2-_jpg.rf.a137ac06dbf4a168a15a3568afb54066,denitration
anuragraj03__frame1317_jpg.rf.a8eaf886cd5e409034a8f2ce811ae40a,denitration
anuragraj03__frame1318_jpg.rf.5890ca5b024e8739030130b73d613008,denitration
anuragraj03__frame1319_jpg.rf.58689b43333732cde1d0f350d923fa48,denitration
anuragraj03__frame1320_jpg.rf.12e69dc0b7262c9b1cff435a42314e6b,denitration
anuragraj03__frame1321_jpg.rf.153c906224f414b44f08230fb356c035,denitration
anuragraj03__frame1322_jpg.rf.ad75fa9a4c75915fb6abc78b85ac37cf,denitration
anuragraj03__frame1323_jpg.rf.ae8e9fe6d881f209ce0410ad1390fa14,denitration
anuragraj03__frame1324_jpg.rf.c8c6e05335e114cf1f484734e14de441,denitration
anuragraj03__frame1325_jpg.rf.3162aadd4473c957007ef9bdb5ba0fae,denitration
anuragraj03__frame1326_jpg.rf.77e09b582056ab07b69f82b8070bb825,denitration
anuragraj03__frame1327_jpg.rf.f483ccf9e97fecb34cbcaffcca4f4fc3,denitration
anuragraj03__frame1328_jpg.rf.ee11abdda456a5b249acf3f93b09b2b9,denitration
anuragraj03__frame1329_jpg.rf.6d08c0f5fde6926f3811aa2a3229cbca,denitration
anuragraj03__frame1330_jpg.rf.cb873976e6a34dec37ba9288f77e4d3c,denitration
anuragraj03__frame1331_jpg.rf.19994a5a8fae3cd5c3f6b5a2897c3785,denitration
anuragraj03__frame1332_jpg.rf.f11273d3fed8da1eac462fadf423e55c,denitration
anuragraj03__frame1333_jpg.rf.25a4bcd92811fdb232a1863c67967c8c,denitration
anuragraj03__frame1334_jpg.rf.fde77d7dde8af148297e6e3069870459,denitration
anuragraj03__frame1335_jpg.rf.09ce4260b19917f517922c1ae03bda57,denitration
anuragraj03__frame1336_jpg.rf.c8ecf8bc5e10992d2e50a505b41d6dcc,denitration
anuragraj03__frame1349_jpg.rf.f44a3ed96079e40c30c2eef771a2ae52,denitration
anuragraj03__frame1350_jpg.rf.ebcce6cc8319e17768b084403f2a5666,denitration
anuragraj03__frame1351_jpg.rf.efb8d3739ccfcb9b1fb17ade6855a422,denitration
anuragraj03__frame1352_jpg.rf.52bce4942880c5bd09ef18f01facae17,denitration
anuragraj03__frame1353_jpg.rf.12199867afdecf1537e337880474d987,denitration
anuragraj03__frame1354_jpg.rf.a81d71f6655c69f1eb159ea1042e156f,denitration
anuragraj03__frame1355_jpg.rf.9d1df07981cfe5748f2fd164c506a7eb,denitration
anuragraj03__frame1356_jpg.rf.44bb80f08bcd5697de17c3eab759e1a8,denitration
anuragraj03__frame1357_jpg.rf.ce7baebb1ed4b280315f46904500464f,denitration
anuragraj03__frame1358_jpg.rf.79f061d24369b7d6cef335d513295f08,denitration
anuragraj03__frame1359_jpg.rf.8281c18bbeb0d2f03b5fff3f5215dbb2,denitration
anuragraj03__frame1360_jpg.rf.0b8553a5f383b4589d4a39c4f8c0a452,denitration
anuragraj03__frame1361_jpg.rf.0ed064b2ac4ee62105e33ac3a5adc32a,denitration
anuragraj03__frame1362_jpg.rf.a37ad47c64601428c513966dcb667afe,denitration
anuragraj03__frame1363_jpg.rf.21360c838c883db72a15ffa047e20459,denitration
anuragraj03__frame1364_jpg.rf.b1f3f9c23e4d85340bd0e0275f4027a4,denitration
anuragraj03__frame1365_jpg.rf.b81d73e422f48c62f7f52e18e0591dac,denitration
anuragraj03__frame1366_jpg.rf.434df71178b22f12a4b917331225cd63,denitration
anuragraj03__frame1367_jpg.rf.ceaa3f3b2572841afa3486e48a3470ef,denitration
anuragraj03__frame1368_jpg.rf.33010fb240b6c9bfbc9aa8c1f65ea23e,denitration
anuragraj03__frame1369_jpg.rf.8237976916705456b8c5eb5270be08b8,denitration
anuragraj03__frame1370_jpg.rf.8bd5bc7678228d9341f1f006ab953971,denitration
anuragraj03__frame1371_jpg.rf.e8b9915bc7e7ff7e69ec302b460b83fa,denitration
anuragraj03__frame1372_jpg.rf.4786b1bb1643431d37abbb5bca2f284b,denitration
anuragraj03__frame1373_jpg.rf.514a254853289be4efd03d1d7fcd0465,denitration
anuragraj03__frame1374_jpg.rf.480aacadc31b08f229fd22749b525d6e,denitration
anuragraj03__frame1375_jpg.rf.e19b6d2c8a1599d0d50449ca40992528,denitration
anuragraj03__frame1376_jpg.rf.2f4b5ce53a597fa68cf5731c8a7684ec,denitration
anuragraj03__frame1377_jpg.rf.64c462b01ce9fd6c9d5e0b719fd88ddb,denitration
anuragraj03__frame1378_jpg.rf.d4cb4f65371c852f10aefc75a6cbd2b7,denitration
anuragraj03__frame1379_jpg.rf.a8cfc6f567dd5f2cf8f02b1872ec56f1,denitration
anuragraj03__frame1380_jpg.rf.7ff484540a1660c6cdd8ad2332f0a8ee,denitration
anuragraj03__frame1381_jpg.rf.eb4cd663e8855ed2013c4c884eaa8aa7,denitration
anuragraj03__frame1382_jpg.rf.32176376e52c05b1943fc3850d90a630,denitration
anuragraj03__frame1383_jpg.rf.06c432698a280caed6d125a250187a37,denitration
anuragraj03__frame1384_jpg.rf.7df997496e5e0df0c19e876b2c0a56a4,denitration
anuragraj03__frame1385_jpg.rf.ee4c7de5e515bbbbcccdf39ac9898bed,denitration
anuragraj03__frame1386_jpg.rf.3404752f500478ac1103b275ad8ecb6e,denitration
anuragraj03__frame148--2-_jpg.rf.f907dda574ee824a5ac8ce6149859e8f,denitration
anuragraj03__frame149_jpg.rf.e2af949666a3b02d9ad05a9f1fc98cd9,denitration
anuragraj03__frame1508_jpg.rf.1b5f6545222a18812f70c773f9b0a8d5,denitration
anuragraj03__frame1509_jpg.rf.e92b34d1f26323835667aba1de747ec2,denitration
anuragraj03__frame150_jpg.rf.5eeba7985ca42caa07b65e4fde4854c8,denitration
anuragraj03__frame1510_jpg.rf.5a88d787235fa8f597a5dd9b7dbc99cf,denitration
anuragraj03__frame1511_jpg.rf.d30baad719c82b14d9b6d8a59a3ea89b,denitration
anuragraj03__frame1512_jpg.rf.0c5f2c36cdda6310287b25a38b07979b,denitration
anuragraj03__frame1513_jpg.rf.aaa4258bf734c771a0bfdc31eca20c4c,denitration
anuragraj03__frame1514_jpg.rf.7ad3a24918521f86b2966494a6423b72,denitration
anuragraj03__frame1515_jpg.rf.ef169ebbf337dd394e7c3135bd1f29ae,denitration
anuragraj03__frame151_jpg.rf.0847efe30142bdde8aa84fc0c9aae533,denitration
anuragraj03__frame152_jpg.rf.93487af8074287d96b3ed7e050b57ecb,denitration
anuragraj03__frame2649--2-_jpg.rf.f80ddcb3fd266da5414afa98a877e5de,denitration
anuragraj03__frame2650_jpg.rf.6a2fbab2bae008664be35ca11a1783dd,denitration
anuragraj03__frame2827_jpg.rf.3f02e6971d98e4947c58b1bb9ff4fe34,denitration
anuragraj03__frame2828_jpg.rf.f714847a3dad7a4ea795bcb626eb9e26,denitration
anuragraj03__frame2829_jpg.rf.28be1eae847a1a6e8704eed217f8bc5f,denitration
anuragraj03__frame2830_jpg.rf.c5cc8b3a119f00569604b682f487567b,denitration
anuragraj03__frame2831_jpg.rf.8ac8ce3430e1959d7fa1142a5df04675,denitration
anuragraj03__frame2832_jpg.rf.78c1f57aef0da82f346266968e82fa56,denitration
anuragraj03__frame2833_jpg.rf.538012319d07a75f2bfca1e0673c924a,denitration
anuragraj03__frame2834_jpg.rf.2ca419a878023ee4072a5fd925046687,denitration
anuragraj03__frame2835_jpg.rf.3f9abf3cbdf0035753013330eff10ce9,denitration
anuragraj03__frame2836_jpg.rf.380e13a6658cc770ebe21a23a9bf8f52,denitration
anuragraj03__frame2837_jpg.rf.9c2e1f885c6ad4cf86a03107626654e9,denitration
anuragraj03__frame2838_jpg.rf.83ed9a9759d71e1414ef0ab365a719e8,denitration
anuragraj03__frame2864_jpg.rf.aaddbf6265afdec396d8746f57a394cc,denitration
anuragraj03__frame2865_jpg.rf.744eba8c5cd6cf7df44dba9c0ce7aa66,denitration
anuragraj03__frame2866_jpg.rf.9e2f697337328c8201d43492f765bcab,denitration
anuragraj03__frame2867_jpg.rf.6385a24aba9b64b23be553d5fac00dde,denitration
anuragraj03__frame2868_jpg.rf.afceb4b8d5256d03ac0d2389961f778e,denitration
anuragraj03__frame2869_jpg.rf.0e4122d7e9ee539be9e883ee876c3328,denitration
anuragraj03__frame2870_jpg.rf.7c383d5f87b163b097673960a24e7af4,denitration
anuragraj03__frame2871_jpg.rf.302ee467bcf4dc6addf690a370bf5dbe,denitration
anuragraj03__frame2872_jpg.rf.027acb2d92c4020b47738b0dcd9c20c7,denitration
anuragraj03__frame2873_jpg.rf.fdaf15bb19b8e38bcea4903a13948ff0,denitration
anuragraj03__frame2874_jpg.rf.0bb15af3a60c10661277e1dcc806fbbd,denitration
anuragraj03__frame2875_jpg.rf.d7c76462b378629a600675b8ab92b8a2,denitration
anuragraj03__frame2986_jpg.rf.c14e6ff3fda07d410fe5d438b15b52da,denitration
anuragraj03__frame2987_jpg.rf.55c219bb436e911a835d898126ec73f9,denitration
anuragraj03__frame2988_jpg.rf.8aff9b52d4321e2f7b7b546e25dc5b45,denitration
anuragraj03__frame2989_jpg.rf.39e773a624ee270b2d6822e5a4093795,denitration
anuragraj03__frame2990_jpg.rf.6914877809f233ebe424797ea9986208,denitration
anuragraj03__frame2991_jpg.rf.6df3d387778d3a28fbb2570d284e3a81,denitration
anuragraj03__frame2992_jpg.rf.4a85e1d61b0b45f16e8b2073952ed3d5,denitration
anuragraj03__frame2993_jpg.rf.ed15e289604d3a7ef545c3a5e77e7b6d,denitration
anuragraj03__frame3746_jpg.rf.dac0a2607c2732cb023622cd4be9acc1,denitration
anuragraj03__frame3747_jpg.rf.22bf5d5dac9d98c9e96f18432e0774c1,denitration
anuragraj03__frame3748_jpg.rf.5438a5cc065f75dd0f50d77ac72d7e40,denitration
anuragraj03__frame3749_jpg.rf.dcf045c83382ba45f07d7a6a9ded0b3a,denitration
anuragraj03__frame3750_jpg.rf.c36d40006a53fe6f4b385c6fe724a4c2,denitration
anuragraj03__frame3751_jpg.rf.9878899a156b68d77d87b904b3333847,denitration
anuragraj03__frame3752_jpg.rf.f9d82a1491f94a8d1e3e99513e7ca5c5,denitration
anuragraj03__frame3753_jpg.rf.6823909ccbfea99a97dbfbf6143c7800,denitration
anuragraj03__frame3754_jpg.rf.82291911f6bc3563c8b8ff99171a6f68,denitration
anuragraj03__frame3755_jpg.rf.63dbf166aefd3de808733d5f4d93c06b,denitration
anuragraj03__frame3756_jpg.rf.b82f22a897753de20affe92dd42f2f92,denitration
anuragraj03__frame3757_jpg.rf.33617ea6a96c7e48e800bc60f74efc1b,denitration
anuragraj03__frame3758_jpg.rf.9843916d1c4c5974cc308cff3581ebc6,denitration
anuragraj03__frame3759_jpg.rf.31ac3a46141d24fdf661892a9214a84d,denitration
anuragraj03__frame3760_jpg.rf.b4e6241904c2bd3499a342ba26e08a7d,denitration
anuragraj03__frame3761_jpg.rf.2c7a349a2eb88a482cc7353bd0923cfe,denitration
anuragraj03__frame3762_jpg.rf.d894d82d02be7a7434b1721dfcb86355,denitration
anuragraj03__frame3763_jpg.rf.6b320268149679e1444164a1d00fe68a,denitration
anuragraj03__frame3764_jpg.rf.2a2f2743c4806e7d90ef2b9d327f2ae7,denitration
anuragraj03__frame3765_jpg.rf.8ef78a832de561e870b6b4ca43299f0e,denitration
anuragraj03__frame3766_jpg.rf.a193aea1c65f99fd197e210d96afd17d,denitration
anuragraj03__frame3767_jpg.rf.e3a5d77a83eeac886d730a5365b32472,denitration
anuragraj03__frame3768_jpg.rf.a16186b3e0c12edfd5f7ebc0ba4fc6c7,denitration
anuragraj03__frame3769_jpg.rf.a9cbf0f98abe7f81ef430c52fbf2b1ff,denitration
anuragraj03__frame3770_jpg.rf.569c19f8bffeae688ef519214fe5f07c,denitration
anuragraj03__frame3771_jpg.rf.cf7bf8f568a5c70a2de2bf5d294967c2,denitration
anuragraj03__frame3772_jpg.rf.c4a044ee391ce3c37112c055a3bf09d8,denitration
anuragraj03__frame3773_jpg.rf.8243a28ef2fe0c052ccb91af6a0d88ad,denitration
anuragraj03__frame3774_jpg.rf.35ff3b072f2669290eee17b1c1c42978,denitration
anuragraj03__frame3775_jpg.rf.b689d72b0ab14bdfc200b33eba516fd2,denitration
anuragraj03__frame3776_jpg.rf.7de222ce8ae36795b32d58a290d5f4da,denitration
anuragraj03__frame3777_jpg.rf.05fab1dabe4e110c89ca84a7dea96a11,denitration
anuragraj03__frame3778_jpg.rf.4687a41e400ba9326269b28af184bcc6,denitration
anuragraj03__frame3779_jpg.rf.69a8e63e1a52123c6f77cb203882b602,denitration
anuragraj03__frame3780_jpg.rf.4aa00d6d413bb72ea79c05774681d536,denitration
anuragraj03__frame3781_jpg.rf.116b93b578ae2c29d8e5a75bf60daece,denitration
anuragraj03__frame3782_jpg.rf.2c4022dc4a16b0ea54b208bf725c035b,denitration
anuragraj03__frame3783_jpg.rf.7e72d8348542e817df88ec562b00483b,denitration
anuragraj03__frame3784_jpg.rf.d4a8891c0eb8e99f0ad19e9969e9bb37,denitration
anuragraj03__frame3785_jpg.rf.06950c0effa10598733ed7d07356f748,denitration
anuragraj03__frame3786_jpg.rf.72dc00652eaeb982dceee55f92ca6b73,denitration
anuragraj03__frame3787_jpg.rf.f313dc46af9cd18d0aa8601247c82533,denitration
anuragraj03__frame3788_jpg.rf.2e798b988f3ba4830053e803e41e79ab,denitration
anuragraj03__frame3789_jpg.rf.7101d4fd37d34001ce0161b202167ba7,denitration
anuragraj03__frame3790_jpg.rf.dba719bc4de49b060b31708fd0da0b1d,denitration
anuragraj03__frame3791_jpg.rf.4bfe858b0c1db54fe6cee33266ba541f,denitration
anuragraj03__frame3792_jpg.rf.4d3a58836bec0e8f8a662e66beee3529,denitration
anuragraj03__frame3793_jpg.rf.8efef86bebefd70a4ecd370afd3df169,denitration
anuragraj03__frame3794_jpg.rf.bbe6c74ff776b4b27000fbf552033dc0,denitration
anuragraj03__frame3795_jpg.rf.54623469aef53e3b7c9ed609bcaab611,denitration
anuragraj03__frame3796_jpg.rf.abef04dfd7588e74ac7a295612f6752c,denitration
anuragraj03__frame3797_jpg.rf.77a28a1afdcdca23095464cbacad503f,denitration
anuragraj03__frame3798_jpg.rf.0fdd4428107230bf65aa795f5b8c2324,denitration
anuragraj03__frame3799_jpg.rf.f7dcd7e1f928743ca6b280783bd994fc,denitration
anuragraj03__frame3800_jpg.rf.b5957f642eae7153345809fc2663859a,denitration
anuragraj03__frame3801_jpg.rf.aadcca479a06e17c1706459c0f8bd82a,denitration
anuragraj03__frame3802_jpg.rf.756af24a1da72e90bd37d0130cbcc8c8,denitration
anuragraj03__frame3803_jpg.rf.2694c88dfe07e094c003d0ab850321f7,denitration
anuragraj03__frame3804_jpg.rf.a9c9c9f9fd3c6510faf9a1d6dc7dc970,denitration
anuragraj03__frame3805_jpg.rf.12ff76bfc4be7039e66c1b1cb0773e51,denitration
anuragraj03__frame3806_jpg.rf.3960f9769201e956a09cde319308eb13,denitration
anuragraj03__frame3807_jpg.rf.bb7648ced9fb66048c83500c9f5973e2,denitration
anuragraj03__frame3808_jpg.rf.b8d926a2627b430ce68baa06511404de,denitration
anuragraj03__frame3809_jpg.rf.322523d373dd6af227b350f8930ab26c,denitration
anuragraj03__frame3810_jpg.rf.e9fc8bf7433d2a6e4cf1c768251c43f6,denitration
anuragraj03__frame3811_jpg.rf.52579dcc808a6ee79d83b5b8aebd8ffc,denitration
anuragraj03__frame3812_jpg.rf.b5bc838252f3064467dc7f9f1e6c441a,denitration
anuragraj03__frame3813_jpg.rf.0a3d2f4e42121474223960181f860c3f,denitration
anuragraj03__frame3814_jpg.rf.7eba9bbaecce8980a36f530d8a0c50f5,denitration
anuragraj03__frame3815_jpg.rf.1911e34964b01253fdb5b7ebf724c612,denitration
anuragraj03__frame3816_jpg.rf.baef53e71edd48f29676d4b79f943f55,denitration
anuragraj03__frame3817_jpg.rf.11ed427b8204fc8d569a5f22a16f15ed,denitration
anuragraj03__frame3818_jpg.rf.ec4ec037549e2c8ac8483b2c1857e140,denitration
anuragraj03__frame3819_jpg.rf.d6131b662f2d810a57856898280ddb81,denitration
anuragraj03__frame3820_jpg.rf.a7bdedfe73e1cfca8cb90cf681cbd74d,denitration
anuragraj03__frame3821_jpg.rf.0e5375c6b7bfd5e12b48579cb22d9c76,denitration
anuragraj03__frame3822_jpg.rf.bcf28fa8e23692458028a8a69f9a0f76,denitration
anuragraj03__frame3823_jpg.rf.03b3cb0307048aa204e7d73ed00fac66,denitration
anuragraj03__frame3824_jpg.rf.9109b1806f0704df588087e14c823a8f,denitration
anuragraj03__frame3825_jpg.rf.6d02237cba7bb205d782f1ea5393f77e,denitration
anuragraj03__frame3826_jpg.rf.4dac22449af50a23a98d6c9fbb66dcae,denitration
anuragraj03__frame3827_jpg.rf.dcfa58340553bf175ee472797d18a470,denitration
anuragraj03__frame3828_jpg.rf.f945064e08a35dfb665839dd459a66c2,denitration
anuragraj03__frame3829_jpg.rf.b44a6cac7994d77030b9eb3f1e2f692d,denitration
anuragraj03__frame3830_jpg.rf.f862b106560c70781f28e725b0831282,denitration
anuragraj03__frame3831_jpg.rf.fc161f35152fe363738a9f34028e5d11,denitration
anuragraj03__frame3832_jpg.rf.824f6970696889fce6785e18eeae49b2,denitration
anuragraj03__frame3833_jpg.rf.b85703782576c6fc9d89e4ce33848746,denitration
anuragraj03__frame3834_jpg.rf.909082316a16138b621e1c1fd44be785,denitration
anuragraj03__frame3835_jpg.rf.7cb27e9dac2c6aa3a4e726403010481f,denitration
anuragraj03__frame3836_jpg.rf.6a1901a6a32c55e8853da3bd0a2cdb70,denitration
anuragraj03__frame3837_jpg.rf.4682ee950c4b98d5150631e2f0c12764,denitration
anuragraj03__frame3838_jpg.rf.c6271d3ee6fc98498046107f808a42bc,denitration
anuragraj03__frame3839_jpg.rf.0160592528afcd5530dbc5c89be9f246,denitration
anuragraj03__frame3840_jpg.rf.0aae250f39a8e56f6b373b0de3f26573,denitration
anuragraj03__frame3841_jpg.rf.e3b89583dcc0630c7a8b8a0ee1be1850,denitration
anuragraj03__frame3842_jpg.rf.dae8acf766ac35be214f63fcf4cb6fa4,denitration
anuragraj03__frame3843_jpg.rf.27c538416ea0749625a00a97be8884fb,denitration
anuragraj03__frame3844_jpg.rf.c0aa8302aac457f806a53050060cac5b,denitration
anuragraj03__frame3845_jpg.rf.79b997590cb5013488986a89a888d1f3,denitration
anuragraj03__frame3934_jpg.rf.a6f730704c2a2ce203f4281289d4ba3d,denitration
anuragraj03__frame3935_jpg.rf.e314e89f1a92ffc11cc2919465129cc6,denitration
anuragraj03__frame3936_jpg.rf.76849cd671734bcd910583d28e8339d3,denitration
anuragraj03__frame3937_jpg.rf.358dff204dedf36226d6f96b73374307,denitration
anuragraj03__frame3938_jpg.rf.b2ceacb3c9835737485d7f030e0e5b58,denitration
anuragraj03__frame3939_jpg.rf.9bd01c22e32a60fc7d78af59ddf0f2aa,denitration
anuragraj03__frame3940_jpg.rf.d25b9dca1826801b01705ef7a171b350,denitration
anuragraj03__frame3941_jpg.rf.3000417e9fae011ff4dca92cfb91e079,denitration
anuragraj03__frame3942_jpg.rf.6887863e55fb42992ae1fc1c65aec4c7,denitration
anuragraj03__frame3943_jpg.rf.b3048e6318930a68db6d339f978c588c,denitration
anuragraj03__frame3944_jpg.rf.b1663fa937ed710ec72c142281561ca2,denitration
anuragraj03__frame477_jpg.rf.015ba21b6043ad4b30991cab3f6d53aa,denitration
anuragraj03__frame478_jpg.rf.f733e8f564737b7187e403723bab17e2,denitration
anuragraj03__frame479_jpg.rf.30dd3a2d7a23cc4d8200c854db62282e,denitration
anuragraj03__frame480_jpg.rf.d37e6444dda4f0f0597f067398e2f736,denitration
anuragraj03__frame481_jpg.rf.fa055b06157c3385855a2877c65b153d,denitration
anuragraj03__frame545_jpg.rf.c410b0db10175217c370de5902f77e7f,denitration
anuragraj03__frame546_jpg.rf.97009f7dc10e9a53bb667472bfd25e31,denitration
anuragraj03__frame547_jpg.rf.bc7c56077635ed42971429c7880a79c4,denitration
anuragraj03__frame548_jpg.rf.23b7ad0d09b270a959ffc6c93f263617,denitration
anuragraj03__frame549_jpg.rf.dcde48fd64fe9f8e288c62f4b4483db3,denitration
anuragraj03__frame550_jpg.rf.dbb437e4a9d5bf661816c480cb7277ee,denitration
anuragraj03__frame551_jpg.rf.e89eaf5ea75a28eaae60cefefdd18a95,denitration
anuragraj03__frame552_jpg.rf.29cb6e718e9a5d23cf831435fcde4bbd,denitration
anuragraj03__frame553_jpg.rf.d26dbbdaf552ed127076d1f96a6f559c,denitration
anuragraj03__frame554_jpg.rf.3b9133a7e586eb8a528fe2f2f006c66d,denitration
anuragraj03__frame555_jpg.rf.903c61dcd54d66bd56a4e7819687ecf1,denitration
anuragraj03__frame556_jpg.rf.cfec49c9278135e52680717eb7b91a8b,denitration
anuragraj03__frame557_jpg.rf.3bec392d4485429cb99ab1b787d51bc9,denitration
anuragraj03__frame558_jpg.rf.34dbc9297b8d7734b35abb4aac6d9550,denitration
anuragraj03__frame559_jpg.rf.c3099f2d0157bb54dacb904117080337,denitration
